[{"NIM":"171401001","PRODI":"821","TGL_REGISTRASI":"2017-05-30","KATEGORI":"S-1","NAMA":"Sayyid Sabiq Sm Rambe","TGL_LAHIR":"2000-09-02","JENIS_KELAMIN":"L","ALAMAT":"DUSUN IV JL.SERAYU  MEDAN KRIO","EMAIL":"sayyidsabiq692@gmail.com","TELP":"082274170659","EXPIRED":null},{"NIM":"171401002","PRODI":"821","TGL_REGISTRASI":"2017-05-30","KATEGORI":"S-1","NAMA":"Avinda Deviana","TGL_LAHIR":"1999-09-16","JENIS_KELAMIN":"P","ALAMAT":"Jl. Pinang Baris Komp. Pinang Baris Permai Blok Lestari No. 10 Kelurahan Sunggal Kecamatan Medan Sunggal","EMAIL":"avindadeviana1609@gmail.com","TELP":"082165608375","EXPIRED":null},{"NIM":"171401003","PRODI":"821","TGL_REGISTRASI":"2017-06-05","KATEGORI":"S-1","NAMA":"Nurul Azizah Daulay","TGL_LAHIR":"1999-06-08","JENIS_KELAMIN":"P","ALAMAT":"JL. ISTIQOMAH GG MEKAR NO 88A","EMAIL":"nuruldaulay08@gmail.com","TELP":"","EXPIRED":null},{"NIM":"171401004","PRODI":"821","TGL_REGISTRASI":"2017-05-30","KATEGORI":"S-1","NAMA":"Samuel Harwintha Hamonangan Sinaga","TGL_LAHIR":"1999-04-17","JENIS_KELAMIN":"L","ALAMAT":"DUSUN XII DOS ROHA Pasar Melintang No. 68b","EMAIL":"samuelharwintha99@gmail.com","TELP":"082217588512","EXPIRED":null},{"NIM":"171401005","PRODI":"821","TGL_REGISTRASI":"2017-05-30","KATEGORI":"S-1","NAMA":"Arief Lasmono","TGL_LAHIR":"1999-05-26","JENIS_KELAMIN":"L","ALAMAT":"Jl. Marelan II Pasar IV Timur Gg. Arjuna No. 99 Kel. Rengas Pulau, Kec. Medan Marelan","EMAIL":"aariefflasmono@gmail.com","TELP":"081377184976","EXPIRED":null},{"NIM":"171401006","PRODI":"821","TGL_REGISTRASI":"2017-05-30","KATEGORI":"S-1","NAMA":"Fadhli Ibrahim Siregar","TGL_LAHIR":"1999-10-12","JENIS_KELAMIN":"L","ALAMAT":"Jalan Ikan Gerapuh Lingkungan 2 Kelurahan Bunut Barat Kecamatan Kota Kisaran Barat","EMAIL":"fadhli1999siregar@gmail.com","TELP":"081362105781","EXPIRED":null},{"NIM":"171401007","PRODI":"821","TGL_REGISTRASI":"2017-05-30","KATEGORI":"S-1","NAMA":"Muhammad Purnomo Adji","TGL_LAHIR":"1999-05-19","JENIS_KELAMIN":"L","ALAMAT":"Jl. Karya Amal No. 26 A","EMAIL":"mpurnomoadji@gmail.com","TELP":"082394809305","EXPIRED":null},{"NIM":"171401008","PRODI":"821","TGL_REGISTRASI":"2017-05-30","KATEGORI":"S-1","NAMA":"Afifah Rianti","TGL_LAHIR":"2000-02-15","JENIS_KELAMIN":"P","ALAMAT":"Jl. Tempirai X Blok VII No. 142 Griya Martubung","EMAIL":"afifahrianti59@gmail.com","TELP":"081264565314","EXPIRED":null},{"NIM":"171401009","PRODI":"821","TGL_REGISTRASI":"2017-05-30","KATEGORI":"S-1","NAMA":"Ghina Handayani Siregar","TGL_LAHIR":"1999-06-09","JENIS_KELAMIN":"P","ALAMAT":"Desa Pasar Latong Kec. Lubuk Barumun","EMAIL":"ghina7463@gmail.com","TELP":"081260462783","EXPIRED":null},{"NIM":"171401010","PRODI":"821","TGL_REGISTRASI":"2017-05-30","KATEGORI":"S-1","NAMA":"Muhammad Diki Ardiansyah","TGL_LAHIR":"2000-02-06","JENIS_KELAMIN":"L","ALAMAT":"JL. MANUNGGAL KELURAHAN BANTAN KECAMATAN SIANTAR BARAT","EMAIL":"ikiardiansyah2000@gmail.com","TELP":"085761486102","EXPIRED":null},{"NIM":"171401011","PRODI":"821","TGL_REGISTRASI":"2017-05-30","KATEGORI":"S-1","NAMA":"Sintha Sintya Rani","TGL_LAHIR":"2000-02-22","JENIS_KELAMIN":"P","ALAMAT":"Dusun VI Mekar Hilir Desa Alur Gadung Kec. Sawit Seberang","EMAIL":"sintyarani1616@gmail.com","TELP":"082277091597","EXPIRED":null},{"NIM":"171401012","PRODI":"821","TGL_REGISTRASI":"2017-05-30","KATEGORI":"S-1","NAMA":"Bagus Setiawan","TGL_LAHIR":"2001-07-03","JENIS_KELAMIN":"L","ALAMAT":"Jl.Pintu Air IV Kolam Jaka Gg.Pelangi","EMAIL":"sbagus327@gmail.com","TELP":"082188033674","EXPIRED":null},{"NIM":"171401013","PRODI":"821","TGL_REGISTRASI":"2017-05-30","KATEGORI":"S-1","NAMA":"Muhammad Rivaldi Zulvie","TGL_LAHIR":"1999-06-16","JENIS_KELAMIN":"L","ALAMAT":"Lingkungan I Labuhan Ruku Kp. Terusan","EMAIL":"rivaldi885@gmail.com","TELP":"081362370311","EXPIRED":null},{"NIM":"171401014","PRODI":"821","TGL_REGISTRASI":"2017-05-30","KATEGORI":"S-1","NAMA":"Wahyu Hiskiel Sembiring","TGL_LAHIR":"1998-11-19","JENIS_KELAMIN":"L","ALAMAT":"DESA KINANGKONG, KECAMATAN LAU BALENG","EMAIL":"wahyu.hiskiel@gmail.com","TELP":"082368624565","EXPIRED":null},{"NIM":"171401015","PRODI":"821","TGL_REGISTRASI":"2017-05-30","KATEGORI":"S-1","NAMA":"Syarifah Huriyah","TGL_LAHIR":"1999-02-18","JENIS_KELAMIN":"P","ALAMAT":"jalan antara\nHagu Selatan","EMAIL":"syarifahhuriah18@gmail.com","TELP":"085262541390","EXPIRED":null},{"NIM":"171401016","PRODI":"821","TGL_REGISTRASI":"2017-05-30","KATEGORI":"S-1","NAMA":"Sheilla Suhaila Matondang","TGL_LAHIR":"1998-12-07","JENIS_KELAMIN":"P","ALAMAT":"Jl.G Krakatau Kel.Glugur Darat II Medan Timur","EMAIL":"s_alrizal@yahoo.com","TELP":"081375661759","EXPIRED":null},{"NIM":"171401017","PRODI":"821","TGL_REGISTRASI":"2017-05-30","KATEGORI":"S-1","NAMA":"Givani","TGL_LAHIR":"1999-07-11","JENIS_KELAMIN":"P","ALAMAT":"Jl. Platina II Lingk. XI Gg. Muhibbah, Titi Papan, Medan Deli","EMAIL":"kittyyaw@gmail.com","TELP":"081375099676","EXPIRED":null},{"NIM":"171401018","PRODI":"821","TGL_REGISTRASI":"2017-05-31","KATEGORI":"S-1","NAMA":"Weliansyah Arundhani","TGL_LAHIR":"1999-05-11","JENIS_KELAMIN":"L","ALAMAT":"Jl. Mesjid komp. Amanda Sari Dusun VIII","EMAIL":"weliansyaharundhani@gmail.com","TELP":"085275170663","EXPIRED":null},{"NIM":"171401019","PRODI":"821","TGL_REGISTRASI":"2017-05-31","KATEGORI":"S-1","NAMA":"Muhammad Bagas Laska Pramudyo","TGL_LAHIR":"1999-10-10","JENIS_KELAMIN":"L","ALAMAT":"JL.BAMBU RUNCING NO 29.","EMAIL":"laskanaya@gmail.com","TELP":"081377226010","EXPIRED":null},{"NIM":"171401020","PRODI":"821","TGL_REGISTRASI":"2017-05-31","KATEGORI":"S-1","NAMA":"Miftahul Jannah","TGL_LAHIR":"1999-06-04","JENIS_KELAMIN":"P","ALAMAT":"JL SELAMET UJUNG GG RAHMAT NO 175 B","EMAIL":"miftahulj469@gmail.com","TELP":"082165567144","EXPIRED":null},{"NIM":"171401021","PRODI":"821","TGL_REGISTRASI":"2017-05-31","KATEGORI":"S-1","NAMA":"Sylvia Alvieonita Ayu Purnama","TGL_LAHIR":"1999-11-28","JENIS_KELAMIN":"P","ALAMAT":"jl.pintu air 1 gg.permai 2 no.77 simpang pos medan johor","EMAIL":"sylviapurnama9@gmail.com","TELP":"081370666269","EXPIRED":null},{"NIM":"171401022","PRODI":"821","TGL_REGISTRASI":"2017-05-31","KATEGORI":"S-1","NAMA":"Amshari Dhofir Wardah","TGL_LAHIR":"2000-03-11","JENIS_KELAMIN":"L","ALAMAT":"Perumnas Kerasaan 1","EMAIL":"amshari25@gmail.com","TELP":"082272306868","EXPIRED":null},{"NIM":"171401023","PRODI":"821","TGL_REGISTRASI":"2017-05-31","KATEGORI":"S-1","NAMA":"Jessica Deborah M. Pasaribu","TGL_LAHIR":"1999-10-05","JENIS_KELAMIN":"P","ALAMAT":"Jl. Gaharu Gg. Riduan No. 15\/22 Kelurahan Gaharu Kecamatan Medan Timur","EMAIL":"jessicadmpasaribu@gmail.com","TELP":"081263775876","EXPIRED":null},{"NIM":"171401024","PRODI":"821","TGL_REGISTRASI":"2017-05-31","KATEGORI":"S-1","NAMA":"Alfian Azhari","TGL_LAHIR":"1999-06-15","JENIS_KELAMIN":"L","ALAMAT":"Dusun Dua II Desa Ujung Padang Kec. Aek Natas","EMAIL":"alfian_azhari15061999@yahoo.com","TELP":"082272504543","EXPIRED":null},{"NIM":"171401025","PRODI":"821","TGL_REGISTRASI":"2017-05-31","KATEGORI":"S-1","NAMA":"Mhd. Dwi Fachrurrazi","TGL_LAHIR":"2000-07-20","JENIS_KELAMIN":"L","ALAMAT":"Jl. Padang No. 29 A Lk. VIII Kel. Rambung Dalam Kec. Binjai Selatan","EMAIL":"razikerenz@gmail.com","TELP":"081263039245","EXPIRED":null},{"NIM":"171401026","PRODI":"821","TGL_REGISTRASI":"2017-05-31","KATEGORI":"S-1","NAMA":"Meliani Wadiya Lubis","TGL_LAHIR":"1999-08-03","JENIS_KELAMIN":"P","ALAMAT":"Jl. Sutan M. Arif Gang Lurah Kel. Batang Ayumi Julu Kec. Padangsidimpuan Utara","EMAIL":"lubismeliani@gmail.com","TELP":"081263620461","EXPIRED":null},{"NIM":"171401027","PRODI":"821","TGL_REGISTRASI":"2017-05-31","KATEGORI":"S-1","NAMA":"Shabrina Junita Tambunan","TGL_LAHIR":"1999-06-13","JENIS_KELAMIN":"P","ALAMAT":"Jalan Denai\/Rawa Gang Amal Nomor 24 Medan","EMAIL":"shabrinajunita@gmail.com","TELP":"082273192841","EXPIRED":null},{"NIM":"171401028","PRODI":"821","TGL_REGISTRASI":"2017-05-31","KATEGORI":"S-1","NAMA":"Yeni Oktavia Sari","TGL_LAHIR":"1999-10-24","JENIS_KELAMIN":"P","ALAMAT":"JL. KANCIL, KEL. PERDAMEAN, KEC. RANTAU SELATAN","EMAIL":"yenioktavia274@gmail.com","TELP":"085361453523","EXPIRED":null},{"NIM":"171401029","PRODI":"821","TGL_REGISTRASI":"2017-05-31","KATEGORI":"S-1","NAMA":"Agung Rahmawan","TGL_LAHIR":"1998-09-11","JENIS_KELAMIN":"L","ALAMAT":"Desa Mesjid, Kec. Syamtalira Aron","EMAIL":"agungrahmawan7@gmail.com","TELP":"085262748293","EXPIRED":null},{"NIM":"171401030","PRODI":"821","TGL_REGISTRASI":"2017-05-31","KATEGORI":"S-1","NAMA":"Surya Andika Ramadani Ginting","TGL_LAHIR":"1999-01-11","JENIS_KELAMIN":"L","ALAMAT":"dusun 1 desa sembahe baru.kec pancurbatu","EMAIL":"","TELP":"081264173445","EXPIRED":null},{"NIM":"171401031","PRODI":"821","TGL_REGISTRASI":"2017-05-31","KATEGORI":"S-1","NAMA":"Hasrul Sani","TGL_LAHIR":"1999-05-15","JENIS_KELAMIN":"L","ALAMAT":"Panyabungan 1 Kec. Panyabungan","EMAIL":"alunricardo@gmail.com","TELP":"081362637408","EXPIRED":null},{"NIM":"171401032","PRODI":"821","TGL_REGISTRASI":"2017-05-31","KATEGORI":"S-1","NAMA":"Jelita Ghina Taqiyyah","TGL_LAHIR":"2000-04-07","JENIS_KELAMIN":"P","ALAMAT":"Jln. Umar Said No.5b kel. Tangsi","EMAIL":"jelitaghinata07@gmail.com","TELP":"0852-7535-6862","EXPIRED":null},{"NIM":"171401033","PRODI":"821","TGL_REGISTRASI":"2017-05-31","KATEGORI":"S-1","NAMA":"Zidane Fathur Rahman Lubis","TGL_LAHIR":"1999-10-26","JENIS_KELAMIN":"L","ALAMAT":"Jalan Mulyo No. 25 Medan","EMAIL":"zidanefrl48@gmail.com","TELP":"083199030056","EXPIRED":null},{"NIM":"171401034","PRODI":"821","TGL_REGISTRASI":"2017-06-02","KATEGORI":"S-1","NAMA":"Alfi Dharmawan","TGL_LAHIR":"2000-02-26","JENIS_KELAMIN":"L","ALAMAT":"Jl. Chandra Kirana No. 23, Binjai","EMAIL":"alfidarmawan79@gmail.com","TELP":"085372345535","EXPIRED":null},{"NIM":"171401035","PRODI":"821","TGL_REGISTRASI":"2017-06-02","KATEGORI":"S-1","NAMA":"Devita Indha Sari","TGL_LAHIR":"1999-10-21","JENIS_KELAMIN":"P","ALAMAT":"Jalan Gergaji Lingkungan VI Kel. Sidodadi Kec. Kota Kisaran Barat","EMAIL":"deph.deph21@gmail.com","TELP":"082274153100","EXPIRED":null},{"NIM":"171401036","PRODI":"821","TGL_REGISTRASI":"2017-06-02","KATEGORI":"S-1","NAMA":"Sherlie Ayyuri","TGL_LAHIR":"1999-09-30","JENIS_KELAMIN":"P","ALAMAT":"Jl.KL.Yos Sudarso km 7,8 tanjung mulia hilir medan","EMAIL":"sherlie.ayyuri@gmail.com","TELP":"085358993535","EXPIRED":null},{"NIM":"171401037","PRODI":"821","TGL_REGISTRASI":"2017-06-02","KATEGORI":"S-1","NAMA":"Muhammad Fachrozy","TGL_LAHIR":"1999-07-20","JENIS_KELAMIN":"L","ALAMAT":"Jalan Sidodame Komplek Puri Sidodame No. 7 Medan","EMAIL":"muhammadfachrozy99@gmail.com","TELP":"082167546943","EXPIRED":null},{"NIM":"171401038","PRODI":"821","TGL_REGISTRASI":"2017-06-02","KATEGORI":"S-1","NAMA":"Muhammad ariq","TGL_LAHIR":"1999-04-17","JENIS_KELAMIN":"L","ALAMAT":"Jalan Pelita No. 25 Medan Amplas","EMAIL":"ariq.muhammad@live.com","TELP":"082165192056","EXPIRED":null},{"NIM":"171401039","PRODI":"821","TGL_REGISTRASI":"2017-06-02","KATEGORI":"S-1","NAMA":"Mhd. Yulfah Reza N","TGL_LAHIR":"1999-11-26","JENIS_KELAMIN":"L","ALAMAT":"Jl. Rimbas Kelurahan Sidodadi Kecamatan Kota Kisaran Barat, asahan","EMAIL":"yulfareza5@gmail.com","TELP":"085270684908","EXPIRED":null},{"NIM":"171401040","PRODI":"821","TGL_REGISTRASI":"2017-06-02","KATEGORI":"S-1","NAMA":"Nurul Nisa Rismaya","TGL_LAHIR":"1999-10-20","JENIS_KELAMIN":"P","ALAMAT":"Jl. SD Inpres No. 53 B Asam Kumbang Medan","EMAIL":"nurulnisarismaya@gmail.com","TELP":"081396502763","EXPIRED":null},{"NIM":"171401041","PRODI":"821","TGL_REGISTRASI":"2017-06-02","KATEGORI":"S-1","NAMA":"Agnetha Rianica Yosephin Br.Siahaan","TGL_LAHIR":"1999-09-15","JENIS_KELAMIN":"P","ALAMAT":"Jl. Buku Gg. Johar No. 78 Ayahanda","EMAIL":"agnetharianica@yahoo.co.id","TELP":"087868764190","EXPIRED":null},{"NIM":"171401042","PRODI":"821","TGL_REGISTRASI":"2017-06-02","KATEGORI":"S-1","NAMA":"Yudha Aginta Ginting","TGL_LAHIR":"2000-07-27","JENIS_KELAMIN":"L","ALAMAT":"Dusun Pasar 1 Padang Cermin","EMAIL":"yudhapasginting@gmail.com","TELP":"082272990042","EXPIRED":null},{"NIM":"171401043","PRODI":"821","TGL_REGISTRASI":"2017-06-02","KATEGORI":"S-1","NAMA":"Rilo Afdal","TGL_LAHIR":"1998-10-17","JENIS_KELAMIN":"L","ALAMAT":"JL. P. ALI BASA GG. KAMBOJA LK.II","EMAIL":"riloafdal@gmail.com","TELP":"082277379325","EXPIRED":null},{"NIM":"171401044","PRODI":"821","TGL_REGISTRASI":"2017-07-18","KATEGORI":"S-1","NAMA":"ALIF RIZKY PURWANTO","TGL_LAHIR":"2000-02-03","JENIS_KELAMIN":"L","ALAMAT":"DUSUN III PT.IRA BLOK\/D NO:07 \nKECAMATAN HAMPARAN PERAK\nKABUPATEN DELI SERDANG","EMAIL":"alifrizky767@gmail.com","TELP":"085260448874","EXPIRED":null},{"NIM":"171401045","PRODI":"821","TGL_REGISTRASI":"2017-07-18","KATEGORI":"S-1","NAMA":"RIZKY AYU AZHARI","TGL_LAHIR":"1999-05-30","JENIS_KELAMIN":"P","ALAMAT":"sidorejo","EMAIL":"rizkyayuazhari17@gmail.com","TELP":"081362322697","EXPIRED":null},{"NIM":"171401046","PRODI":"821","TGL_REGISTRASI":"2017-07-18","KATEGORI":"S-1","NAMA":"SARI WARDHATUL JANNAH","TGL_LAHIR":"1998-03-23","JENIS_KELAMIN":"P","ALAMAT":"JALAN TERATAI NO.354 LK.IV KEL.JATI MAKMUR KEC. BINJAI UTARA","EMAIL":"sariwardhatulj@gmail.com","TELP":"081260722881","EXPIRED":null},{"NIM":"171401047","PRODI":"821","TGL_REGISTRASI":"2017-07-18","KATEGORI":"S-1","NAMA":"HANS CHRISTIAN MUSA","TGL_LAHIR":"1999-10-12","JENIS_KELAMIN":"L","ALAMAT":"Perumahan Legok Permai Jl. Bougenville Raya Blok B2 No. B7 RT 008\/007 Legok, Tangerang, Banten","EMAIL":"","TELP":"02129446526","EXPIRED":null},{"NIM":"171401048","PRODI":"821","TGL_REGISTRASI":"2017-07-18","KATEGORI":"S-1","NAMA":"TRY JAKA GUNAWAN","TGL_LAHIR":"2000-05-07","JENIS_KELAMIN":"L","ALAMAT":"Jalan Sunggal Nomor 15 Sei Sikambing B Medan, Medan Sunggal","EMAIL":"gunawantryjaka45@gmail.com","TELP":"085261335188","EXPIRED":null},{"NIM":"171401049","PRODI":"821","TGL_REGISTRASI":"2017-07-18","KATEGORI":"S-1","NAMA":"ANANDA PRATAMA GHORINTA","TGL_LAHIR":"1999-03-01","JENIS_KELAMIN":"L","ALAMAT":"jl sutomo no 5b tapanuli tengah, sibolga\nsimare-mare","EMAIL":"ghorinta@gmail.com","TELP":"082267159795","EXPIRED":null},{"NIM":"171401050","PRODI":"821","TGL_REGISTRASI":"2017-07-18","KATEGORI":"S-1","NAMA":"HAFIZ MAULANA","TGL_LAHIR":"1998-11-06","JENIS_KELAMIN":"L","ALAMAT":"Jl. Antara komp LLK-UKM","EMAIL":"hfzmln@gmail.com","TELP":"085359801580","EXPIRED":null},{"NIM":"171401051","PRODI":"821","TGL_REGISTRASI":"2017-07-18","KATEGORI":"S-1","NAMA":"MUHAMMAD FARIS HAZIM","TGL_LAHIR":"1999-04-06","JENIS_KELAMIN":"L","ALAMAT":"Jl. Karya Batik No.75, LK VIII, Kel. Indra Kasih, Kec. Medan Tembung, Kota Medan","EMAIL":"farishzmm6@gmail.com","TELP":"081263978508","EXPIRED":null},{"NIM":"171401052","PRODI":"821","TGL_REGISTRASI":"2017-07-18","KATEGORI":"S-1","NAMA":"SYAFIRUDDIN HUMALA CUCUNDA HARAHAP","TGL_LAHIR":"1998-08-08","JENIS_KELAMIN":"L","ALAMAT":"Jl. Sudirman, Gg. Setia, Kel. Sadabuan, Kec. Padangsidimpuan Utara","EMAIL":"syafiruddinhumala.cucunda@gmail.com","TELP":"085276671410","EXPIRED":null},{"NIM":"171401053","PRODI":"821","TGL_REGISTRASI":"2017-07-18","KATEGORI":"S-1","NAMA":"NUR ANNISA NASUTION","TGL_LAHIR":"1999-06-25","JENIS_KELAMIN":"P","ALAMAT":"JL. STASIUN GG. AMAT BARI NO 4-B, KELURAHAN HARJOSARI II,\nKECAMATAN MEDAN AMPLAS","EMAIL":"annisa.nasution85@gmail.com","TELP":"085761530242","EXPIRED":null},{"NIM":"171401054","PRODI":"821","TGL_REGISTRASI":"2017-07-18","KATEGORI":"S-1","NAMA":"BILAL TAMPUBOLON","TGL_LAHIR":"1999-08-31","JENIS_KELAMIN":"L","ALAMAT":"LK 1 TANO PONGGOL KELURAHAN SIBULUAN NALAMBOK KECAMATAN SARUDIK","EMAIL":"bilaltampubolon@gmail.com","TELP":"085296168350","EXPIRED":null},{"NIM":"171401055","PRODI":"821","TGL_REGISTRASI":"2017-07-18","KATEGORI":"S-1","NAMA":"CHRISTIAN TAMBUNAN","TGL_LAHIR":"1999-07-22","JENIS_KELAMIN":"L","ALAMAT":"BATUHARIMO LK 3 NO.171 SIBULUAN INDAH","EMAIL":"tambunanchristian@yahoo.co.id","TELP":"081262888796","EXPIRED":null},{"NIM":"171401056","PRODI":"821","TGL_REGISTRASI":"2017-07-19","KATEGORI":"S-1","NAMA":"EDWARD ANUGERAH HUTABARAT","TGL_LAHIR":"1999-09-09","JENIS_KELAMIN":"L","ALAMAT":"Jalan sei batugingging melintang 1 no.2b, Medan Selayang ","EMAIL":"edwardhutabarat1211@gmail.com","TELP":"085206020592","EXPIRED":null},{"NIM":"171401057","PRODI":"821","TGL_REGISTRASI":"2017-07-19","KATEGORI":"S-1","NAMA":"ALBERT","TGL_LAHIR":"1999-11-27","JENIS_KELAMIN":"L","ALAMAT":"Jl.Pasar 3 No 15 DD","EMAIL":"albertbobby94@gmail.com","TELP":"082166236702","EXPIRED":null},{"NIM":"171401058","PRODI":"821","TGL_REGISTRASI":"2017-07-19","KATEGORI":"S-1","NAMA":"HENRY","TGL_LAHIR":"1998-11-16","JENIS_KELAMIN":"L","ALAMAT":"Jl. KL Yos Sudarso Blok A No 7J, P. Brayan Kota, Mdn Barat","EMAIL":"henryciang451@gmail.com","TELP":"0616612700","EXPIRED":null},{"NIM":"171401059","PRODI":"821","TGL_REGISTRASI":"2017-07-19","KATEGORI":"S-1","NAMA":"ANSYA PURNAMA AGATHA","TGL_LAHIR":"1999-08-02","JENIS_KELAMIN":"P","ALAMAT":"Graha Martubung Jalan Mawar 3 No F. 58\nKec. Medan Labuhan Kel. Martubung\nMedan, Sumatera Utara","EMAIL":"ansya.agatha23@gmail.com","TELP":"08979868152","EXPIRED":null},{"NIM":"171401060","PRODI":"821","TGL_REGISTRASI":"2017-07-19","KATEGORI":"S-1","NAMA":"ROS INDAH MAWARINI","TGL_LAHIR":"1999-08-18","JENIS_KELAMIN":"P","ALAMAT":"Jl. Gatot Subroto Km. 8,3 No. 311 Medan","EMAIL":"rosindahm@gmail.com","TELP":"082364018286","EXPIRED":null},{"NIM":"171401061","PRODI":"821","TGL_REGISTRASI":"2017-07-19","KATEGORI":"S-1","NAMA":"THORIQ RAMADHANA AMDANNI","TGL_LAHIR":"1999-12-21","JENIS_KELAMIN":"L","ALAMAT":"Jalan Gandhi No. 131-A\/8\/173-G","EMAIL":"thoriqamdanni@gmail.com","TELP":"081370616969","EXPIRED":null},{"NIM":"171401062","PRODI":"821","TGL_REGISTRASI":"2017-07-19","KATEGORI":"S-1","NAMA":"FAJAR FAKHRI","TGL_LAHIR":"1999-09-02","JENIS_KELAMIN":"L","ALAMAT":"jalan ayahanda jalan jangka no.69 medan","EMAIL":"fajarfakhri@gmail.com","TELP":"081291434403","EXPIRED":null},{"NIM":"171401063","PRODI":"821","TGL_REGISTRASI":"2017-07-19","KATEGORI":"S-1","NAMA":"YUNI LESTARI BUTARBUTAR","TGL_LAHIR":"1999-01-29","JENIS_KELAMIN":"P","ALAMAT":"DESA SIHIONG KECAMATAN BONATUA LUNASI","EMAIL":"yuniminho@gmail.com","TELP":"085275520402","EXPIRED":null},{"NIM":"171401064","PRODI":"821","TGL_REGISTRASI":"2017-07-19","KATEGORI":"S-1","NAMA":"T.MUHAMMAD RAUF","TGL_LAHIR":"2001-01-09","JENIS_KELAMIN":"L","ALAMAT":"Jl. Avros Gg.Mancang No.17","EMAIL":"Rauftm6@gmail.com ","TELP":"081265204904","EXPIRED":null},{"NIM":"171401065","PRODI":"821","TGL_REGISTRASI":"2017-07-19","KATEGORI":"S-1","NAMA":"AYA SHOFIA AZURA","TGL_LAHIR":"1999-05-08","JENIS_KELAMIN":"P","ALAMAT":"Jl.kenari 2 no. 1 P.Mandala","EMAIL":"Ayashofiaazura@gmail.com","TELP":"085762365664","EXPIRED":null},{"NIM":"171401066","PRODI":"821","TGL_REGISTRASI":"2017-07-19","KATEGORI":"S-1","NAMA":"CHARLI","TGL_LAHIR":"2000-04-17","JENIS_KELAMIN":"L","ALAMAT":"Jl. Perintis Baru, Gg. GPI, Kelurahan Purwodadi, Kecamatan Sunggal","EMAIL":"charlinainggolan@gmail.com","TELP":"082166558188","EXPIRED":null},{"NIM":"171401067","PRODI":"821","TGL_REGISTRASI":"2017-07-19","KATEGORI":"S-1","NAMA":"ANDREW WIJAYA","TGL_LAHIR":"1999-09-26","JENIS_KELAMIN":"L","ALAMAT":"Jalan Danau Poso Kompleks Poso Asri Nomor 8","EMAIL":"jun.quan.mail@gmail.com","TELP":"081370914797","EXPIRED":null},{"NIM":"171401068","PRODI":"821","TGL_REGISTRASI":"2017-07-19","KATEGORI":"S-1","NAMA":"ANDRIAN","TGL_LAHIR":"1997-11-25","JENIS_KELAMIN":"L","ALAMAT":"Kp. Maja RT 005\/RW 002 no. 80, Kalideres","EMAIL":"laudron47@gmail.com","TELP":"085210222243","EXPIRED":null},{"NIM":"171401069","PRODI":"821","TGL_REGISTRASI":"2017-07-19","KATEGORI":"S-1","NAMA":"MARIA NOVALIANI BR SEMBIRING","TGL_LAHIR":"1998-11-18","JENIS_KELAMIN":"P","ALAMAT":"jl. veteran no.95 kabanjahe","EMAIL":"marianovaliani80@gmail.com","TELP":"062822146","EXPIRED":null},{"NIM":"171401070","PRODI":"821","TGL_REGISTRASI":"2017-07-19","KATEGORI":"S-1","NAMA":"FAJRI ALFI SYAHRI SITUMORANG","TGL_LAHIR":"1999-12-29","JENIS_KELAMIN":"L","ALAMAT":"Jl. Jend. Sudirman No. 146 Aekkanopan Timur, Kec. Kualuh Hulu","EMAIL":"fajrialfisyahri321@gmail.com","TELP":"081361456617","EXPIRED":null},{"NIM":"171401071","PRODI":"821","TGL_REGISTRASI":"2017-07-19","KATEGORI":"S-1","NAMA":"DIMAS DAFA ABIPRAYA","TGL_LAHIR":"1999-04-27","JENIS_KELAMIN":"L","ALAMAT":"jalan belat no. 87 medan tembung","EMAIL":"dimasdaffa76@gmail.com","TELP":"085831703307","EXPIRED":null},{"NIM":"171401072","PRODI":"821","TGL_REGISTRASI":"2017-07-19","KATEGORI":"S-1","NAMA":"AISYAH FAJARINI SINAGA","TGL_LAHIR":"1999-02-09","JENIS_KELAMIN":"P","ALAMAT":"Jalan Maluku Atas Blok A No. 3, Perumahan Bukit Sofa Indah, Kelurahan Bukit Sofa, Kecamatan Siantar Sitalasari","EMAIL":"aisyahfajarini@gmail.com","TELP":"082166330901","EXPIRED":null},{"NIM":"171401073","PRODI":"821","TGL_REGISTRASI":"2017-07-19","KATEGORI":"S-1","NAMA":"MUHAMMAD RIDHO","TGL_LAHIR":"1999-06-03","JENIS_KELAMIN":"L","ALAMAT":"Jalan Karya Bersama NO. 24C Pangkalan Masyhur, Medan Johor, Kota Medan, Sumatera Utara","EMAIL":"mhd.ridho369@gmail.com","TELP":"082165091362","EXPIRED":null},{"NIM":"171401074","PRODI":"821","TGL_REGISTRASI":"2017-07-19","KATEGORI":"S-1","NAMA":"JODIE ANDERSON","TGL_LAHIR":"1999-07-04","JENIS_KELAMIN":"L","ALAMAT":"Jalan Dahlan Tanjung No. 59, Tanjung Morawa","EMAIL":"jodersonrounf@gmail.com","TELP":"082363455425","EXPIRED":null},{"NIM":"171401075","PRODI":"821","TGL_REGISTRASI":"2017-07-19","KATEGORI":"S-1","NAMA":"ANNE AISYA GEBRIELLA","TGL_LAHIR":"2000-04-26","JENIS_KELAMIN":"P","ALAMAT":"Jl.  BungaNcole XIV A No.76","EMAIL":"ansyagebla@gmail.com","TELP":"082166764276","EXPIRED":null},{"NIM":"171401076","PRODI":"821","TGL_REGISTRASI":"2017-07-19","KATEGORI":"S-1","NAMA":"DWI PUTRI RAMADHANI","TGL_LAHIR":"1997-12-31","JENIS_KELAMIN":"P","ALAMAT":"Jalan kandis no.10A kampung sawah,Rantauprapat","EMAIL":"Dwiputriramadhani283@gmail.com","TELP":"082166229907","EXPIRED":null},{"NIM":"171401077","PRODI":"821","TGL_REGISTRASI":"2017-07-20","KATEGORI":"S-1","NAMA":"GITA TARIGAN","TGL_LAHIR":"1999-02-11","JENIS_KELAMIN":"P","ALAMAT":"Jl. Bunga Melati No 32 lk-III, Kelurahan Kemenangan Tani, Kecamatan Medan Tuntungan","EMAIL":"gitatarigan11@yahoo.co.id","TELP":"081370921129","EXPIRED":null},{"NIM":"171401078","PRODI":"821","TGL_REGISTRASI":"2017-07-20","KATEGORI":"S-1","NAMA":"MUHAMMAD DWIKI PRASETYO","TGL_LAHIR":"1999-07-10","JENIS_KELAMIN":"L","ALAMAT":"Jl. Sukamulia No. 15","EMAIL":"mdwikiprasetyo@gmail.com","TELP":"082116960149","EXPIRED":null},{"NIM":"171401079","PRODI":"821","TGL_REGISTRASI":"2017-07-20","KATEGORI":"S-1","NAMA":"NAUFAL SATYA AKBARI","TGL_LAHIR":"2000-01-07","JENIS_KELAMIN":"L","ALAMAT":"JL. BUNGA RAYA 1 NO. 35 RT. 09 RW.03 KEL. MURNI KEC. TELANAI PURA KOTA JAMBI","EMAIL":"naufalsatyaakbari23@gmail.com","TELP":"081366434706","EXPIRED":null},{"NIM":"171401080","PRODI":"821","TGL_REGISTRASI":"2017-07-20","KATEGORI":"S-1","NAMA":"SAMFRIANDY GUSBORN SITUMEANG","TGL_LAHIR":"1999-08-01","JENIS_KELAMIN":"L","ALAMAT":"JALAN HARIARATOLU DESA PARSAORAN I ","EMAIL":"masterriandy@gmail.com","TELP":"085261580526","EXPIRED":null},{"NIM":"171401081","PRODI":"821","TGL_REGISTRASI":"2017-07-20","KATEGORI":"S-1","NAMA":"RIZKI RAMADHAN TANJUNG","TGL_LAHIR":"1999-12-15","JENIS_KELAMIN":"L","ALAMAT":"Jln. Bajak 2 Gg Cengkeh No F4 Villa Gading Mas 1","EMAIL":"bgbimol@gmail.com","TELP":"081265760373","EXPIRED":null},{"NIM":"171401082","PRODI":"821","TGL_REGISTRASI":"2017-07-20","KATEGORI":"S-1","NAMA":"ABRAHAM ALDIO SIANIPAR","TGL_LAHIR":"2000-03-21","JENIS_KELAMIN":"L","ALAMAT":"Jln Sei Putih No.50 \/39","EMAIL":"abrahamsianipar21@gmail.com","TELP":"082276603590","EXPIRED":null},{"NIM":"171401083","PRODI":"821","TGL_REGISTRASI":"2017-07-20","KATEGORI":"S-1","NAMA":"DIAN AMALIA","TGL_LAHIR":"2000-03-07","JENIS_KELAMIN":"P","ALAMAT":"Pulau Sejuk","EMAIL":"dianamalia853@yahoo.co.id","TELP":"081269121674","EXPIRED":null},{"NIM":"171401084","PRODI":"821","TGL_REGISTRASI":"2017-07-20","KATEGORI":"S-1","NAMA":"IRWANTO","TGL_LAHIR":"1999-11-03","JENIS_KELAMIN":"L","ALAMAT":"Jalan Surau No. 53, Rantauprapat","EMAIL":"irwantosen@yahoo.com","TELP":"22367","EXPIRED":null},{"NIM":"171401085","PRODI":"821","TGL_REGISTRASI":"2017-07-20","KATEGORI":"S-1","NAMA":"T. ARIFAH INAYYAH","TGL_LAHIR":"1999-11-13","JENIS_KELAMIN":"P","ALAMAT":"JALAN PENERBANGAN 1 KOMPLEK PERHUBUNGAN NO 21 MEDAN","EMAIL":"tezuka_aoi99@yahoo.com","TELP":"085946601826","EXPIRED":null},{"NIM":"171401086","PRODI":"821","TGL_REGISTRASI":"2017-07-20","KATEGORI":"S-1","NAMA":"NOVA SAKHANNA AURILLIA","TGL_LAHIR":"1999-11-27","JENIS_KELAMIN":"P","ALAMAT":"Jalan Seksama Ujung Gg. Abadi No. 1 Medan","EMAIL":"tatauit@gmail.com","TELP":"085207009073","EXPIRED":null},{"NIM":"171401087","PRODI":"821","TGL_REGISTRASI":"2017-07-20","KATEGORI":"S-1","NAMA":"JEREMY MICHAEL SINAGA","TGL_LAHIR":"1999-03-22","JENIS_KELAMIN":"L","ALAMAT":"Jalan Pendeta J. Wismar Saragih, Gg Setia Budi, Pondok Tengah","EMAIL":"jeremy.michael80@gmail.com","TELP":"08179143796","EXPIRED":null},{"NIM":"171401088","PRODI":"821","TGL_REGISTRASI":"2017-07-20","KATEGORI":"S-1","NAMA":"AGUSSALIM HELMI","TGL_LAHIR":"1999-07-09","JENIS_KELAMIN":"L","ALAMAT":"Jl. Rakyat No.67 Kel. Tanjung Tiram, Kec. Tanjung Tiram","EMAIL":"meta.lizer.ah17@gmail.com","TELP":"082234071913","EXPIRED":null},{"NIM":"171401089","PRODI":"821","TGL_REGISTRASI":"2017-07-20","KATEGORI":"S-1","NAMA":"TIMOTHY SURYA","TGL_LAHIR":"2000-01-30","JENIS_KELAMIN":"L","ALAMAT":"Jl. Dwikora 2 No.28D","EMAIL":"stimothy1212@gmail.com","TELP":"081263644632","EXPIRED":null},{"NIM":"171401090","PRODI":"821","TGL_REGISTRASI":"2017-07-20","KATEGORI":"S-1","NAMA":"ALEX BERTO MANIK","TGL_LAHIR":"1998-08-30","JENIS_KELAMIN":"L","ALAMAT":"Lumban Buntu, Pematangsiantar","EMAIL":"alebertomanik54@gmail.com","TELP":"081370579884","EXPIRED":null},{"NIM":"171401091","PRODI":"821","TGL_REGISTRASI":"2017-07-20","KATEGORI":"S-1","NAMA":"SURYA MARIS PANENSA SIMARMATA","TGL_LAHIR":"1998-09-11","JENIS_KELAMIN":"L","ALAMAT":"Jalan Damai, Palas","EMAIL":"smarispanensa@gmail.com","TELP":"082299296833","EXPIRED":null},{"NIM":"171401092","PRODI":"821","TGL_REGISTRASI":"2017-07-20","KATEGORI":"S-1","NAMA":"YANUAR PUTRA DAIRI TUMANGGOR","TGL_LAHIR":"2000-01-05","JENIS_KELAMIN":"L","ALAMAT":"Dusun II, Jl. Pasar VII, Tandem Hilir I, Kec. Hamparan Perak","EMAIL":"yanuartumanggor@gmail.com","TELP":"0895-3505-70966","EXPIRED":null},{"NIM":"171401093","PRODI":"821","TGL_REGISTRASI":"2017-07-21","KATEGORI":"S-1","NAMA":"RAFLEY HUSEIN ALWI","TGL_LAHIR":"2000-01-07","JENIS_KELAMIN":"L","ALAMAT":"Jalan Merdeka No 35 Panyabungan","EMAIL":"rafleyhusein@gmail.com","TELP":"082276652911","EXPIRED":null},{"NIM":"171401094","PRODI":"821","TGL_REGISTRASI":"2017-07-21","KATEGORI":"S-1","NAMA":"ALYA NABILA RIDWAN RITONGA","TGL_LAHIR":"2000-06-16","JENIS_KELAMIN":"P","ALAMAT":"Jalan. Bunga Raya Km 4,5 sijambi, Kota Tanjungbalai Asahan","EMAIL":"alyanabila552c@gmail.com","TELP":"082272680888","EXPIRED":null},{"NIM":"171401095","PRODI":"821","TGL_REGISTRASI":"2017-07-21","KATEGORI":"S-1","NAMA":"DIPO OKTAMA YOGO SANTAKIM","TGL_LAHIR":"1999-10-28","JENIS_KELAMIN":"L","ALAMAT":"jalan ternak no 51, medan polonia","EMAIL":"dipooktama25@yahoo.com","TELP":"083194263646","EXPIRED":null},{"NIM":"171401096","PRODI":"821","TGL_REGISTRASI":"2017-07-21","KATEGORI":"S-1","NAMA":"AZHAR BAZLA RABBANI","TGL_LAHIR":"1999-01-26","JENIS_KELAMIN":"L","ALAMAT":"Jalan Pelaksanaan,Gang Saudara 1,Dusun 4,Bandar Setia,Percut Sei Tuan","EMAIL":"azharbazla@gmail.com","TELP":"0822-2691-1016","EXPIRED":null},{"NIM":"171401097","PRODI":"821","TGL_REGISTRASI":"2017-07-21","KATEGORI":"S-1","NAMA":"REKSA ANJANGSARA","TGL_LAHIR":"1999-10-04","JENIS_KELAMIN":"L","ALAMAT":"Jl.Rasak No.47\nKec. Sibolga Sambas\nKel. Pancuran Dewa\nKota Sibolga","EMAIL":"bretottr@gmail.com","TELP":"081397731970","EXPIRED":null},{"NIM":"171401098","PRODI":"821","TGL_REGISTRASI":"2017-07-21","KATEGORI":"S-1","NAMA":"ROCKY MARSIANO PURBA","TGL_LAHIR":"1998-08-16","JENIS_KELAMIN":"L","ALAMAT":"Dusun 2 desa kulasar kec.silinda","EMAIL":"Marspurba@gmail.com","TELP":"082160113384","EXPIRED":null},{"NIM":"171401099","PRODI":"821","TGL_REGISTRASI":"2017-07-21","KATEGORI":"S-1","NAMA":"M. AULIA RAMADHAN","TGL_LAHIR":"1999-01-05","JENIS_KELAMIN":"L","ALAMAT":"JL. HM TAHIR GG. KHASIM NO.21 SUMBER MELATI DISKI","EMAIL":"auliarama3499@gmail.com","TELP":"085270756343","EXPIRED":null},{"NIM":"171401100","PRODI":"821","TGL_REGISTRASI":"2017-07-21","KATEGORI":"S-1","NAMA":"RAFLI RIZALDI RASYID","TGL_LAHIR":"1998-11-26","JENIS_KELAMIN":"L","ALAMAT":"JL. Abdul Hakim, komp. villa setiabudi garden blok b.31. kec.medan selayang kel.tanjung sari, MEDAN","EMAIL":"raflilesmana@gmail.com","TELP":"081287832978","EXPIRED":null},{"NIM":"171401101","PRODI":"821","TGL_REGISTRASI":"2017-07-21","KATEGORI":"S-1","NAMA":"M ADRIAN INDARTO","TGL_LAHIR":"1998-09-07","JENIS_KELAMIN":"L","ALAMAT":"jalan pasir putih dutamas blok H2 No.6 kampar, pekanbaru, riau","EMAIL":"indarto.adrian@gmail.com","TELP":"081362626207","EXPIRED":null},{"NIM":"171401102","PRODI":"821","TGL_REGISTRASI":"2017-07-21","KATEGORI":"S-1","NAMA":"MUHAMMAD RAIHANSYAH POHAN","TGL_LAHIR":"2000-02-25","JENIS_KELAMIN":"L","ALAMAT":"Jalan Kemiri Komplek De City Blok D11 Sukadono,Medan Helvetia","EMAIL":"raihansyah28465@gmail.com","TELP":"085297844197","EXPIRED":null},{"NIM":"171401103","PRODI":"821","TGL_REGISTRASI":"2017-08-02","KATEGORI":"S-1","NAMA":"IGO FERDINAND SIHOTANG","TGL_LAHIR":"1999-02-19","JENIS_KELAMIN":"L","ALAMAT":"Jalan Sudirman Gang Multazam No.10 Kota Padangsidimpuan","EMAIL":"igoferdinandaht@gmail.com","TELP":"082162051160","EXPIRED":null},{"NIM":"171401104","PRODI":"821","TGL_REGISTRASI":"2017-08-02","KATEGORI":"S-1","NAMA":"RIZA","TGL_LAHIR":"2000-03-25","JENIS_KELAMIN":"L","ALAMAT":"Jalan medan area selatan gang mulia nomor 17 kecamatan medan area","EMAIL":"Riza250300@gmail.com","TELP":"0617343232","EXPIRED":null},{"NIM":"171401105","PRODI":"821","TGL_REGISTRASI":"2017-08-02","KATEGORI":"S-1","NAMA":"AZHARI SIREGAR","TGL_LAHIR":"1997-12-02","JENIS_KELAMIN":"L","ALAMAT":"JL BM MUDA DESA AEK TUHUL ","EMAIL":"azharisiregar25@gmail.com","TELP":"082165140745","EXPIRED":null},{"NIM":"171401106","PRODI":"821","TGL_REGISTRASI":"2017-08-02","KATEGORI":"S-1","NAMA":"MELLIANTA SITEPU","TGL_LAHIR":"2000-01-22","JENIS_KELAMIN":"P","ALAMAT":"JL. JAMIN GINTING NO.1","EMAIL":"melliantasitepu22@gmail.com","TELP":"08153127958","EXPIRED":null},{"NIM":"171401107","PRODI":"821","TGL_REGISTRASI":"2017-08-02","KATEGORI":"S-1","NAMA":"CHRISTINE STEPHANIE HUTABARAT","TGL_LAHIR":"1999-09-10","JENIS_KELAMIN":"P","ALAMAT":"Jl.Jawa Lr Buntu I No.102A (Sei Sikambing CII)","EMAIL":"Christinehutabarat99@gmail.com","TELP":"082272898476","EXPIRED":null},{"NIM":"171401108","PRODI":"821","TGL_REGISTRASI":"2017-08-02","KATEGORI":"S-1","NAMA":"FEROUZ SYAHALAM","TGL_LAHIR":"2000-05-15","JENIS_KELAMIN":"L","ALAMAT":"JALAN SETIABUDI, PASAR 1 KOMP. SETIABUDI ESTATE E2","EMAIL":"syahalamferouz@gmail.com","TELP":"081260710178","EXPIRED":null},{"NIM":"171401109","PRODI":"821","TGL_REGISTRASI":"2017-08-02","KATEGORI":"S-1","NAMA":"MUHAMMAD RIZKY DHARMAWAN NASUTION","TGL_LAHIR":"1999-03-08","JENIS_KELAMIN":"L","ALAMAT":"Villa Mulia Mas Blok B2 No 21","EMAIL":"kiki.dharmawan3@gmail.com","TELP":"(061)8470845","EXPIRED":null},{"NIM":"171401110","PRODI":"821","TGL_REGISTRASI":"2017-08-02","KATEGORI":"S-1","NAMA":"MUHAMMAD FAHMI","TGL_LAHIR":"2000-04-22","JENIS_KELAMIN":"L","ALAMAT":"Jl. Flamboyan 1 Blok B No.2","EMAIL":"fahmifraction@gmail.com","TELP":"085297562002","EXPIRED":null},{"NIM":"171401111","PRODI":"821","TGL_REGISTRASI":"2017-08-02","KATEGORI":"S-1","NAMA":"VALENTINE MARIA GORETI BR SITANGGANG","TGL_LAHIR":"1999-07-15","JENIS_KELAMIN":"P","ALAMAT":"Dusun Jaya Makmur","EMAIL":"valentgorei01@gmail.com","TELP":"082169953176","EXPIRED":null},{"NIM":"171401112","PRODI":"821","TGL_REGISTRASI":"2017-08-02","KATEGORI":"S-1","NAMA":"MUHAMMAD RAYHAN ADYATMA","TGL_LAHIR":"1999-04-24","JENIS_KELAMIN":"L","ALAMAT":"JL. ANGGREK NO.11 RT.10 RW.02 KELAPA DUA KEBON JERUK","EMAIL":"raytonius@gmail.com","TELP":"7301846","EXPIRED":null},{"NIM":"171401113","PRODI":"821","TGL_REGISTRASI":"2017-08-02","KATEGORI":"S-1","NAMA":"RIVALDI ANGGARA PUTRA","TGL_LAHIR":"1999-07-05","JENIS_KELAMIN":"L","ALAMAT":"Jalan Bejo Gang Famili Dusun 16, Bandar Khalipah, Percut Sei Tuan, Titi Sewa, Benteng Hilir, Deli Serdang. ","EMAIL":"rivaldianggara99@gmail.com","TELP":"085262763285","EXPIRED":null},{"NIM":"171401114","PRODI":"821","TGL_REGISTRASI":"2017-08-02","KATEGORI":"S-1","NAMA":"DINDA NABILA","TGL_LAHIR":"1999-11-23","JENIS_KELAMIN":"P","ALAMAT":"Jalan suluk, no. 1 , Kelurahan Mutiara, Kecamatan Kisaran Timur","EMAIL":"dindanabila23@gmail.com","TELP":"082160686253","EXPIRED":null},{"NIM":"171401115","PRODI":"821","TGL_REGISTRASI":"2017-08-02","KATEGORI":"S-1","NAMA":"NIKEN ALFRIDO DONATUS SIBORO","TGL_LAHIR":"1999-07-28","JENIS_KELAMIN":"L","ALAMAT":"EMPLASMEN TOBASARI","EMAIL":"alfri.siboro@yahoo.com","TELP":"082364399368","EXPIRED":null},{"NIM":"171401116","PRODI":"821","TGL_REGISTRASI":"2017-08-02","KATEGORI":"S-1","NAMA":"ALDEZA JUAN","TGL_LAHIR":"1999-06-04","JENIS_KELAMIN":"L","ALAMAT":"jln.flamboyan raya komp.waikiki F.45","EMAIL":"altwsgamingchannel@gmail.com","TELP":"+62 61 8216797","EXPIRED":null},{"NIM":"171401117","PRODI":"821","TGL_REGISTRASI":"2017-08-02","KATEGORI":"S-1","NAMA":"ARYA DUTA DIAS","TGL_LAHIR":"1999-08-20","JENIS_KELAMIN":"L","ALAMAT":"JL. BUBU GG SUBUR NO 1 MEDAN","EMAIL":"aryadutadias@gmail.com","TELP":"081524567898","EXPIRED":null},{"NIM":"171401118","PRODI":"821","TGL_REGISTRASI":"2017-08-02","KATEGORI":"S-1","NAMA":"SARAH SYAFITRI","TGL_LAHIR":"1999-02-07","JENIS_KELAMIN":"P","ALAMAT":"Perumahan Taman Kota Baloi blok F5 no. 22B, Lubuk Baja","EMAIL":"sarahfitri7299@gmail.com","TELP":"085977876491","EXPIRED":null},{"NIM":"171401119","PRODI":"821","TGL_REGISTRASI":"2017-08-03","KATEGORI":"S-1","NAMA":"RIA MAGDALENA SIPAYUNG","TGL_LAHIR":"1999-05-28","JENIS_KELAMIN":"P","ALAMAT":"Jl. Terembusu Rt.04 Simpang Polsus","EMAIL":"riamsipayung28@gmail.com","TELP":"082391532668","EXPIRED":null},{"NIM":"171401120","PRODI":"821","TGL_REGISTRASI":"2017-08-03","KATEGORI":"S-1","NAMA":"HAIKAL PASHA UBBAYSI","TGL_LAHIR":"1999-06-10","JENIS_KELAMIN":"L","ALAMAT":"JLN SETIABUDI NO.176","EMAIL":"haikalpasha54@yahoo.com","TELP":"087769453653","EXPIRED":null},{"NIM":"171401121","PRODI":"821","TGL_REGISTRASI":"2017-08-03","KATEGORI":"S-1","NAMA":"ALYA ANDIRA LUBIS","TGL_LAHIR":"2000-04-06","JENIS_KELAMIN":"P","ALAMAT":"Jl. Eka Rasmi Komp. Melinjo Raya NO 1-AZ\nMedan Johor, Kota Medan","EMAIL":"alyaandiralubis@gmail.com","TELP":"081362671869","EXPIRED":null},{"NIM":"171401122","PRODI":"821","TGL_REGISTRASI":"2017-08-03","KATEGORI":"S-1","NAMA":"RAHMADSYAH","TGL_LAHIR":"1999-12-17","JENIS_KELAMIN":"L","ALAMAT":"Jln.Jend.Sudirman LK.1","EMAIL":"rahmadsyah2311@gmail.com","TELP":"082364522956","EXPIRED":null},{"NIM":"171401123","PRODI":"821","TGL_REGISTRASI":"2017-08-03","KATEGORI":"S-1","NAMA":"ARI WIRAWAN NST","TGL_LAHIR":"1999-12-16","JENIS_KELAMIN":"L","ALAMAT":"Jl Baru No. 42 Lk-III","EMAIL":"wirawanila16@gmail.com","TELP":"082277001596","EXPIRED":null},{"NIM":"171401124","PRODI":"821","TGL_REGISTRASI":"2017-08-03","KATEGORI":"S-1","NAMA":"MUHAMMAD FAUZAN","TGL_LAHIR":"1998-09-05","JENIS_KELAMIN":"L","ALAMAT":"Jalan. Garuda Sakti No. 58 Kec. Tampan","EMAIL":"muhammadfauzan0509@gmail.com","TELP":"08126853331","EXPIRED":null},{"NIM":"171401125","PRODI":"821","TGL_REGISTRASI":"2017-08-03","KATEGORI":"S-1","NAMA":"WIRA ARDI KESUMA ADJI","TGL_LAHIR":"1999-01-02","JENIS_KELAMIN":"L","ALAMAT":"jalan karya bakti 2 no. 63 kel. sari rejo kec. medan polonia","EMAIL":"wiraardi79@gmail.com","TELP":"082167624167","EXPIRED":null},{"NIM":"171401126","PRODI":"821","TGL_REGISTRASI":"2017-08-03","KATEGORI":"S-1","NAMA":"WAHYUNI","TGL_LAHIR":"2000-01-15","JENIS_KELAMIN":"P","ALAMAT":"Huta III kp.gunung","EMAIL":"Wahyunii1501@gmail.com","TELP":"082165721940","EXPIRED":null},{"NIM":"171401127","PRODI":"821","TGL_REGISTRASI":"2017-08-03","KATEGORI":"S-1","NAMA":"ANDRE ARIESTO SIREGAR","TGL_LAHIR":"1999-04-10","JENIS_KELAMIN":"L","ALAMAT":"Jl. Pelajar Timur Gg. Mestika No. 4 Medan","EMAIL":"ariestoandre10@gmail.com","TELP":"085370859263","EXPIRED":null},{"NIM":"171401128","PRODI":"821","TGL_REGISTRASI":"2017-08-03","KATEGORI":"S-1","NAMA":"IBNU JULIANDA KAMIL","TGL_LAHIR":"1999-07-28","JENIS_KELAMIN":"L","ALAMAT":"JL Sakti Lubis Gg Mas No 53","EMAIL":"juliandaib@gmail.com","TELP":"0617882497","EXPIRED":null},{"NIM":"171401129","PRODI":"821","TGL_REGISTRASI":"2017-08-03","KATEGORI":"S-1","NAMA":"DONISIUS MARTIN SIRAIT","TGL_LAHIR":"1999-03-10","JENIS_KELAMIN":"L","ALAMAT":"JL.PAHAE SIMORANGKIR","EMAIL":"donisiusmartin@ymail.com","TELP":"081376590166","EXPIRED":null},{"NIM":"171401130","PRODI":"821","TGL_REGISTRASI":"2017-08-03","KATEGORI":"S-1","NAMA":"DERY ARDIANTO","TGL_LAHIR":"1999-04-19","JENIS_KELAMIN":"L","ALAMAT":"Jalan Mangaan 1 Lingkungan 8","EMAIL":"deryardianto99@gmail.com","TELP":"08153398741","EXPIRED":null},{"NIM":"171401131","PRODI":"821","TGL_REGISTRASI":"2017-08-03","KATEGORI":"S-1","NAMA":"EUKARDI YANTO KRISTOV WARUWU","TGL_LAHIR":"1999-05-25","JENIS_KELAMIN":"L","ALAMAT":"JL. SUKAMAJU NO. 28 DESA SISOBAHILI TABALOHO KEC. GUNUNGSITOLI KOTA GUNUNGSITOLI","EMAIL":"kristoveykw@gmail.com","TELP":"081376909876","EXPIRED":null},{"NIM":"171401132","PRODI":"821","TGL_REGISTRASI":"2017-08-03","KATEGORI":"S-1","NAMA":"EGI WAHYU RASMAMANA DAKHI","TGL_LAHIR":"1998-05-05","JENIS_KELAMIN":"L","ALAMAT":"Jalan bunga ncole XVII pencawan,Medan","EMAIL":"egi.ew7@gmail.com","TELP":"085361253929","EXPIRED":null},{"NIM":"171401133","PRODI":"821","TGL_REGISTRASI":"2017-08-03","KATEGORI":"S-1","NAMA":"WAHYU EFRA S","TGL_LAHIR":"1999-02-21","JENIS_KELAMIN":"L","ALAMAT":"JL. S. M SIMANJUNTAK DESA GURGUR AEK RAJA KEC. TAMPAHAN","EMAIL":"efrajuntak@gmail.com","TELP":"081362040440","EXPIRED":null},{"NIM":"171401134","PRODI":"821","TGL_REGISTRASI":"2017-08-03","KATEGORI":"S-1","NAMA":"MUHAMMAD SIHAR RITONGA","TGL_LAHIR":"1998-07-30","JENIS_KELAMIN":"L","ALAMAT":"jl.purwosari no.59","EMAIL":"muhammadsiharritonga@gmail.com","TELP":"085359458859","EXPIRED":null},{"NIM":"171401135","PRODI":"821","TGL_REGISTRASI":"2017-08-03","KATEGORI":"S-1","NAMA":"MAILAN RONI SAPUTRA","TGL_LAHIR":"1998-05-09","JENIS_KELAMIN":"L","ALAMAT":"jl. raya batusangkar-bukittinggi km 16 , pasar tabek patah","EMAIL":"mailan.ronny09@gmail.com","TELP":"081363375514","EXPIRED":null},{"NIM":"171401136","PRODI":"821","TGL_REGISTRASI":"2017-08-04","KATEGORI":"S-1","NAMA":"EVI KRISTINA LESTARI PURBA","TGL_LAHIR":"1998-04-22","JENIS_KELAMIN":"P","ALAMAT":"Jln.Pdt.J.Wismar No.17 Pematang Raya","EMAIL":"evipurba04@gmail.com","TELP":"082392159024","EXPIRED":null},{"NIM":"171401137","PRODI":"821","TGL_REGISTRASI":"2017-08-04","KATEGORI":"S-1","NAMA":"WAHYU DARMA DAMANIK","TGL_LAHIR":"1999-11-13","JENIS_KELAMIN":"L","ALAMAT":"Rambung merah, kab.simalungun","EMAIL":"wahyudamanik7@gmail.com","TELP":"081375633920","EXPIRED":null},{"NIM":"171401138","PRODI":"821","TGL_REGISTRASI":"2017-08-04","KATEGORI":"S-1","NAMA":"CORRY HESKIEL HARIANJA","TGL_LAHIR":"2000-01-19","JENIS_KELAMIN":"P","ALAMAT":"Desa Harianja,Kecamatan Pangaribuan","EMAIL":"corryharianja@yahoo.com","TELP":"082370916059","EXPIRED":null},{"NIM":"171401139","PRODI":"821","TGL_REGISTRASI":"2017-08-04","KATEGORI":"S-1","NAMA":"M NADHIF PRADIZA HUSNI","TGL_LAHIR":"2000-07-31","JENIS_KELAMIN":"L","ALAMAT":"jl. veteran gg. utama no.19 helvetia","EMAIL":"khven99@gmail.com","TELP":"0618469692","EXPIRED":null},{"NIM":"171401140","PRODI":"821","TGL_REGISTRASI":"2017-08-04","KATEGORI":"S-1","NAMA":"ADITYA BAGASKARA","TGL_LAHIR":"1999-08-04","JENIS_KELAMIN":"L","ALAMAT":"JL.SETIA BUDI TANJUNG SARI PASAR 1 GG.GARUDA NO.8","EMAIL":"adityabagaskara411@gmail.com","TELP":"085270802764","EXPIRED":null},{"NIM":"171401141","PRODI":"821","TGL_REGISTRASI":"2017-08-04","KATEGORI":"S-1","NAMA":"EDWARD BOB SIMAMORA","TGL_LAHIR":"1999-10-12","JENIS_KELAMIN":"L","ALAMAT":"JL.K.H.Wahid Hasyim No.92 Medan","EMAIL":"edwardbobsimamora@yahoo.com","TELP":"08116598899","EXPIRED":null},{"NIM":"171401142","PRODI":"821","TGL_REGISTRASI":"2017-08-04","KATEGORI":"S-1","NAMA":"HAGI FANSURY","TGL_LAHIR":"2000-03-14","JENIS_KELAMIN":"L","ALAMAT":"Jl.Seto Lrg.Sipirok No.19 Medan","EMAIL":"hagi.fansury@gmail.com","TELP":"085277345880","EXPIRED":null},{"NIM":"171401143","PRODI":"821","TGL_REGISTRASI":"2017-08-04","KATEGORI":"S-1","NAMA":"ALBIN VASHA MARULITUA","TGL_LAHIR":"1998-09-18","JENIS_KELAMIN":"L","ALAMAT":"Jl.hm said sigambal GG taqwa lingkungan tengah, kelurahan Pardamean kecamatan rantau selatan","EMAIL":"albinvasha1@gmail.com","TELP":"-","EXPIRED":null},{"NIM":"171401144","PRODI":"821","TGL_REGISTRASI":"2017-08-07","KATEGORI":"S-1","NAMA":"Nuraprillia","TGL_LAHIR":"2000-04-26","JENIS_KELAMIN":"P","ALAMAT":"jl. maimun saleh, cot ba`u","EMAIL":"liatusina@gmail.com","TELP":"082299852707","EXPIRED":null},{"NIM":"171401145","PRODI":"821","TGL_REGISTRASI":"2017-08-08","KATEGORI":"S-1","NAMA":"SANDY APRIANTO PANGGABEAN","TGL_LAHIR":"1999-04-12","JENIS_KELAMIN":"L","ALAMAT":"Poriaha Nagodang, Desa Tapian Nauli III Kecamatan Tapian Nauli Kabupaten Tapanuli Tengah","EMAIL":"sandypanggabean1998@gmail.com","TELP":"085361007950","EXPIRED":null},{"NIM":"171401146","PRODI":"821","TGL_REGISTRASI":"2017-08-14","KATEGORI":"S-1","NAMA":"BAGUS AJIE ISWARA","TGL_LAHIR":"1999-06-30","JENIS_KELAMIN":"L","ALAMAT":"jl. satria gg.arjuna no.117 desa mekar sari kecamatan deli tua ","EMAIL":"bagusajieiswara30@gmail.com","TELP":"082299913410","EXPIRED":null},{"NIM":"171401147","PRODI":"821","TGL_REGISTRASI":"2017-08-21","KATEGORI":"S-1","NAMA":"MURNI AFRIANI","TGL_LAHIR":"1998-09-14","JENIS_KELAMIN":"P","ALAMAT":"JALAN PANCING","EMAIL":"murniapriani6451@gmail.com","TELP":"082297289774;0","EXPIRED":null}]