[{"NIM":"181401001","PRODI":"821","TGL_REGISTRASI":"2018-06-05","KATEGORI":"S-1","NAMA":"ADE IRMA SURYANI","TGL_LAHIR":"2000-12-19","JENIS_KELAMIN":"P","ALAMAT":"Dahari Indah","EMAIL":"imhasyhu1908@gmail.com","TELP":"083196548838","EXPIRED":null},{"NIM":"181401002","PRODI":"821","TGL_REGISTRASI":"2018-06-05","KATEGORI":"S-1","NAMA":"Randy Heksadesianto","TGL_LAHIR":"2000-11-16","JENIS_KELAMIN":"L","ALAMAT":"Jl. Bingkarung No. 25\/49","EMAIL":"randyheksadesianto@yahoo.com","TELP":"081360016097","EXPIRED":null},{"NIM":"181401003","PRODI":"821","TGL_REGISTRASI":"2018-06-05","KATEGORI":"S-1","NAMA":"Nur azizah harahap","TGL_LAHIR":"2000-12-30","JENIS_KELAMIN":"P","ALAMAT":"Jl.angsana raya no.12 perumnaz batu 6","EMAIL":"Hellosooj@gmail.com","TELP":"+6282267556758","EXPIRED":null},{"NIM":"181401004","PRODI":"821","TGL_REGISTRASI":"2018-06-05","KATEGORI":"S-1","NAMA":"ISTIKANAH WULANDARI","TGL_LAHIR":"2000-06-26","JENIS_KELAMIN":"P","ALAMAT":"JLN.LETJEND.S.PARMAN.GG.MELON KWALA BINGAI STABAT","EMAIL":"Istikanahw@gmail.com","TELP":"082277613535","EXPIRED":null},{"NIM":"181401005","PRODI":"821","TGL_REGISTRASI":"2018-06-05","KATEGORI":"S-1","NAMA":"Chyntia Wilhelmine Nainggolan","TGL_LAHIR":"2000-10-23","JENIS_KELAMIN":"P","ALAMAT":"Jalan Aluminium LK I, Tebing Tinggi","EMAIL":"chyntiawilhelmine@gmail.com","TELP":"081375924166","EXPIRED":null},{"NIM":"181401006","PRODI":"821","TGL_REGISTRASI":"2018-06-05","KATEGORI":"S-1","NAMA":"DINDA RAMADHANI","TGL_LAHIR":"2000-12-24","JENIS_KELAMIN":"P","ALAMAT":"pematang bandar perumnas kerasaan 1 kab. simalungun","EMAIL":"dindaramadhani642@gmail.com","TELP":"085297594697","EXPIRED":null},{"NIM":"181401007","PRODI":"821","TGL_REGISTRASI":"2018-06-05","KATEGORI":"S-1","NAMA":"Melly Anggraini","TGL_LAHIR":"2000-11-07","JENIS_KELAMIN":"P","ALAMAT":"Jl. Olahraga No. 23 Kel. Timbang langkat","EMAIL":"Mellyanggraini999@gmail.com","TELP":"0895370363502","EXPIRED":null},{"NIM":"181401008","PRODI":"821","TGL_REGISTRASI":"2018-06-05","KATEGORI":"S-1","NAMA":"NURUL LIZA SEVITA","TGL_LAHIR":"2000-09-17","JENIS_KELAMIN":"P","ALAMAT":"Jl. Pasar Dua Securai ","EMAIL":"vita.azwan@gmail.com","TELP":"085358274124","EXPIRED":null},{"NIM":"181401009","PRODI":"821","TGL_REGISTRASI":"2018-06-06","KATEGORI":"S-1","NAMA":"SELFHY AGINA GINTING","TGL_LAHIR":"2000-07-29","JENIS_KELAMIN":"P","ALAMAT":"Setia Budi Square No.14 Komp. Tasbi Kota Medan","EMAIL":"selfhy.gtg@gmail.com","TELP":"081376883889","EXPIRED":null},{"NIM":"181401010","PRODI":"821","TGL_REGISTRASI":"2018-06-06","KATEGORI":"S-1","NAMA":"FIKIH FIRMANSYAH","TGL_LAHIR":"2002-02-13","JENIS_KELAMIN":"L","ALAMAT":"Jl. Besitang Gg. Lapangan Bola Kelurahan Alur Dua Kecamatan Sei Lepan","EMAIL":"fikihfirmansyah43@gmail.com","TELP":"082383883208","EXPIRED":null},{"NIM":"181401011","PRODI":"821","TGL_REGISTRASI":"2018-06-06","KATEGORI":"S-1","NAMA":"ASRI YULIANINGRUM","TGL_LAHIR":"2000-07-28","JENIS_KELAMIN":"P","ALAMAT":"JALAN SEI BATU GINGGING NO 65","EMAIL":"asriyulianingrum@gmail.com","TELP":"082165695199","EXPIRED":null},{"NIM":"181401012","PRODI":"821","TGL_REGISTRASI":"2018-06-06","KATEGORI":"S-1","NAMA":"MUHAMMAD ZULHAMUDDIN HARAHAP","TGL_LAHIR":"1999-09-19","JENIS_KELAMIN":"L","ALAMAT":"desa sialambue kecamatan barumun","EMAIL":"muhammdazulhamuddin.harahap@gmail.com","TELP":"082274044179","EXPIRED":null},{"NIM":"181401013","PRODI":"821","TGL_REGISTRASI":"2018-06-06","KATEGORI":"S-1","NAMA":"TARA PANDHYTA YESA","TGL_LAHIR":"2001-03-07","JENIS_KELAMIN":"P","ALAMAT":"Medan","EMAIL":"","TELP":"081262788779","EXPIRED":null},{"NIM":"181401014","PRODI":"821","TGL_REGISTRASI":"2018-06-06","KATEGORI":"S-1","NAMA":"AYU AFREZA SIREGAR","TGL_LAHIR":"2000-04-09","JENIS_KELAMIN":"P","ALAMAT":"DUSUN XV KELINGAN","EMAIL":"ayuafrezasiregar@gmail.com","TELP":"085763827013","EXPIRED":null},{"NIM":"181401015","PRODI":"821","TGL_REGISTRASI":"2018-06-06","KATEGORI":"S-1","NAMA":"Rivany Indiyati","TGL_LAHIR":"2001-03-27","JENIS_KELAMIN":"P","ALAMAT":"Jalan sentosa lama gg aman no 470","EMAIL":"rivanyindiyati2001@gmail.com","TELP":"082315924520","EXPIRED":null},{"NIM":"181401016","PRODI":"821","TGL_REGISTRASI":"2018-06-06","KATEGORI":"S-1","NAMA":"JOHANES INGANTA KARO-KARO","TGL_LAHIR":"2000-05-23","JENIS_KELAMIN":"L","ALAMAT":"Jl. Bunga Sedap Malam IV No. 6-H","EMAIL":"jon230500@gmail.com","TELP":"082165503818","EXPIRED":null},{"NIM":"181401017","PRODI":"821","TGL_REGISTRASI":"2018-06-06","KATEGORI":"S-1","NAMA":"HARRY ISWANTO SIMANJUNTAK","TGL_LAHIR":"2000-05-24","JENIS_KELAMIN":"L","ALAMAT":"Jl Menang Dsn V Desa Pantai Cermin Kiri Kec Pantaicermin","EMAIL":"simanjuntakharry66@gmail.com","TELP":"082277869352","EXPIRED":null},{"NIM":"181401018","PRODI":"821","TGL_REGISTRASI":"2018-06-06","KATEGORI":"S-1","NAMA":"Rhania Ramadina Nasution","TGL_LAHIR":"2000-05-20","JENIS_KELAMIN":"P","ALAMAT":"komplek taman sakura indah no.31 A","EMAIL":"rhanianst@gmail.com","TELP":"085835242596","EXPIRED":null},{"NIM":"181401019","PRODI":"821","TGL_REGISTRASI":"2018-06-06","KATEGORI":"S-1","NAMA":"AHMAD FADHIL","TGL_LAHIR":"2000-09-03","JENIS_KELAMIN":"L","ALAMAT":"Jl.roso komplek raman marendal mas blok A no.6 ","EMAIL":"Ahmadfadhil506@gmail.com","TELP":"082167379713","EXPIRED":null},{"NIM":"181401020","PRODI":"821","TGL_REGISTRASI":"2018-06-07","KATEGORI":"S-1","NAMA":"NETTI SARI","TGL_LAHIR":"2000-09-08","JENIS_KELAMIN":"P","ALAMAT":"Desa sasaran","EMAIL":"nettisari12@gmail.com","TELP":"081269431046","EXPIRED":null},{"NIM":"181401021","PRODI":"821","TGL_REGISTRASI":"2018-06-07","KATEGORI":"S-1","NAMA":"Alexander Tarigan","TGL_LAHIR":"2000-03-29","JENIS_KELAMIN":"L","ALAMAT":"JL.LIMAU MUNGKUR DESA BANGUN REJO DUSUN III","EMAIL":"alextarigan2903@gmail.com","TELP":"081262928987","EXPIRED":null},{"NIM":"181401022","PRODI":"821","TGL_REGISTRASI":"2018-06-07","KATEGORI":"S-1","NAMA":"Ari Masinta","TGL_LAHIR":"2000-07-06","JENIS_KELAMIN":"P","ALAMAT":"Dusun XVIII jambe jalan pusaka","EMAIL":"Ari.masinta16@gmail.com","TELP":"0895626340637","EXPIRED":null},{"NIM":"181401023","PRODI":"821","TGL_REGISTRASI":"2018-06-07","KATEGORI":"S-1","NAMA":"HAFIZU HALIM AL-JUFRI","TGL_LAHIR":"2000-10-01","JENIS_KELAMIN":"L","ALAMAT":"Jl. Lingkar Gg. Rahmat Kabanjahe","EMAIL":"hafizuhalim15@gmail.com","TELP":"085762509207","EXPIRED":null},{"NIM":"181401024","PRODI":"821","TGL_REGISTRASI":"2018-06-07","KATEGORI":"S-1","NAMA":"Andika Putra Lesmana Nasution","TGL_LAHIR":"1999-11-18","JENIS_KELAMIN":"L","ALAMAT":"Jl. Ampera VI No.32,Kel. Glugur Darat II,Kec. Medan Timur","EMAIL":"andikanasution367@gmail.com","TELP":"085361648448","EXPIRED":null},{"NIM":"181401025","PRODI":"821","TGL_REGISTRASI":"2018-06-07","KATEGORI":"S-1","NAMA":"Fitri Annisa Hasibuan","TGL_LAHIR":"2000-02-01","JENIS_KELAMIN":"P","ALAMAT":"JL. PUKAT 1 GG BUNTU NO 15B, KEL. BANTAN TIMUR, KEC. MEDAN TEMBUNG","EMAIL":"","TELP":"","EXPIRED":null},{"NIM":"181401026","PRODI":"821","TGL_REGISTRASI":"2018-06-07","KATEGORI":"S-1","NAMA":"NURUL AULIA","TGL_LAHIR":"2000-11-17","JENIS_KELAMIN":"P","ALAMAT":"Dusun II kwala gunung ","EMAIL":"nurulaulia7005@gmail.com","TELP":"082370589688","EXPIRED":null},{"NIM":"181401027","PRODI":"821","TGL_REGISTRASI":"2018-06-07","KATEGORI":"S-1","NAMA":"ALVIAN RIDHO PRAMUDYAN","TGL_LAHIR":"2000-06-15","JENIS_KELAMIN":"L","ALAMAT":"JL.BUNGA PANCUR IX","EMAIL":"alvianridhop@gmail.com","TELP":"085261690815","EXPIRED":null},{"NIM":"181401028","PRODI":"821","TGL_REGISTRASI":"2018-06-07","KATEGORI":"S-1","NAMA":"Fikri Mahmudi","TGL_LAHIR":"2000-06-24","JENIS_KELAMIN":"L","ALAMAT":"JL.ELANG NO.9E BLK ","EMAIL":"fikrimahmudi2406@gmail.com","TELP":"082274774485","EXPIRED":null},{"NIM":"181401029","PRODI":"821","TGL_REGISTRASI":"2018-06-07","KATEGORI":"S-1","NAMA":"BELLA SHANTY MARIAMA","TGL_LAHIR":"2000-11-06","JENIS_KELAMIN":"P","ALAMAT":"Jl.Merdeka No.374 , Sadabuan . Padangsidimpuan Utara","EMAIL":"Bellashantymariama@gmail.com","TELP":"085261630208","EXPIRED":null},{"NIM":"181401030","PRODI":"821","TGL_REGISTRASI":"2018-06-07","KATEGORI":"S-1","NAMA":"Revaldi irham syah putra","TGL_LAHIR":"2001-01-21","JENIS_KELAMIN":"L","ALAMAT":"Desa padang hangat kecamatan kaur tengah kabupaten kaur provinsi bengkulu","EMAIL":"Polasyahputra@yahoo.co.id","TELP":"081373663948","EXPIRED":null},{"NIM":"181401031","PRODI":"821","TGL_REGISTRASI":"2018-06-07","KATEGORI":"S-1","NAMA":"Aldi dwi syahfitrah","TGL_LAHIR":"2000-01-09","JENIS_KELAMIN":"L","ALAMAT":"Membang muda","EMAIL":"Aldidwisyahfitrah016@gmail.com","TELP":"082272862735","EXPIRED":null},{"NIM":"181401032","PRODI":"821","TGL_REGISTRASI":"2018-06-07","KATEGORI":"S-1","NAMA":"WINDA HAMNI YANDA DAULAY","TGL_LAHIR":"2000-07-01","JENIS_KELAMIN":"P","ALAMAT":"JL.KAMPUNG BARU GG.MUJUR","EMAIL":"winda.daulay17@gmail.com","TELP":"081298748797","EXPIRED":null},{"NIM":"181401033","PRODI":"821","TGL_REGISTRASI":"2018-06-07","KATEGORI":"S-1","NAMA":"Nurhanisah Hasibuan","TGL_LAHIR":"2000-05-04","JENIS_KELAMIN":"P","ALAMAT":"DUSUN KUALA SIMPANG DESA TERANG BULAN  KEC. AEK NATAS","EMAIL":"nurhanisahhsb30548@gmail.com","TELP":"082272820238","EXPIRED":null},{"NIM":"181401034","PRODI":"821","TGL_REGISTRASI":"2018-06-08","KATEGORI":"S-1","NAMA":"FAHRIZA RIANDA","TGL_LAHIR":"2000-12-05","JENIS_KELAMIN":"L","ALAMAT":"Jalan Kuini Lk.V Limau Sundai Kecamatan Binjai Barat","EMAIL":"izarian321@gmail.com","TELP":"085762101660","EXPIRED":null},{"NIM":"181401035","PRODI":"821","TGL_REGISTRASI":"2018-06-08","KATEGORI":"S-1","NAMA":"AHMAD MUNIF HASIBUAN","TGL_LAHIR":"1999-09-01","JENIS_KELAMIN":"L","ALAMAT":"JL.BATANG GADIS NO.19 ","EMAIL":"munif9913@gmail.com","TELP":"085373535054","EXPIRED":null},{"NIM":"181401036","PRODI":"821","TGL_REGISTRASI":"2018-06-08","KATEGORI":"S-1","NAMA":"CINDY HARTANTI NAINGGOLAN","TGL_LAHIR":"1999-10-25","JENIS_KELAMIN":"P","ALAMAT":"Jalan Seto Lrg. Sipirok No. 23 Medan","EMAIL":"nainggolan1999@gmail.com","TELP":"08126475327","EXPIRED":null},{"NIM":"181401037","PRODI":"821","TGL_REGISTRASI":"2018-06-08","KATEGORI":"S-1","NAMA":"MUHAMMAD IBNU HANDRIANSYAH","TGL_LAHIR":"2000-08-21","JENIS_KELAMIN":"L","ALAMAT":"JL TUAMANG NO 129 MEDAN LK XII","EMAIL":"ihandriansyah@gmail.com","TELP":"08163142915","EXPIRED":null},{"NIM":"181401038","PRODI":"821","TGL_REGISTRASI":"2018-06-08","KATEGORI":"S-1","NAMA":"ANDA ARIF GINTING","TGL_LAHIR":"2000-07-15","JENIS_KELAMIN":"L","ALAMAT":"JLN JAMIN GINTING GG PERSADA INDAH LR JATI IV ","EMAIL":"andaginting2of4brothers@gmail.com ","TELP":"085760659307","EXPIRED":null},{"NIM":"181401039","PRODI":"821","TGL_REGISTRASI":"2018-06-08","KATEGORI":"S-1","NAMA":"SHINTA OKTAVIOLA WAOMA","TGL_LAHIR":"1999-10-21","JENIS_KELAMIN":"P","ALAMAT":"DUSUN III AMAN DAMAI DESA AMAN DAMAI KECAMATAN SIRAPIT KABUPATEN LANGKAT","EMAIL":"","TELP":"082294345911","EXPIRED":null},{"NIM":"181401040","PRODI":"821","TGL_REGISTRASI":"2018-06-08","KATEGORI":"S-1","NAMA":"DWI MARTIN SINAMBELA","TGL_LAHIR":"2000-03-19","JENIS_KELAMIN":"L","ALAMAT":"Dsn III Perk Aek Pamienke Kecamatan Aek Natas Kabupaten Labuhanbatu Utara","EMAIL":"Martine.cfc369@gmail.com","TELP":"085362494324","EXPIRED":null},{"NIM":"181401041","PRODI":"821","TGL_REGISTRASI":"2018-06-08","KATEGORI":"S-1","NAMA":"Wulan Irdana Simanjuntak","TGL_LAHIR":"2000-11-04","JENIS_KELAMIN":"P","ALAMAT":"Jl. D.I Panjaitan No.21 Pakkat ","EMAIL":"0","TELP":"081907644317","EXPIRED":null},{"NIM":"181401042","PRODI":"821","TGL_REGISTRASI":"2018-06-08","KATEGORI":"S-1","NAMA":"SYAIPUL ANWAR NASUTION","TGL_LAHIR":"1999-05-17","JENIS_KELAMIN":"L","ALAMAT":"0","EMAIL":"","TELP":"082275371857","EXPIRED":null},{"NIM":"181401043","PRODI":"821","TGL_REGISTRASI":"2018-06-08","KATEGORI":"S-1","NAMA":"DILA ADE TASYA DAMANIK","TGL_LAHIR":"2000-07-17","JENIS_KELAMIN":"P","ALAMAT":"ASRAMA KODIM 0213 NIAS","EMAIL":"ddilaadetasya@yahoo.com","TELP":"085359567144","EXPIRED":null},{"NIM":"181401044","PRODI":"821","TGL_REGISTRASI":"2018-07-24","KATEGORI":"S-1","NAMA":"MICHAEL JASWIN DAMANIK","TGL_LAHIR":"2000-11-14","JENIS_KELAMIN":"L","ALAMAT":"JLN. PEMATANG SK : 3\/26 NO. 11-A","EMAIL":"michaeljaswindamanik@gmail.com","TELP":"082215448287","EXPIRED":null},{"NIM":"181401045","PRODI":"821","TGL_REGISTRASI":"2018-07-24","KATEGORI":"S-1","NAMA":"JESSICA GRASIELA PENYRIA","TGL_LAHIR":"1999-06-24","JENIS_KELAMIN":"P","ALAMAT":"JL. KAMBOJA 3 LK 10 NO 103 MEDAN HELVETIA","EMAIL":"jessicagracielaaa@gmail.com","TELP":"085275312700","EXPIRED":null},{"NIM":"181401046","PRODI":"821","TGL_REGISTRASI":"2018-07-24","KATEGORI":"S-1","NAMA":"DICKY A MANURUNG","TGL_LAHIR":"1999-02-11","JENIS_KELAMIN":"L","ALAMAT":"Jl. Surung Dayung No. 10B","EMAIL":"dickymanurung1417@gmail.com","TELP":"085370710017","EXPIRED":null},{"NIM":"181401047","PRODI":"821","TGL_REGISTRASI":"2018-07-24","KATEGORI":"S-1","NAMA":"GESSEL LEON BREMANA","TGL_LAHIR":"2000-10-18","JENIS_KELAMIN":"L","ALAMAT":"JL. BHUMI MAS IV No.1 KAWASAN CIKUPA MAS, TANGERANG","EMAIL":"geelbees18@gmail.com","TELP":"087771312356","EXPIRED":null},{"NIM":"181401048","PRODI":"821","TGL_REGISTRASI":"2018-07-24","KATEGORI":"S-1","NAMA":"MOHAMMAD RAJA ALFACH","TGL_LAHIR":"2000-08-04","JENIS_KELAMIN":"L","ALAMAT":"Jl.Kalialang Lama 3 No.27 Rt4 Rw1 Gunung Pati, Semarang","EMAIL":"Rajadalimunthe0108@gmail.com","TELP":"081329867303","EXPIRED":null},{"NIM":"181401049","PRODI":"821","TGL_REGISTRASI":"2018-07-24","KATEGORI":"S-1","NAMA":"ALVIN ADAM NASUTION","TGL_LAHIR":"1999-12-06","JENIS_KELAMIN":"L","ALAMAT":"Jl Suluh No 10 Medan","EMAIL":"alvinadamn@gmail.com","TELP":"081260056427","EXPIRED":null},{"NIM":"181401050","PRODI":"821","TGL_REGISTRASI":"2018-07-24","KATEGORI":"S-1","NAMA":"WILBERT CAPRI","TGL_LAHIR":"2000-12-29","JENIS_KELAMIN":"L","ALAMAT":"Jl. Bridjend Zein Hamid Gg. Saedah Blok C No 38","EMAIL":"wilbertc2912@gmail.com","TELP":"087766118693","EXPIRED":null},{"NIM":"181401051","PRODI":"821","TGL_REGISTRASI":"2018-07-24","KATEGORI":"S-1","NAMA":"SANTO MATTHEW ALESSANDRO","TGL_LAHIR":"2000-08-22","JENIS_KELAMIN":"L","ALAMAT":"VILLA INDAH PERMAI BLOK E9 NO.8 RT 007 RW 033 KELURAHAN TELUK PUCUNG KECAMATAN BEKASI UTARA","EMAIL":"matthewalesandro78@gmail.com","TELP":"08118114512","EXPIRED":null},{"NIM":"181401052","PRODI":"821","TGL_REGISTRASI":"2018-07-24","KATEGORI":"S-1","NAMA":"FAUZI SUTIONO","TGL_LAHIR":"2000-09-29","JENIS_KELAMIN":"L","ALAMAT":"Jln.Utama Dsn.VIII","EMAIL":"sutionofauzi@gmail.com","TELP":"082164388958","EXPIRED":null},{"NIM":"181401053","PRODI":"821","TGL_REGISTRASI":"2018-07-24","KATEGORI":"S-1","NAMA":"PANGERAN GABRIEL VIBRATAMA PARDEDE","TGL_LAHIR":"1999-11-05","JENIS_KELAMIN":"L","ALAMAT":"Jalan Seroja No.17 Kisaran","EMAIL":"pangeranpardede1999@gmail.com","TELP":"085297614950","EXPIRED":null},{"NIM":"181401054","PRODI":"821","TGL_REGISTRASI":"2018-07-24","KATEGORI":"S-1","NAMA":"MUHAMMAD ICHSANUL DAFFA SIREGAR","TGL_LAHIR":"2000-01-14","JENIS_KELAMIN":"L","ALAMAT":"Komp. Bumi Seroja Permai C-42, Jl. Gagak Hitam, Sunggal, Medan","EMAIL":"daffa.siregar14@yahoo.com","TELP":"0618471854","EXPIRED":null},{"NIM":"181401055","PRODI":"821","TGL_REGISTRASI":"2018-07-24","KATEGORI":"S-1","NAMA":"OCTORICO HAPOSAN MARVIN","TGL_LAHIR":"2000-10-29","JENIS_KELAMIN":"L","ALAMAT":"Jl Turi no 130.06 RT 003 Kelurahan Sudirejo I Kecamatan Medan Kota","EMAIL":"octogz@gmail.com","TELP":"081377061032","EXPIRED":null},{"NIM":"181401056","PRODI":"821","TGL_REGISTRASI":"2018-07-24","KATEGORI":"S-1","NAMA":"ALTAHA","TGL_LAHIR":"2000-12-11","JENIS_KELAMIN":"L","ALAMAT":"Jalan Rawa Cangkuk IV Nomor 1 A, Kecamatan Medan Denai, Kelurahan Tegal Sari Mandala III, Kota Medan.","EMAIL":"altahabinsyafriadi@gmail.com","TELP":"081375790039","EXPIRED":null},{"NIM":"181401057","PRODI":"821","TGL_REGISTRASI":"2018-07-24","KATEGORI":"S-1","NAMA":"KRISNA FEBRIANSYAH","TGL_LAHIR":"2001-02-12","JENIS_KELAMIN":"L","ALAMAT":"Jl. Marelan v psr. 2 barat gg. Putri","EMAIL":"krisnaf43@gmail.com","TELP":"082349490569","EXPIRED":null},{"NIM":"181401058","PRODI":"821","TGL_REGISTRASI":"2018-07-24","KATEGORI":"S-1","NAMA":"GILBERT JAPAR","TGL_LAHIR":"2000-08-16","JENIS_KELAMIN":"L","ALAMAT":"Jl. Jend. Sudirman No.57-A LK.1","EMAIL":"gilbertjapar@gmail.com","TELP":"089699804287","EXPIRED":null},{"NIM":"181401059","PRODI":"821","TGL_REGISTRASI":"2018-07-24","KATEGORI":"S-1","NAMA":"KANIA ULFA LUBIS","TGL_LAHIR":"2000-06-10","JENIS_KELAMIN":"P","ALAMAT":"Jl. Bakti KNPI Gg. Perdana, Ujung Padang","EMAIL":"kania_ulfa@yahoo.com","TELP":"082277970962","EXPIRED":null},{"NIM":"181401060","PRODI":"821","TGL_REGISTRASI":"2018-07-24","KATEGORI":"S-1","NAMA":"FATHUR RACHMAN NASUTION","TGL_LAHIR":"2000-08-28","JENIS_KELAMIN":"L","ALAMAT":"Jl. Bilal UJung Gg Mesjid No 38 C","EMAIL":"fathurrachman2834@gmail.com","TELP":"089637194542","EXPIRED":null},{"NIM":"181401061","PRODI":"821","TGL_REGISTRASI":"2018-07-24","KATEGORI":"S-1","NAMA":"M RIFKY A MUNIR","TGL_LAHIR":"2000-08-15","JENIS_KELAMIN":"L","ALAMAT":"Taman Setia Budi Indah Blok VV nomor 154, Medan Sunggal, Tanjung Rejo","EMAIL":"rifkymunir@gmail.com","TELP":"0618201134","EXPIRED":null},{"NIM":"181401062","PRODI":"821","TGL_REGISTRASI":"2018-07-25","KATEGORI":"S-1","NAMA":"ELBERT SANJAYA","TGL_LAHIR":"2001-02-27","JENIS_KELAMIN":"L","ALAMAT":"HM YAMIN SH GG BELIMBING NO.2 C MEDAN","EMAIL":"elbert2701@gmail.com","TELP":"085296145290","EXPIRED":null},{"NIM":"181401063","PRODI":"821","TGL_REGISTRASI":"2018-07-25","KATEGORI":"S-1","NAMA":"MUHAMMAD AFIS SYAH H","TGL_LAHIR":"2001-02-28","JENIS_KELAMIN":"L","ALAMAT":"JALAN UNIVERSITAS NO.46 KAMPUS USU MEDAN","EMAIL":"","TELP":"081361370790","EXPIRED":null},{"NIM":"181401064","PRODI":"821","TGL_REGISTRASI":"2018-07-25","KATEGORI":"S-1","NAMA":"FAUZAN NOVALDI","TGL_LAHIR":"2000-11-12","JENIS_KELAMIN":"L","ALAMAT":"JL. SEMBADA VIII NO 7 LK XII","EMAIL":"fauzan.club@gmail.com","TELP":"081279499820","EXPIRED":null},{"NIM":"181401065","PRODI":"821","TGL_REGISTRASI":"2018-07-25","KATEGORI":"S-1","NAMA":"RUBENHARD MANAT HASIHOLAN LUMBANTOBING","TGL_LAHIR":"2000-10-09","JENIS_KELAMIN":"L","ALAMAT":"jalan farel pasaribu no.14","EMAIL":"krawarang98@gmail.com","TELP":"083197999401","EXPIRED":null},{"NIM":"181401066","PRODI":"821","TGL_REGISTRASI":"2018-07-25","KATEGORI":"S-1","NAMA":"M ERALD SETYAKI S","TGL_LAHIR":"2000-06-14","JENIS_KELAMIN":"L","ALAMAT":"BTN Puri Perawang Blok H No.47 KM.09","EMAIL":"erald.muhammad@gmail.com","TELP":"082173154102","EXPIRED":null},{"NIM":"181401067","PRODI":"821","TGL_REGISTRASI":"2018-07-25","KATEGORI":"S-1","NAMA":"TOMMY LOHIL","TGL_LAHIR":"2000-05-23","JENIS_KELAMIN":"L","ALAMAT":"Jl Berlian Sari no 77","EMAIL":"tommylohil23052000@gmail.com","TELP":"082363508765","EXPIRED":null},{"NIM":"181401068","PRODI":"821","TGL_REGISTRASI":"2018-07-25","KATEGORI":"S-1","NAMA":"MUHAMMAD HAEKAL FAJRI ARTIANDA SIMATUPANG","TGL_LAHIR":"2000-05-06","JENIS_KELAMIN":"L","ALAMAT":"Jl. Keadilan no. 443","EMAIL":"haekalfajri123@gmail.com","TELP":"082273585905","EXPIRED":null},{"NIM":"181401069","PRODI":"821","TGL_REGISTRASI":"2018-07-25","KATEGORI":"S-1","NAMA":"DWI AULIA ANDINI","TGL_LAHIR":"2000-04-30","JENIS_KELAMIN":"P","ALAMAT":"Jalan Cendrawasih Citaman Jernih Dusun II Perbaungan","EMAIL":"dinidaw@gmail.com","TELP":"081370391111","EXPIRED":null},{"NIM":"181401070","PRODI":"821","TGL_REGISTRASI":"2018-07-25","KATEGORI":"S-1","NAMA":"CALVIN SYAHPUTRA","TGL_LAHIR":"2000-05-09","JENIS_KELAMIN":"L","ALAMAT":"Dusun III Namo Simpur,  Pancur Batu","EMAIL":"-","TELP":"082160383130","EXPIRED":null},{"NIM":"181401071","PRODI":"821","TGL_REGISTRASI":"2018-07-25","KATEGORI":"S-1","NAMA":"PRIMA TONDY ARYA K","TGL_LAHIR":"2000-02-04","JENIS_KELAMIN":"L","ALAMAT":"JL. Medan Binjai Km.16,5 Komp. Bukit Mas A 18","EMAIL":"prima_kurniawan@yahoo.com","TELP":"081265765475","EXPIRED":null},{"NIM":"181401072","PRODI":"821","TGL_REGISTRASI":"2018-07-25","KATEGORI":"S-1","NAMA":"FIQRI RAMADHAN TAMBUNAN","TGL_LAHIR":"2000-11-27","JENIS_KELAMIN":"L","ALAMAT":"Jl. Cahaya no. 1","EMAIL":"ramadhanfiqri190@gmail.com","TELP":"085262828226","EXPIRED":null},{"NIM":"181401073","PRODI":"821","TGL_REGISTRASI":"2018-07-25","KATEGORI":"S-1","NAMA":"M DAFFA ABIGAIL","TGL_LAHIR":"2000-10-19","JENIS_KELAMIN":"L","ALAMAT":"Jl. Tempua Komp. Tempua Residence B3 Kel.Sei Sikambing B, Sunggal (Alamat Tinggal)","EMAIL":"mdaffa.abigail@gmail.com","TELP":"081317778395","EXPIRED":null},{"NIM":"181401074","PRODI":"821","TGL_REGISTRASI":"2018-07-25","KATEGORI":"S-1","NAMA":"NIKITA ANANDA PUTRI MASALING","TGL_LAHIR":"1999-09-29","JENIS_KELAMIN":"P","ALAMAT":"New Tiban Housing Blok E4 No. 6 Sekupang","EMAIL":"nikichyy@gmail.com","TELP":"0","EXPIRED":null},{"NIM":"181401075","PRODI":"821","TGL_REGISTRASI":"2018-07-25","KATEGORI":"S-1","NAMA":"DHARMAWAN","TGL_LAHIR":"2000-12-16","JENIS_KELAMIN":"L","ALAMAT":"Jalan Pandu No.2T\/73 Medan","EMAIL":"dharmawan1612@yahoo.com","TELP":"082273476000","EXPIRED":null},{"NIM":"181401076","PRODI":"821","TGL_REGISTRASI":"2018-07-26","KATEGORI":"S-1","NAMA":"ANGGA MAULANA PUTRA","TGL_LAHIR":"2000-04-20","JENIS_KELAMIN":"L","ALAMAT":"Jl.Suluh No.54 Kel.Sidorejo Kec.Medan Tembung","EMAIL":"angga.prasetyo2004@gmail.com","TELP":"082282843427","EXPIRED":null},{"NIM":"181401077","PRODI":"821","TGL_REGISTRASI":"2018-07-26","KATEGORI":"S-1","NAMA":"TEGAR RIZKI AKBAR SINAGA","TGL_LAHIR":"2002-07-09","JENIS_KELAMIN":"L","ALAMAT":"JL. BILAL GG. BUDI NO. 12","EMAIL":"tegarsinaga46@gmail.com","TELP":"081279170105","EXPIRED":null},{"NIM":"181401078","PRODI":"821","TGL_REGISTRASI":"2018-07-26","KATEGORI":"S-1","NAMA":"SHAFWAN HADI UMRI LUBIS","TGL_LAHIR":"2000-11-09","JENIS_KELAMIN":"L","ALAMAT":"Jl. Pamoting no.6 , kecamatan siantar","EMAIL":"shafwanhadiumri@gmail.com","TELP":"081265407635","EXPIRED":null},{"NIM":"181401079","PRODI":"821","TGL_REGISTRASI":"2018-07-26","KATEGORI":"S-1","NAMA":"RAUZAN AHMAD FAHREZA","TGL_LAHIR":"1999-11-21","JENIS_KELAMIN":"L","ALAMAT":"DUSUN I DESA SEI MENCIRIM","EMAIL":"rauzanahmad34@gmail.com","TELP":"081361139642","EXPIRED":null},{"NIM":"181401080","PRODI":"821","TGL_REGISTRASI":"2018-07-26","KATEGORI":"S-1","NAMA":"ARES DAVID LUMBANTORUAN","TGL_LAHIR":"2001-03-29","JENIS_KELAMIN":"L","ALAMAT":"JL. Sisingamangaraja, KEC Pasar Siborongborong","EMAIL":"aresdavid877@gmail.com","TELP":"082165321098","EXPIRED":null},{"NIM":"181401081","PRODI":"821","TGL_REGISTRASI":"2018-07-26","KATEGORI":"S-1","NAMA":"MUHAMMAD SYARIF RIDHO RAMBE","TGL_LAHIR":"2000-05-29","JENIS_KELAMIN":"L","ALAMAT":"Jl.Menteng VII Gg Sehati No 17","EMAIL":"msyrre29@gmail.com","TELP":"082278809897","EXPIRED":null},{"NIM":"181401082","PRODI":"821","TGL_REGISTRASI":"2018-07-26","KATEGORI":"S-1","NAMA":"FAHMI ZULFANDY","TGL_LAHIR":"2000-09-11","JENIS_KELAMIN":"L","ALAMAT":"Jl.Sei Mencirim Dusun IV Medan Krio No.54","EMAIL":"fahmizulfandy1@gmail.com","TELP":"081264532457","EXPIRED":null},{"NIM":"181401083","PRODI":"821","TGL_REGISTRASI":"2018-07-26","KATEGORI":"S-1","NAMA":"TENGKU AZZAHRA","TGL_LAHIR":"2000-01-28","JENIS_KELAMIN":"P","ALAMAT":"jl.selamat gg.rukun no.152 h","EMAIL":"tengkushafiyah03@gmail.com","TELP":"081260198236","EXPIRED":null},{"NIM":"181401084","PRODI":"821","TGL_REGISTRASI":"2018-07-26","KATEGORI":"S-1","NAMA":"MUHAMMAD DAFFA SHIDQI","TGL_LAHIR":"2000-10-28","JENIS_KELAMIN":"L","ALAMAT":"JL AR HAKIM GG SERIMPI NO 15","EMAIL":"daffashid28@gmail.com","TELP":"089678931998","EXPIRED":null},{"NIM":"181401085","PRODI":"821","TGL_REGISTRASI":"2018-07-26","KATEGORI":"S-1","NAMA":"HASRAT HAREFA","TGL_LAHIR":"2000-03-21","JENIS_KELAMIN":"L","ALAMAT":"DESA HILIHAO KECAMATAN GUNUNGSITOLI, KOTA GUNUNGSITOLI, SUMATERA UTARA","EMAIL":"hasratharefa21@gmail.com","TELP":"","EXPIRED":null},{"NIM":"181401086","PRODI":"821","TGL_REGISTRASI":"2018-07-26","KATEGORI":"S-1","NAMA":"YUDHA TRIYA","TGL_LAHIR":"1999-05-22","JENIS_KELAMIN":"L","ALAMAT":"Jl. Ikan Arwana LK.III","EMAIL":"yudhatriya07@gmail.com","TELP":"082165008557","EXPIRED":null},{"NIM":"181401087","PRODI":"821","TGL_REGISTRASI":"2018-07-26","KATEGORI":"S-1","NAMA":"MUHAMMAD FAHRUR ROZI BUTAR-BUTAR","TGL_LAHIR":"2000-07-08","JENIS_KELAMIN":"L","ALAMAT":"Jl Deli No. 32 Perbaungan","EMAIL":"mfrbb1@gmail.com","TELP":"082166644232","EXPIRED":null},{"NIM":"181401088","PRODI":"821","TGL_REGISTRASI":"2018-07-26","KATEGORI":"S-1","NAMA":"KHALIL AKBAR MANULLANG","TGL_LAHIR":"2001-01-09","JENIS_KELAMIN":"L","ALAMAT":"jl teratai huta IV purbasari","EMAIL":"khalil.pem@gmail.com","TELP":"085276594949","EXPIRED":null},{"NIM":"181401089","PRODI":"821","TGL_REGISTRASI":"2018-07-26","KATEGORI":"S-1","NAMA":"FAUZAN ZAMAN","TGL_LAHIR":"2000-12-15","JENIS_KELAMIN":"L","ALAMAT":"Jl parkit 10 no 191","EMAIL":"Fauzanzaman1523@gmail.com","TELP":"08126443814","EXPIRED":null},{"NIM":"181401090","PRODI":"821","TGL_REGISTRASI":"2018-07-27","KATEGORI":"S-1","NAMA":"AYUNDA PUTRI","TGL_LAHIR":"2001-04-19","JENIS_KELAMIN":"P","ALAMAT":"Jl. Bunga Asoka Gg. Sandi No. 102 Medan","EMAIL":"Ayundaptr19@gmail.com","TELP":"089630538765","EXPIRED":null},{"NIM":"181401091","PRODI":"821","TGL_REGISTRASI":"2018-07-27","KATEGORI":"S-1","NAMA":"WILLIAM A.SIJABAT","TGL_LAHIR":"2001-03-23","JENIS_KELAMIN":"L","ALAMAT":"Jln. Asrama III No. 7B","EMAIL":"william.sijabat@yahoo.com","TELP":"081269878538","EXPIRED":null},{"NIM":"181401092","PRODI":"821","TGL_REGISTRASI":"2018-07-27","KATEGORI":"S-1","NAMA":"M HADY FACHRI","TGL_LAHIR":"2001-01-03","JENIS_KELAMIN":"L","ALAMAT":"Jl. Tgk M. Luddin, Pengkala - Blangkejeren, Gayo Lues","EMAIL":"hady.fachri77@gmail.com","TELP":"085297035999","EXPIRED":null},{"NIM":"181401093","PRODI":"821","TGL_REGISTRASI":"2018-07-27","KATEGORI":"S-1","NAMA":"WILLY NOVERIKSON HUTABARAT","TGL_LAHIR":"1998-11-29","JENIS_KELAMIN":"L","ALAMAT":"Jl. Pintu air IV Gg garu Simalingkar B","EMAIL":"willyhutabarat2911@gmail.com","TELP":"082276323641","EXPIRED":null},{"NIM":"181401094","PRODI":"821","TGL_REGISTRASI":"2018-07-27","KATEGORI":"S-1","NAMA":"RUHUT M SIMANJUNTAK","TGL_LAHIR":"2000-12-27","JENIS_KELAMIN":"L","ALAMAT":"Jalan jahe 7 nomor 13 Perumnas Simalingkar","EMAIL":"ruhutjuntak99@gmail.com","TELP":"082167707322","EXPIRED":null},{"NIM":"181401095","PRODI":"821","TGL_REGISTRASI":"2018-07-27","KATEGORI":"S-1","NAMA":"ARVIN SEBASTIAN CHANDRA","TGL_LAHIR":"2000-02-10","JENIS_KELAMIN":"L","ALAMAT":"Jln. SM Raja Gg.Belimbing","EMAIL":"arvin2chandra@gmail.com","TELP":"0895388621375","EXPIRED":null},{"NIM":"181401096","PRODI":"821","TGL_REGISTRASI":"2018-07-27","KATEGORI":"S-1","NAMA":"RACHEL EMERALDA SITUMORANG","TGL_LAHIR":"1998-10-15","JENIS_KELAMIN":"P","ALAMAT":"JL LIZADRI PUTRA KOMP. KEHUTANAN","EMAIL":"rachelemeralda15@gmail.com","TELP":"082250799831","EXPIRED":null},{"NIM":"181401097","PRODI":"821","TGL_REGISTRASI":"2018-07-30","KATEGORI":"S-1","NAMA":"TRESNANINGTYAS WIBOWO","TGL_LAHIR":"2000-02-17","JENIS_KELAMIN":"L","ALAMAT":"Tigaras","EMAIL":"tresnawibowo17@gmail.com","TELP":"085261089360","EXPIRED":null},{"NIM":"181401098","PRODI":"821","TGL_REGISTRASI":"2018-08-06","KATEGORI":"S-1","NAMA":"MITA FITRIA DAULAY","TGL_LAHIR":"2000-01-27","JENIS_KELAMIN":"P","ALAMAT":"Desa hapesong baru kecamatan batang toru kabupaten tapanuli selatan","EMAIL":"mitafitria.zhaa11@gmail.com","TELP":"081260226798","EXPIRED":null},{"NIM":"181401099","PRODI":"821","TGL_REGISTRASI":"2018-08-06","KATEGORI":"S-1","NAMA":"IKA SYAFITRI","TGL_LAHIR":"2000-01-08","JENIS_KELAMIN":"P","ALAMAT":"JL. R SUPRAPTO LINGK VIII KWALA BINGAI STABAT","EMAIL":"ikasyafitri080100@gmail.com","TELP":"081260633356","EXPIRED":null},{"NIM":"181401100","PRODI":"821","TGL_REGISTRASI":"2018-08-06","KATEGORI":"S-1","NAMA":"KELVIN WIJAYA","TGL_LAHIR":"2000-07-23","JENIS_KELAMIN":"L","ALAMAT":"Jalan PWS Nomor 83-A","EMAIL":"KelvinWijayaPro34@gmail.com","TELP":"083198108117","EXPIRED":null},{"NIM":"181401101","PRODI":"821","TGL_REGISTRASI":"2018-08-06","KATEGORI":"S-1","NAMA":"RONA LAMTIUR SIPAHUTAR","TGL_LAHIR":"2000-09-16","JENIS_KELAMIN":"P","ALAMAT":"JL.I.L. NOMENSEN","EMAIL":"ronasipahutar4@gmail.com","TELP":"081263572275","EXPIRED":null},{"NIM":"181401102","PRODI":"821","TGL_REGISTRASI":"2018-08-06","KATEGORI":"S-1","NAMA":"ANISAH BALQIAH ANAWANTI","TGL_LAHIR":"2000-05-02","JENIS_KELAMIN":"P","ALAMAT":"JALAN LUMBA LUMBA LK.1 KEL.BUNUT BARAT KEC.KOTA KISARAN BARAT","EMAIL":"anichan1412@gmail.com","TELP":"085261002234","EXPIRED":null},{"NIM":"181401103","PRODI":"821","TGL_REGISTRASI":"2018-08-06","KATEGORI":"S-1","NAMA":"ARYA WARANGGANA SUSILO","TGL_LAHIR":"2000-06-12","JENIS_KELAMIN":"L","ALAMAT":"Jl.Eka Surya Komp.Grand Monaco Blok.JJ.01","EMAIL":"aryarangga2000@gmail.com","TELP":"085372727292","EXPIRED":null},{"NIM":"181401104","PRODI":"821","TGL_REGISTRASI":"2018-08-06","KATEGORI":"S-1","NAMA":"ANNISA MUKHRI","TGL_LAHIR":"2000-02-11","JENIS_KELAMIN":"P","ALAMAT":"Jl. Eka Rasmi, Komplek. Bumi Johor Sentosa, Blok C No. 14","EMAIL":"mukhriannisa@gmail.com","TELP":"082165258900","EXPIRED":null},{"NIM":"181401105","PRODI":"821","TGL_REGISTRASI":"2018-08-06","KATEGORI":"S-1","NAMA":"AMHAR SYAKURO NASUTION","TGL_LAHIR":"2000-04-08","JENIS_KELAMIN":"L","ALAMAT":"JL. BANTAN NO 12 LK III MEDAN","EMAIL":"amharsyakuronasution@gmail.com","TELP":"082272549044","EXPIRED":null},{"NIM":"181401106","PRODI":"821","TGL_REGISTRASI":"2018-08-06","KATEGORI":"S-1","NAMA":"AHMAD FAISAL SIREGAR","TGL_LAHIR":"2000-08-27","JENIS_KELAMIN":"L","ALAMAT":"JL. ASO ASO NO. 95 \/ LINGKUNGAN III KOTA SIBOLGA","EMAIL":"af848132@gmail.com","TELP":"081377070306","EXPIRED":null},{"NIM":"181401107","PRODI":"821","TGL_REGISTRASI":"2018-08-06","KATEGORI":"S-1","NAMA":"FRISELLA NATALIDA","TGL_LAHIR":"2000-12-19","JENIS_KELAMIN":"P","ALAMAT":"Jalan Sembada X Dalam Nomor 6","EMAIL":"frsllnp19@yahoo.com","TELP":"085277033012","EXPIRED":null},{"NIM":"181401108","PRODI":"821","TGL_REGISTRASI":"2018-08-06","KATEGORI":"S-1","NAMA":"DAWIN GUNAWAN","TGL_LAHIR":"2000-04-12","JENIS_KELAMIN":"L","ALAMAT":"Jln.senangin no.42","EMAIL":"dawingun12@gmail.com","TELP":"087897481328","EXPIRED":null},{"NIM":"181401109","PRODI":"821","TGL_REGISTRASI":"2018-08-06","KATEGORI":"S-1","NAMA":"BENYAMIN PRAVALENT SIREGAR","TGL_LAHIR":"2000-02-10","JENIS_KELAMIN":"L","ALAMAT":"Komp.Griya Asam Kumbang Blok A NO.9","EMAIL":"pravalentbenyamin@gmail.com","TELP":"08116000534","EXPIRED":null},{"NIM":"181401110","PRODI":"821","TGL_REGISTRASI":"2018-08-06","KATEGORI":"S-1","NAMA":"RICKY BERLANDO RAJAGUKGUK","TGL_LAHIR":"2000-11-30","JENIS_KELAMIN":"L","ALAMAT":"Perumahan Taman Setia Budi Indah blok FF no 8 Medan","EMAIL":"berlandoricky@gmail.com","TELP":"081271679539","EXPIRED":null},{"NIM":"181401111","PRODI":"821","TGL_REGISTRASI":"2018-08-06","KATEGORI":"S-1","NAMA":"ADITIYA WANGSA","TGL_LAHIR":"2000-04-14","JENIS_KELAMIN":"L","ALAMAT":"jalan alfaka 7 no 6 tanjung mulia hilir","EMAIL":"adityawangsa.wa@gmail.com","TELP":"082277082713","EXPIRED":null},{"NIM":"181401112","PRODI":"821","TGL_REGISTRASI":"2018-08-06","KATEGORI":"S-1","NAMA":"HAFIZH AMRULLAH","TGL_LAHIR":"2000-03-24","JENIS_KELAMIN":"L","ALAMAT":"Jl. Bandar Labuhan perum. Bandala Asri blok C5 no.1, Kec. Tanjung Morawa, Kab. Deli Serdang","EMAIL":"hafizhamrullah2403@gmail.com","TELP":"0895614169798","EXPIRED":null},{"NIM":"181401113","PRODI":"821","TGL_REGISTRASI":"2018-08-06","KATEGORI":"S-1","NAMA":"BENNI L M SINAGA","TGL_LAHIR":"2000-06-06","JENIS_KELAMIN":"L","ALAMAT":"Jalan. Bhakti, Desa Lumban Barat, Kecamatan Paranginan","EMAIL":"bennysinaga28@gmail.com","TELP":"081269682348","EXPIRED":null},{"NIM":"181401114","PRODI":"821","TGL_REGISTRASI":"2018-08-06","KATEGORI":"S-1","NAMA":"MUHAMMAD RAMADHAN RIZKI DAULAY","TGL_LAHIR":"1999-12-20","JENIS_KELAMIN":"L","ALAMAT":"Jl. Klambir V, Gg. Samirujuk, No.8, Tj. Gusta, Medan Helvetia, Medan","EMAIL":"ramarizki108@gmail.com","TELP":"085270871166","EXPIRED":null},{"NIM":"181401115","PRODI":"821","TGL_REGISTRASI":"2018-08-06","KATEGORI":"S-1","NAMA":"CALVIN SACTION PANJAITAN","TGL_LAHIR":"2000-10-01","JENIS_KELAMIN":"L","ALAMAT":"Jl. Seroja Permai\/Seroja VIII\nKel. Tanjung Selamat\nKec. Medan Tuntungan","EMAIL":"panjaitan.ondo@gmail.com","TELP":"085361227656","EXPIRED":null},{"NIM":"181401116","PRODI":"821","TGL_REGISTRASI":"2018-08-06","KATEGORI":"S-1","NAMA":"CHYNTIA NOVRIANTI KUDADIRI","TGL_LAHIR":"2000-11-14","JENIS_KELAMIN":"P","ALAMAT":"HUTA LIMBONG KOTA PADANG SIDEMPUAN","EMAIL":"chyntiakudadiri@gmail.com","TELP":"082273519100","EXPIRED":null},{"NIM":"181401117","PRODI":"821","TGL_REGISTRASI":"2018-08-06","KATEGORI":"S-1","NAMA":"ARY BOBY SIREGAR","TGL_LAHIR":"2000-11-02","JENIS_KELAMIN":"L","ALAMAT":"Jl.Menteng Indah 6G Blok D-6 No 7","EMAIL":"aryboby1@gmail.com","TELP":"082273025671","EXPIRED":null},{"NIM":"181401118","PRODI":"821","TGL_REGISTRASI":"2018-08-06","KATEGORI":"S-1","NAMA":"MHD IQBAL MAULANA","TGL_LAHIR":"2000-12-25","JENIS_KELAMIN":"L","ALAMAT":"jalan sidodadi perumahan graha deli permai blok d\/13 no3","EMAIL":"imuhammad654@gmail.com","TELP":"081264512491","EXPIRED":null},{"NIM":"181401119","PRODI":"821","TGL_REGISTRASI":"2018-08-06","KATEGORI":"S-1","NAMA":"ACHMAD YUSUF BARMAWI","TGL_LAHIR":"2000-10-02","JENIS_KELAMIN":"L","ALAMAT":"Jalan Manggis No 9 Medan","EMAIL":"awibarmawi7@gmail.com","TELP":"4558527","EXPIRED":null},{"NIM":"181401120","PRODI":"821","TGL_REGISTRASI":"2018-08-07","KATEGORI":"S-1","NAMA":"PASKAHL HERBERT SIMARMATA","TGL_LAHIR":"2000-04-23","JENIS_KELAMIN":"L","ALAMAT":"DUSUN XV JATI PERMAI BLOK D NO. 09 LUBUK PAKAM","EMAIL":"Spaskahl@gmail.com","TELP":"082370656470","EXPIRED":null},{"NIM":"181401121","PRODI":"821","TGL_REGISTRASI":"2018-08-07","KATEGORI":"S-1","NAMA":"JOE JONATHAN SITINJAK","TGL_LAHIR":"2000-12-27","JENIS_KELAMIN":"L","ALAMAT":"Jalan D.I. Panjaitan No.270 Tarutung","EMAIL":"Joejonathansitinjak@yahoo.com","TELP":"063321761","EXPIRED":null},{"NIM":"181401122","PRODI":"821","TGL_REGISTRASI":"2018-08-07","KATEGORI":"S-1","NAMA":"ABIYU DZAKWAN KHAIRI","TGL_LAHIR":"2000-12-05","JENIS_KELAMIN":"L","ALAMAT":"Jl. Merpati Raya No. 31","EMAIL":"abiyudk09@gmail.com","TELP":"081316679192","EXPIRED":null},{"NIM":"181401123","PRODI":"821","TGL_REGISTRASI":"2018-08-07","KATEGORI":"S-1","NAMA":"NELSON MORDEHAI SAMOSIR","TGL_LAHIR":"2000-08-12","JENIS_KELAMIN":"L","ALAMAT":"JL. TAPANULI","EMAIL":"nelsonsamosir68@gmail.com","TELP":"082274293082","EXPIRED":null},{"NIM":"181401124","PRODI":"821","TGL_REGISTRASI":"2018-08-07","KATEGORI":"S-1","NAMA":"JOKO PRASETYO","TGL_LAHIR":"2000-10-28","JENIS_KELAMIN":"L","ALAMAT":"Jln Martadinata No. 7 RT 9 RW 5, Teluk Lerong Ilir","EMAIL":"robertkwan.rk@gmail.com","TELP":"0541749280","EXPIRED":null},{"NIM":"181401125","PRODI":"821","TGL_REGISTRASI":"2018-08-07","KATEGORI":"S-1","NAMA":"PIUS FEBRYO WASISTHA NATIGOR SIHOMBING","TGL_LAHIR":"2000-02-19","JENIS_KELAMIN":"L","ALAMAT":"Jl.marqisa blok RA18 harapan indah , bekasi barat","EMAIL":"piusfebryo19@gmail.com","TELP":"0218870676","EXPIRED":null},{"NIM":"181401126","PRODI":"821","TGL_REGISTRASI":"2018-08-07","KATEGORI":"S-1","NAMA":"MAHAMERU DS","TGL_LAHIR":"2000-07-20","JENIS_KELAMIN":"L","ALAMAT":"Jl.A.R.Hakim Gg.Teruna no. 3B","EMAIL":"erutan.ds20@gmail.com","TELP":"087869279205","EXPIRED":null},{"NIM":"181401127","PRODI":"821","TGL_REGISTRASI":"2018-08-07","KATEGORI":"S-1","NAMA":"WESLY SEPTIANDI SIDABUTAR","TGL_LAHIR":"2000-09-15","JENIS_KELAMIN":"L","ALAMAT":"Jl. Uisgara No.56","EMAIL":"wesly1822@gmail.com","TELP":"082362055459","EXPIRED":null},{"NIM":"181401128","PRODI":"821","TGL_REGISTRASI":"2018-08-07","KATEGORI":"S-1","NAMA":"ERICK MUTIHA NAULI GULTOM","TGL_LAHIR":"1999-06-11","JENIS_KELAMIN":"L","ALAMAT":"JL.RAYA BALIGE NO.101, POHAN TONGA","EMAIL":"erickgultom325@gmail.com","TELP":"081263965726","EXPIRED":null},{"NIM":"181401129","PRODI":"821","TGL_REGISTRASI":"2018-08-07","KATEGORI":"S-1","NAMA":"JEREMY FELIX NAIBAHO","TGL_LAHIR":"2000-03-24","JENIS_KELAMIN":"L","ALAMAT":"JLN LUKU 1 NO 19 MEDAN","EMAIL":"jeremynaibaho7@gmail.com","TELP":"08116552403","EXPIRED":null},{"NIM":"181401130","PRODI":"821","TGL_REGISTRASI":"2018-08-08","KATEGORI":"S-1","NAMA":"KHAIRUL ARIANDI RIDA","TGL_LAHIR":"2000-08-18","JENIS_KELAMIN":"L","ALAMAT":"Jl. Karya Wisata, komp. J.city, metropolis 5 no.11, Medan Johor","EMAIL":"khairulariandi@gmail.com","TELP":"081947763096","EXPIRED":null},{"NIM":"181401131","PRODI":"821","TGL_REGISTRASI":"2018-08-08","KATEGORI":"S-1","NAMA":"DEVINARAJ KAUR","TGL_LAHIR":"2000-07-28","JENIS_KELAMIN":"P","ALAMAT":"Jl.karya wisata komp Johor Indah Permai I blok F-30","EMAIL":"Jasbirsingh21@yahoo.com","TELP":"0811634620","EXPIRED":null},{"NIM":"181401132","PRODI":"821","TGL_REGISTRASI":"2018-08-08","KATEGORI":"S-1","NAMA":"AFFANDA RAIHAN PASHA HUTASOIT","TGL_LAHIR":"2000-05-04","JENIS_KELAMIN":"L","ALAMAT":"Jl. Amaliun Gg. Sopan No.1","EMAIL":"crownsace@gmail.com","TELP":"082329365424","EXPIRED":null},{"NIM":"181401133","PRODI":"821","TGL_REGISTRASI":"2018-08-08","KATEGORI":"S-1","NAMA":"VIKA NABILLA A","TGL_LAHIR":"2000-05-09","JENIS_KELAMIN":"P","ALAMAT":"Jl Puskesmas II Komp Griya Raihan Blok N 2","EMAIL":"vika.nabilla@gmail.com","TELP":"085262640869","EXPIRED":null},{"NIM":"181401134","PRODI":"821","TGL_REGISTRASI":"2018-08-08","KATEGORI":"S-1","NAMA":"MUHAMMAD IRFAN ANSHARI BATUBARA","TGL_LAHIR":"2001-02-17","JENIS_KELAMIN":"L","ALAMAT":"Jalan Garu IV No 109  ","EMAIL":"irfananshari1702@gmail.com","TELP":"08116390201","EXPIRED":null},{"NIM":"181401135","PRODI":"821","TGL_REGISTRASI":"2018-08-08","KATEGORI":"S-1","NAMA":"DIMAS EKA PUTRA","TGL_LAHIR":"2000-07-09","JENIS_KELAMIN":"L","ALAMAT":"Jalan Soekarno Hatta No.7 Link. III Kelurahan Tambangan, Kecamatan Padang HIlir","EMAIL":"dimasekaputra2000@gmail.com","TELP":"082362025769","EXPIRED":null},{"NIM":"181401136","PRODI":"821","TGL_REGISTRASI":"2018-08-08","KATEGORI":"S-1","NAMA":"WAHYU FERRYANSYAH","TGL_LAHIR":"2001-01-06","JENIS_KELAMIN":"L","ALAMAT":"JL.KACER 3 KOMPLEKS SRI GUNTING DESA BERASEKATA, KEC.SUNGGAL, KAB.DELI SERDANG","EMAIL":"ferriansyah73@gmail.com","TELP":"","EXPIRED":null},{"NIM":"181401137","PRODI":"821","TGL_REGISTRASI":"2018-08-08","KATEGORI":"S-1","NAMA":"AFITA PUSPA SARI","TGL_LAHIR":"2000-05-16","JENIS_KELAMIN":"P","ALAMAT":"JL.WILLIEM ISKANDAR GG.BAHAGIA NO.6 KOTA KISARAN TIMUR KAB.ASAHAN ","EMAIL":"afitapuspasarii@icloud.com","TELP":"082277777406","EXPIRED":null},{"NIM":"181401138","PRODI":"821","TGL_REGISTRASI":"2018-08-08","KATEGORI":"S-1","NAMA":"MUCHAMMAD SYECH FARHAN","TGL_LAHIR":"2000-10-06","JENIS_KELAMIN":"L","ALAMAT":"Jl. Tuha selatan no 6,dusun II sentosa, desa tambon baroh, kecamatan dewantara, kabupaten aceh utara, NAD","EMAIL":"syechfarhan11@gmail.com","TELP":"082365196273","EXPIRED":null},{"NIM":"181401139","PRODI":"821","TGL_REGISTRASI":"2018-08-08","KATEGORI":"S-1","NAMA":"MUHAMMAD REZA FAHLEVI","TGL_LAHIR":"2000-02-10","JENIS_KELAMIN":"L","ALAMAT":"JL. DATUK BAGINDO BESAR. DESA SALO. KEC. SALO. BANGKINANG. KODE POS, 28411 KAMPAR.","EMAIL":"muhammadrezafahlevi666@gmail.com","TELP":"081275480237","EXPIRED":null},{"NIM":"181401140","PRODI":"821","TGL_REGISTRASI":"2018-08-24","KATEGORI":"S-1","NAMA":"WILDA RAHMINA","TGL_LAHIR":"2000-08-28","JENIS_KELAMIN":"P","ALAMAT":"Desa ateuk ","EMAIL":"Ajon8757@gmail.com","TELP":"082397941635","EXPIRED":null}]