[{"NIM":"161401001","PRODI":"821","TGL_REGISTRASI":"2016-06-14","KATEGORI":"S-1","NAMA":"Rahmawati Hasbilah","TGL_LAHIR":"1998-05-20","JENIS_KELAMIN":"P","ALAMAT":"Serapuh","EMAIL":"rahmawatihasbilah@gmail.com","TELP":"085830334231Jl.un","EXPIRED":null},{"NIM":"161401002","PRODI":"821","TGL_REGISTRASI":"2016-06-14","KATEGORI":"S-1","NAMA":"Mega Ayuamartha Putri","TGL_LAHIR":"1998-10-25","JENIS_KELAMIN":"P","ALAMAT":"JALAN DR. SOFYAN NO.66 KAMPUS USU","EMAIL":"megaayuamartha@gmail.com","TELP":"","EXPIRED":null},{"NIM":"161401003","PRODI":"821","TGL_REGISTRASI":"2016-06-14","KATEGORI":"S-1","NAMA":"Mhd. Hasan Basri Nst","TGL_LAHIR":"1998-01-01","JENIS_KELAMIN":"L","ALAMAT":"JL.ST.SORIPADA MULIA Gg.MULIA","EMAIL":"hasan0845@yahoo.com","TELP":"081397566181","EXPIRED":null},{"NIM":"161401004","PRODI":"821","TGL_REGISTRASI":"2016-06-14","KATEGORI":"S-1","NAMA":"Hafrizah","TGL_LAHIR":"1998-04-02","JENIS_KELAMIN":"P","ALAMAT":"Desa Air Hitam Dusun I Kecamatan Lima Puluh","EMAIL":"hafrizah088@gmail.com","TELP":"082365497959","EXPIRED":null},{"NIM":"161401005","PRODI":"821","TGL_REGISTRASI":"2016-06-14","KATEGORI":"S-1","NAMA":"Annissa Kamila Mardhiyyah","TGL_LAHIR":"1998-12-19","JENIS_KELAMIN":"P","ALAMAT":"Jl. Merak Gg. Adil No. 7b","EMAIL":"annissakamilam@gmail.com","TELP":"082162851740","EXPIRED":null},{"NIM":"161401006","PRODI":"821","TGL_REGISTRASI":"2016-06-14","KATEGORI":"S-1","NAMA":"Audena","TGL_LAHIR":"1997-11-02","JENIS_KELAMIN":"L","ALAMAT":"Jln. Medan-Padang No. 05 Cengkeh 2 Panti\nKec. Panti Kab. Pasaman","EMAIL":"denahutajulu@yahoo.com","TELP":"081261194512","EXPIRED":null},{"NIM":"161401007","PRODI":"821","TGL_REGISTRASI":"2016-06-14","KATEGORI":"S-1","NAMA":"Irwanto","TGL_LAHIR":"1998-08-24","JENIS_KELAMIN":"L","ALAMAT":"Saya bertempat tinggal di kota Indrapura Kuala Tanjung Dusun Pekan Desa Lalang Kecamatan Medang Deras Kabupaten Batu-bara Sumatera Utara","EMAIL":"Irwantorusli@yahoo.com","TELP":"085362104394","EXPIRED":null},{"NIM":"161401008","PRODI":"821","TGL_REGISTRASI":"2016-06-14","KATEGORI":"S-1","NAMA":"Muhammad Ikram Azhari","TGL_LAHIR":"1999-02-14","JENIS_KELAMIN":"L","ALAMAT":"Jalan Imam Bonjol Komplek Puskesmas Padangmatinggi Lk. VIII","EMAIL":"captenzikram@yahoo.com","TELP":"081362464033","EXPIRED":null},{"NIM":"161401009","PRODI":"821","TGL_REGISTRASI":"2016-06-14","KATEGORI":"S-1","NAMA":"Fitri Nurlela","TGL_LAHIR":"1998-02-08","JENIS_KELAMIN":"P","ALAMAT":"JL. BOLA KAKI UJUNG, KEL. BANJAR, KEC. SIANTAR BARAT","EMAIL":"fitrinurlela@gmail.com","TELP":"085275066514","EXPIRED":null},{"NIM":"161401010","PRODI":"821","TGL_REGISTRASI":"2016-06-14","KATEGORI":"S-1","NAMA":"Rahmayani","TGL_LAHIR":"1998-03-20","JENIS_KELAMIN":"P","ALAMAT":"Dusun I Desa Simpang Dolok","EMAIL":"","TELP":"085762580652","EXPIRED":null},{"NIM":"161401011","PRODI":"821","TGL_REGISTRASI":"2016-06-14","KATEGORI":"S-1","NAMA":"Elsa Krismonti","TGL_LAHIR":"1998-07-25","JENIS_KELAMIN":"P","ALAMAT":"Jorong Ambacang, Kec. Kamang Magek","EMAIL":"elsakrismonti123@gmail.com","TELP":"0","EXPIRED":null},{"NIM":"161401012","PRODI":"821","TGL_REGISTRASI":"2016-06-15","KATEGORI":"S-1","NAMA":"Ravina Ashini","TGL_LAHIR":"1999-07-23","JENIS_KELAMIN":"P","ALAMAT":"jalan musyawarah no68 payamabar rel RT02\/RW02 Stabat","EMAIL":"ravinashiny23@yahoo.com","TELP":"0618910438","EXPIRED":null},{"NIM":"161401013","PRODI":"821","TGL_REGISTRASI":"2016-06-15","KATEGORI":"S-1","NAMA":"Muhammad Riski Arianda","TGL_LAHIR":"1998-03-20","JENIS_KELAMIN":"L","ALAMAT":"jalan lapang gampong pante lhoksukon aceh utara","EMAIL":"riskimaret8@gmail.com","TELP":"082274013749","EXPIRED":null},{"NIM":"161401014","PRODI":"821","TGL_REGISTRASI":"2016-06-15","KATEGORI":"S-1","NAMA":"Julia Pratiwi","TGL_LAHIR":"1998-07-03","JENIS_KELAMIN":"P","ALAMAT":"Jl. Murni 2 No. 8D","EMAIL":"juliaapratiwii@gmail.com","TELP":"061-8217976","EXPIRED":null},{"NIM":"161401015","PRODI":"821","TGL_REGISTRASI":"2016-06-15","KATEGORI":"S-1","NAMA":"Alexander Haratua","TGL_LAHIR":"1998-07-04","JENIS_KELAMIN":"L","ALAMAT":"SIMPANG UJUNG AJI GG SEMBADA \nDESA RUMAH BERASTAGI U.AJI","EMAIL":"alexander.haratua@ymail.com","TELP":"0","EXPIRED":null},{"NIM":"161401016","PRODI":"821","TGL_REGISTRASI":"2016-06-15","KATEGORI":"S-1","NAMA":"Mutiah Khairani","TGL_LAHIR":"1998-05-25","JENIS_KELAMIN":"P","ALAMAT":"Gang.Lestari No.24 Kel.Tobat Padangsidimpuan","EMAIL":"mutiah_khairani1998@yahoo.com","TELP":"085263382086","EXPIRED":null},{"NIM":"161401017","PRODI":"821","TGL_REGISTRASI":"2016-06-15","KATEGORI":"S-1","NAMA":"Yuri Utari Ollinka","TGL_LAHIR":"1998-06-27","JENIS_KELAMIN":"P","ALAMAT":"LINGK. VIII SIDO SELAMET KEC. KUALA","EMAIL":"yuri_utari@ymail.com","TELP":"081268104758","EXPIRED":null},{"NIM":"161401018","PRODI":"821","TGL_REGISTRASI":"2016-06-15","KATEGORI":"S-1","NAMA":"Hafiz Noferizal","TGL_LAHIR":"1998-11-02","JENIS_KELAMIN":"L","ALAMAT":"Dusun VI Emplasmen Pabatu Desa Kedai Damar \nKecamatan Tebing Tinggi","EMAIL":"hafiznoferizal1998@gmail.com","TELP":"0621327904","EXPIRED":null},{"NIM":"161401019","PRODI":"821","TGL_REGISTRASI":"2016-06-15","KATEGORI":"S-1","NAMA":"Suzi Surbakti","TGL_LAHIR":"1997-07-06","JENIS_KELAMIN":"P","ALAMAT":"jln, jamin ginting Gg pancur siwa","EMAIL":"suzisurbakti06@gmail.com","TELP":"082272934330","EXPIRED":null},{"NIM":"161401020","PRODI":"821","TGL_REGISTRASI":"2016-06-15","KATEGORI":"S-1","NAMA":"Muhammad Abrar","TGL_LAHIR":"1998-07-13","JENIS_KELAMIN":"L","ALAMAT":"Pulo Lueng Teuga Kec.Glumpang Tiga","EMAIL":"muh.abrar13@gmail.com","TELP":"081370148858","EXPIRED":null},{"NIM":"161401021","PRODI":"821","TGL_REGISTRASI":"2016-06-15","KATEGORI":"S-1","NAMA":"Ihya Ainun Fikri","TGL_LAHIR":"1998-08-12","JENIS_KELAMIN":"L","ALAMAT":"Jln.rasak no.36, sibolga","EMAIL":"ihyaainunfikri123@gmail.com","TELP":"081264432188","EXPIRED":null},{"NIM":"161401022","PRODI":"821","TGL_REGISTRASI":"2016-06-15","KATEGORI":"S-1","NAMA":"Samuel Pantas Ukur Manik","TGL_LAHIR":"1998-09-08","JENIS_KELAMIN":"L","ALAMAT":"Jalan Pintu Air 1 Gg. Damai No. 2","EMAIL":"samuelmanik38@gmail.com","TELP":"(061)8361846","EXPIRED":null},{"NIM":"161401023","PRODI":"821","TGL_REGISTRASI":"2016-06-15","KATEGORI":"S-1","NAMA":"Azis Fahri Tanjung","TGL_LAHIR":"1999-01-27","JENIS_KELAMIN":"L","ALAMAT":"Jl. Sisingamangaraja no 145","EMAIL":"azis_hyuganeji@yahoo.co.id","TELP":"00","EXPIRED":null},{"NIM":"161401024","PRODI":"821","TGL_REGISTRASI":"2016-06-15","KATEGORI":"S-1","NAMA":"Dinda Annisa Nur Nasution","TGL_LAHIR":"1999-04-04","JENIS_KELAMIN":"P","ALAMAT":"ASRAMA KODIM 0108 AGARA","EMAIL":"dindaannisanur@yahoo.com","TELP":"085296660331","EXPIRED":null},{"NIM":"161401025","PRODI":"821","TGL_REGISTRASI":"2016-06-15","KATEGORI":"S-1","NAMA":"D. Eko Cahyo P. Putra S.","TGL_LAHIR":"1999-01-05","JENIS_KELAMIN":"L","ALAMAT":"JL. AIR BERSIH KOMPLEKS CENTRUM","EMAIL":"daniel.ekosinag4@gmail.com","TELP":"085207568392","EXPIRED":null},{"NIM":"161401026","PRODI":"821","TGL_REGISTRASI":"2016-06-15","KATEGORI":"S-1","NAMA":"Minda Sari Pulungan","TGL_LAHIR":"1997-09-06","JENIS_KELAMIN":"P","ALAMAT":"Angin Barat Kecamatan Tambangan","EMAIL":"syahrizalzakipulungan@gmail.com","TELP":"085260490056","EXPIRED":null},{"NIM":"161401027","PRODI":"821","TGL_REGISTRASI":"2016-06-15","KATEGORI":"S-1","NAMA":"Doni Irwansyah Putra","TGL_LAHIR":"1998-02-04","JENIS_KELAMIN":"L","ALAMAT":"JL.Batu Bara No.37 Tebing Tinggi","EMAIL":"urushiharatakumi@gmail.com","TELP":"082272693588","EXPIRED":null},{"NIM":"161401028","PRODI":"821","TGL_REGISTRASI":"2016-06-15","KATEGORI":"S-1","NAMA":"Bayu Hariyansyah Lubis","TGL_LAHIR":"1998-03-26","JENIS_KELAMIN":"L","ALAMAT":"LINGKUNGAN DANAU BALAI A, KECAMATAN RANTAU SELATAN","EMAIL":"hariyansyah26@gmail.com","TELP":"083193751827","EXPIRED":null},{"NIM":"161401029","PRODI":"821","TGL_REGISTRASI":"2016-06-15","KATEGORI":"S-1","NAMA":"Mayuni","TGL_LAHIR":"1996-02-25","JENIS_KELAMIN":"P","ALAMAT":"Desa Kerapuh Kecamatan Dolok Masihul Kabupaten Serdang Badagai","EMAIL":"mayunimayuni@yahoo.co.id","TELP":"082167436177","EXPIRED":null},{"NIM":"161401030","PRODI":"821","TGL_REGISTRASI":"2016-06-16","KATEGORI":"S-1","NAMA":"Fitria Handayani","TGL_LAHIR":"1999-01-22","JENIS_KELAMIN":"P","ALAMAT":"Jl. Sutrisno Gg. Insaf no. 19, Kota Matsum I, Medan Area","EMAIL":"fitriiahndyn@gmail.com","TELP":"085760035887","EXPIRED":null},{"NIM":"161401031","PRODI":"821","TGL_REGISTRASI":"2016-06-16","KATEGORI":"S-1","NAMA":"Novli Felisia Situmorang","TGL_LAHIR":"1998-11-20","JENIS_KELAMIN":"P","ALAMAT":"Jalan Jati 3 No. 113 Medan","EMAIL":"novlifelisia11@gmail.com","TELP":"0","EXPIRED":null},{"NIM":"161401032","PRODI":"821","TGL_REGISTRASI":"2016-06-16","KATEGORI":"S-1","NAMA":"Afifuddin Ishlah Nasution","TGL_LAHIR":"1998-12-14","JENIS_KELAMIN":"L","ALAMAT":"Jalan Rinte Raya No.132 Komplek Kejaksaan Medan","EMAIL":"afifuddin.nasution@gmail.com","TELP":"0618364191","EXPIRED":null},{"NIM":"161401033","PRODI":"821","TGL_REGISTRASI":"2016-06-16","KATEGORI":"S-1","NAMA":"Rebecca Novita Sitorus","TGL_LAHIR":"1998-04-26","JENIS_KELAMIN":"P","ALAMAT":"Jl.Ompu Sarundak Kelurahan Lembah Lubuk Manik Kecamatan Padang Sidimpuan Huta Imbaru Kota Padang Sidimpuan","EMAIL":"rebeccanovita29@gmail.com","TELP":"085261496383","EXPIRED":null},{"NIM":"161401034","PRODI":"821","TGL_REGISTRASI":"2016-06-16","KATEGORI":"S-1","NAMA":"Ikhwan Arjuna Lubis","TGL_LAHIR":"1998-05-27","JENIS_KELAMIN":"L","ALAMAT":"LK.I Hutagodang Kel.Sibuluan Nauli,Kec.Pandan,Kab.Tapanuli Tengah","EMAIL":"ikhwanarjuna27@gmail.com","TELP":"082277014167","EXPIRED":null},{"NIM":"161401035","PRODI":"821","TGL_REGISTRASI":"2016-06-16","KATEGORI":"S-1","NAMA":"Ilham Syahbandi","TGL_LAHIR":"1998-11-29","JENIS_KELAMIN":"L","ALAMAT":"DUSUN 3 PAYA BENGKUANG, GEBANG","EMAIL":"ilham_syahbandi@yahoo.com","TELP":"0618960155","EXPIRED":null},{"NIM":"161401036","PRODI":"821","TGL_REGISTRASI":"2016-06-16","KATEGORI":"S-1","NAMA":"Meylisa Lenggana Sari","TGL_LAHIR":"1998-05-12","JENIS_KELAMIN":"P","ALAMAT":"Hutapungkut Tonga, Kecamatan Kotanopan","EMAIL":"meylisalengganasari@gmail.com","TELP":"082233414498","EXPIRED":null},{"NIM":"161401037","PRODI":"821","TGL_REGISTRASI":"2016-06-16","KATEGORI":"S-1","NAMA":"Muhammad Fadli","TGL_LAHIR":"1997-11-18","JENIS_KELAMIN":"L","ALAMAT":"GAMPONG KEUDE PANTE RAJA , KECAMATAN PANTE RAJA , KABUPATEN PIDIE JAYA , PROVINSI ACEH","EMAIL":"fadlisubagyo@yahoo.com","TELP":"085275436397","EXPIRED":null},{"NIM":"161401038","PRODI":"821","TGL_REGISTRASI":"2016-06-16","KATEGORI":"S-1","NAMA":"Yusniah","TGL_LAHIR":"1998-05-25","JENIS_KELAMIN":"P","ALAMAT":"DUSUN VII DESA SILAU RAKYAT KEC. SEI RAMPAH ","EMAIL":"yusnia.2505@gmail.com","TELP":"085658110787","EXPIRED":null},{"NIM":"161401039","PRODI":"821","TGL_REGISTRASI":"2016-06-16","KATEGORI":"S-1","NAMA":"Silvia Dewi Siregar","TGL_LAHIR":"1998-08-01","JENIS_KELAMIN":"P","ALAMAT":"Jl. Raja Inal Siregar Gg. Mesjid Al-Falah, Batunadua","EMAIL":"silviadewi997@gmail.com","TELP":"085361146563","EXPIRED":null},{"NIM":"161401040","PRODI":"821","TGL_REGISTRASI":"2016-06-16","KATEGORI":"S-1","NAMA":"Ika Nurul Faradillah","TGL_LAHIR":"1998-11-27","JENIS_KELAMIN":"P","ALAMAT":"Jl. MT. Haryono Gg. Jeruk Lk. II Kel. Damai Kec. Binjai Utara","EMAIL":"ikanurul.faradillah31@gmail.com","TELP":"081260488141","EXPIRED":null},{"NIM":"161401041","PRODI":"821","TGL_REGISTRASI":"2016-06-16","KATEGORI":"S-1","NAMA":"Rezeki Damai Ariga Rawie","TGL_LAHIR":"1999-10-21","JENIS_KELAMIN":"L","ALAMAT":"LINGK BUKIT PAYA BUJOK SEULEUMAK","EMAIL":"rezekidamai99@gmail.com","TELP":"082364146667","EXPIRED":null},{"NIM":"161401042","PRODI":"821","TGL_REGISTRASI":"2016-06-16","KATEGORI":"S-1","NAMA":"Ghalib Abdillah","TGL_LAHIR":"1998-09-15","JENIS_KELAMIN":"L","ALAMAT":"JL. KARYA GG. BERSAMA NO. 9 MEDAN","EMAIL":"ghalib.abdillah@yahoo.com","TELP":"085297136554","EXPIRED":null},{"NIM":"161401043","PRODI":"821","TGL_REGISTRASI":"2016-06-16","KATEGORI":"S-1","NAMA":"Muhammad Irfan Rakin","TGL_LAHIR":"1998-08-05","JENIS_KELAMIN":"L","ALAMAT":"Komplek. Graha Alumunium No. 19 A, Jl. Kawat 7 Pematang Pasir, Kel. Tanjung Mulia Hilir, Kec. Medan Deli, Medan","EMAIL":"irfanrakiin@yahoo.com","TELP":"085270299285","EXPIRED":null},{"NIM":"161401044","PRODI":"821","TGL_REGISTRASI":"2016-06-16","KATEGORI":"S-1","NAMA":"Ade Kurnia Ahmad","TGL_LAHIR":"1999-04-24","JENIS_KELAMIN":"L","ALAMAT":"jln handayani no 4a","EMAIL":"adekurnia2407@gmail.com","TELP":"081260743167","EXPIRED":null},{"NIM":"161401045","PRODI":"821","TGL_REGISTRASI":"2016-06-16","KATEGORI":"S-1","NAMA":"Muhazir Fandi","TGL_LAHIR":"1998-05-01","JENIS_KELAMIN":"L","ALAMAT":"tawarmiko, kec, Kute panang","EMAIL":"-","TELP":"085262246559","EXPIRED":null},{"NIM":"161401046","PRODI":"821","TGL_REGISTRASI":"2016-06-16","KATEGORI":"S-1","NAMA":"Rini Natalia Sinaga","TGL_LAHIR":"1999-02-14","JENIS_KELAMIN":"P","ALAMAT":"Dusun XXI Jl.Lestari No.13","EMAIL":"rinisinaga1470@yahoo.com","TELP":"082364204821","EXPIRED":null},{"NIM":"161401047","PRODI":"821","TGL_REGISTRASI":"2016-06-16","KATEGORI":"S-1","NAMA":"Sulaiman","TGL_LAHIR":"1997-09-27","JENIS_KELAMIN":"L","ALAMAT":"LINGK.IV PAYA MABAR INPRES","EMAIL":"sulaimanaldrichsulaiman@gmail.com","TELP":"085260987527","EXPIRED":null},{"NIM":"161401048","PRODI":"821","TGL_REGISTRASI":"2016-06-17","KATEGORI":"S-1","NAMA":"Azizah Nur Lubis","TGL_LAHIR":"1998-03-11","JENIS_KELAMIN":"P","ALAMAT":"Jl.Setia Dusun XI Gg.Cakra 5 Pasar 3 Kec.Patumbak Kab.Deli Serdang","EMAIL":"z.nisa66@yahoo.com","TELP":"081397795093","EXPIRED":null},{"NIM":"161401049","PRODI":"821","TGL_REGISTRASI":"2016-06-17","KATEGORI":"S-1","NAMA":"Ayu Sartika Br Sembiring","TGL_LAHIR":"1998-02-13","JENIS_KELAMIN":"P","ALAMAT":"Desa Sigarang-garang","EMAIL":"","TELP":"082163051038","EXPIRED":null},{"NIM":"161401050","PRODI":"821","TGL_REGISTRASI":"2016-06-17","KATEGORI":"S-1","NAMA":"Muchlis Saputra","TGL_LAHIR":"1998-07-03","JENIS_KELAMIN":"L","ALAMAT":"lampahan, kecamatan timang gajah, kabupaten bener meriah","EMAIL":"muchlissaputra41@gmail.com","TELP":"085371614111","EXPIRED":null},{"NIM":"161401051","PRODI":"821","TGL_REGISTRASI":"2016-06-17","KATEGORI":"S-1","NAMA":"Aisyah Eka Fitri Rizqi","TGL_LAHIR":"1998-06-30","JENIS_KELAMIN":"P","ALAMAT":"Sei Mencirim , Jln Pelita Komplek PT. IRA Blok VI No21","EMAIL":"isyeheka@gmail.com","TELP":"081361448717","EXPIRED":null},{"NIM":"161401052","PRODI":"821","TGL_REGISTRASI":"2016-06-17","KATEGORI":"S-1","NAMA":"Dede Fika Suryani","TGL_LAHIR":"1998-11-13","JENIS_KELAMIN":"P","ALAMAT":"desa sumber sari","EMAIL":"dedefika63@gmail.com","TELP":"082371900743","EXPIRED":null},{"NIM":"161401053","PRODI":"821","TGL_REGISTRASI":"2016-06-17","KATEGORI":"S-1","NAMA":"Hilda Suci Ardianti","TGL_LAHIR":"1999-01-12","JENIS_KELAMIN":"P","ALAMAT":"Dusun Tahun X Desa Sei Bamban Kecamatan Batang Serangan","EMAIL":"hildardianti@gmail.com","TELP":"082294300856","EXPIRED":null},{"NIM":"161401054","PRODI":"821","TGL_REGISTRASI":"2016-06-17","KATEGORI":"S-1","NAMA":"Mirta Amalia","TGL_LAHIR":"1997-09-26","JENIS_KELAMIN":"P","ALAMAT":"jalan denai gg.muslimin no:12 medan","EMAIL":"amalia_mirta@yahoo.co.id","TELP":"087869840602","EXPIRED":null},{"NIM":"161401055","PRODI":"821","TGL_REGISTRASI":"2016-06-17","KATEGORI":"S-1","NAMA":"Widya Yulianti","TGL_LAHIR":"1998-07-31","JENIS_KELAMIN":"P","ALAMAT":"Dusun VII Taman Sari","EMAIL":"yuliantiwidya46@yahoo.co.id","TELP":"085977228522","EXPIRED":null},{"NIM":"161401056","PRODI":"821","TGL_REGISTRASI":"2016-06-17","KATEGORI":"S-1","NAMA":"Jihan Camillia Ritonga","TGL_LAHIR":"1998-04-28","JENIS_KELAMIN":"P","ALAMAT":"Dusun III Darat Hulu Desa Telaga Said Kec. Sei Lepan Kab. Langkat","EMAIL":"jihancamillia@gmail.com","TELP":"082272307095","EXPIRED":null},{"NIM":"161401057","PRODI":"821","TGL_REGISTRASI":"2016-06-17","KATEGORI":"S-1","NAMA":"Alifna Fris Marlona Lubis","TGL_LAHIR":"1998-03-02","JENIS_KELAMIN":"P","ALAMAT":"Jln.Lintas Riau, kab, Padag Lawas,Kec,huragi,Desa Siabu.","EMAIL":"alifna.fris02@gmail.com","TELP":"085271983776","EXPIRED":null},{"NIM":"161401058","PRODI":"821","TGL_REGISTRASI":"2016-07-19","KATEGORI":"S-1","NAMA":"NAZLI ALVIRA SIREGAR","TGL_LAHIR":"1999-08-19","JENIS_KELAMIN":"P","ALAMAT":"jalan balam gg. ruhama no. 1d ","EMAIL":"alviranazli@gmail.com","TELP":"082273710451 ","EXPIRED":null},{"NIM":"161401059","PRODI":"821","TGL_REGISTRASI":"2016-07-19","KATEGORI":"S-1","NAMA":"AFIF REFANO MUFID","TGL_LAHIR":"1998-05-04","JENIS_KELAMIN":"L","ALAMAT":"Komp.Unand DI-01-26 JL. Umar Khayam 1 RT 003\/ RW 010 Kelurahan Bandar Buat Kecamatan Lubuk Kilangan","EMAIL":"mufidrefano@gmail.com","TELP":"085364442864","EXPIRED":null},{"NIM":"161401060","PRODI":"821","TGL_REGISTRASI":"2016-07-19","KATEGORI":"S-1","NAMA":"LYSANDER GUSTIN","TGL_LAHIR":"1998-05-06","JENIS_KELAMIN":"L","ALAMAT":"Jln. Pukat 100D","EMAIL":"lysgus@yahoo.co.id","TELP":"7343235","EXPIRED":null},{"NIM":"161401061","PRODI":"821","TGL_REGISTRASI":"2016-07-19","KATEGORI":"S-1","NAMA":"ALDREIYA STIER","TGL_LAHIR":"1999-05-10","JENIS_KELAMIN":"L","ALAMAT":"JL GAHARU GG SIDOMULYO NO 13 MEDAN","EMAIL":"aldreiya99@gmail.com","TELP":"082363483098","EXPIRED":null},{"NIM":"161401062","PRODI":"821","TGL_REGISTRASI":"2016-07-19","KATEGORI":"S-1","NAMA":"ARIF ISKANDAR","TGL_LAHIR":"1998-06-07","JENIS_KELAMIN":"L","ALAMAT":"Jl.Mahoni Rt.06 Rw.02 Sinunukan IV Kec.Sinunukan Kab.Mandailin Natal Prov.Sumatera Utara","EMAIL":"arif19iskandar@gmail.com","TELP":"082166177583","EXPIRED":null},{"NIM":"161401063","PRODI":"821","TGL_REGISTRASI":"2016-07-19","KATEGORI":"S-1","NAMA":"SERI ANDI YANI","TGL_LAHIR":"1998-02-23","JENIS_KELAMIN":"P","ALAMAT":"Jl. Flamboyan Raya Gg. Musyawarah","EMAIL":"seriandiyaniiqbal@gmail.com","TELP":"085360125415","EXPIRED":null},{"NIM":"161401064","PRODI":"821","TGL_REGISTRASI":"2016-07-19","KATEGORI":"S-1","NAMA":"RUDIANTO SIHOMBING","TGL_LAHIR":"1998-04-21","JENIS_KELAMIN":"L","ALAMAT":"Jalan Oswald Siahaan No.18 Kota Sibolga","EMAIL":"rudi97278@gmail.com","TELP":"082272993034","EXPIRED":null},{"NIM":"161401065","PRODI":"821","TGL_REGISTRASI":"2016-07-19","KATEGORI":"S-1","NAMA":"KEVIN HARTANTO","TGL_LAHIR":"1995-08-12","JENIS_KELAMIN":"L","ALAMAT":"Jl. Krakatau No.111","EMAIL":"hartantokevin90@gmail.com","TELP":"0616631012","EXPIRED":null},{"NIM":"161401066","PRODI":"821","TGL_REGISTRASI":"2016-07-19","KATEGORI":"S-1","NAMA":"JUANDRO SOBATH LUMBANTORUAN","TGL_LAHIR":"1998-06-27","JENIS_KELAMIN":"L","ALAMAT":"Sibuntuon, Kel.Pasar Siborongborong\nKec. Siborongborong","EMAIL":"juandro_s@yahoo.com","TELP":"082160819430","EXPIRED":null},{"NIM":"161401067","PRODI":"821","TGL_REGISTRASI":"2016-07-19","KATEGORI":"S-1","NAMA":"NIA HIZKIA PANGARIBUAN","TGL_LAHIR":"1998-11-27","JENIS_KELAMIN":"P","ALAMAT":"GASARIBU","EMAIL":"niahizkia255@gmail.com","TELP":"","EXPIRED":null},{"NIM":"161401068","PRODI":"821","TGL_REGISTRASI":"2016-07-19","KATEGORI":"S-1","NAMA":"PERDANA PUTERA DARMAYANA","TGL_LAHIR":"1998-03-14","JENIS_KELAMIN":"L","ALAMAT":"Jl. Melinjo II No. 11 Komp. Johor Permai","EMAIL":"snowy.dana@yahoo.com","TELP":"082164052888","EXPIRED":null},{"NIM":"161401069","PRODI":"821","TGL_REGISTRASI":"2016-07-20","KATEGORI":"S-1","NAMA":"T. AMADHEA IRVIDA","TGL_LAHIR":"1998-09-27","JENIS_KELAMIN":"P","ALAMAT":"Jl. Bajak 2H Komplek Puri Mediterania No.101 Medan","EMAIL":"amadheairvida@yahoo.co.id","TELP":"081263135750","EXPIRED":null},{"NIM":"161401070","PRODI":"821","TGL_REGISTRASI":"2016-07-20","KATEGORI":"S-1","NAMA":"FAWWAZ MAR`I ISA","TGL_LAHIR":"1998-07-24","JENIS_KELAMIN":"L","ALAMAT":"JALAN SELAMAT PULAU  NO 18, LING VI\nKELURAHAN SITIREJO III\nKECAMATAN MEDAN AMPLAS","EMAIL":"fawwazzubedi@gmail.com","TELP":"0617862607","EXPIRED":null},{"NIM":"161401071","PRODI":"821","TGL_REGISTRASI":"2016-07-20","KATEGORI":"S-1","NAMA":"MINTER PRASETYO RAJA GUKGUK","TGL_LAHIR":"1998-02-19","JENIS_KELAMIN":"L","ALAMAT":"JALAN MANGGIS RT 05 RW 03 DESA SUNGAI KUTI KEC. KUNTO DARUSSALAM RIAU","EMAIL":"putraritonang93@gmail.com","TELP":"085374082257","EXPIRED":null},{"NIM":"161401072","PRODI":"821","TGL_REGISTRASI":"2016-07-20","KATEGORI":"S-1","NAMA":"KEVIN AZIRANDA","TGL_LAHIR":"1998-07-04","JENIS_KELAMIN":"L","ALAMAT":"Jalan Thamrin Gg. H. Yacub RT 001 RW 002 Pangkalan Berandan","EMAIL":"kevinaziranda@gmail.com","TELP":"087785611014","EXPIRED":null},{"NIM":"161401073","PRODI":"821","TGL_REGISTRASI":"2016-07-20","KATEGORI":"S-1","NAMA":"DYO JAYA DILA","TGL_LAHIR":"1998-07-17","JENIS_KELAMIN":"L","ALAMAT":"Ujung Batu IV","EMAIL":"madefix17@gmail.com","TELP":"082370182333","EXPIRED":null},{"NIM":"161401074","PRODI":"821","TGL_REGISTRASI":"2016-07-20","KATEGORI":"S-1","NAMA":"PURWANDITA","TGL_LAHIR":"1998-06-18","JENIS_KELAMIN":"L","ALAMAT":"ASRAMA WIDURI BARAK PERWIRA NO. 5 MEDAN","EMAIL":"purwandito.98@gmail.com","TELP":"0617875969","EXPIRED":null},{"NIM":"161401075","PRODI":"821","TGL_REGISTRASI":"2016-07-20","KATEGORI":"S-1","NAMA":"RANDY FIKRI WIRAWAN","TGL_LAHIR":"1998-10-30","JENIS_KELAMIN":"L","ALAMAT":"Jl. Gatot Subroto \/ Jl. Amal no 5 D Medan","EMAIL":"randy.fikri72@gmail.com","TELP":"082166750106","EXPIRED":null},{"NIM":"161401076","PRODI":"821","TGL_REGISTRASI":"2016-07-20","KATEGORI":"S-1","NAMA":"ALDINO","TGL_LAHIR":"1998-07-28","JENIS_KELAMIN":"L","ALAMAT":"Jalan Horas No.63 Tomok","EMAIL":"aldinotanjung@gmail.com","TELP":"082168686497","EXPIRED":null},{"NIM":"161401078","PRODI":"821","TGL_REGISTRASI":"2016-07-20","KATEGORI":"S-1","NAMA":"RIVALDO","TGL_LAHIR":"1999-11-21","JENIS_KELAMIN":"L","ALAMAT":"Jalan at taqwa, Blangpidie, Aceh Barat Daya","EMAIL":"","TELP":"082175356211","EXPIRED":null},{"NIM":"161401079","PRODI":"821","TGL_REGISTRASI":"2016-07-20","KATEGORI":"S-1","NAMA":"WILYANTO","TGL_LAHIR":"1998-07-15","JENIS_KELAMIN":"L","ALAMAT":"Jalan Pasar III No.2DD","EMAIL":"wilyantoliang@yahoo.co.id","TELP":"081375834038","EXPIRED":null},{"NIM":"161401080","PRODI":"821","TGL_REGISTRASI":"2016-07-20","KATEGORI":"S-1","NAMA":"BUE VALENTINO","TGL_LAHIR":"1998-02-14","JENIS_KELAMIN":"L","ALAMAT":"Jl. Sei Mencirim no.155, Medan","EMAIL":"","TELP":"081370512908","EXPIRED":null},{"NIM":"161401081","PRODI":"821","TGL_REGISTRASI":"2016-07-20","KATEGORI":"S-1","NAMA":"NICO DEMUS TARIGAN","TGL_LAHIR":"1999-02-17","JENIS_KELAMIN":"L","ALAMAT":"Jalan jamin ginting komplek buena vista blok a no. 4 Medan","EMAIL":"nikotarigan590@yahoo.com","TELP":"081361102767","EXPIRED":null},{"NIM":"161401082","PRODI":"821","TGL_REGISTRASI":"2016-07-21","KATEGORI":"S-1","NAMA":"FARRAZ NAUFAL ABIYU","TGL_LAHIR":"1999-09-13","JENIS_KELAMIN":"L","ALAMAT":"Jl.Sei mencirim No.116\/70 Medan","EMAIL":"farraznaufal5@gmail.com","TELP":"082370490256","EXPIRED":null},{"NIM":"161401083","PRODI":"821","TGL_REGISTRASI":"2016-07-21","KATEGORI":"S-1","NAMA":"MASMUR SIJABAT","TGL_LAHIR":"1996-10-24","JENIS_KELAMIN":"L","ALAMAT":"JLN. SMP NEGRI 2 SUNGGAL DSN. XIV , MULIOREJO, SUNGGAL, DELI SERDANG, SUMATERA UTARA","EMAIL":"masmursijabat24@gmail.com","TELP":"085261459082","EXPIRED":null},{"NIM":"161401084","PRODI":"821","TGL_REGISTRASI":"2016-07-21","KATEGORI":"S-1","NAMA":"MIKHAEL IMMANUEL BANGUN","TGL_LAHIR":"1998-10-08","JENIS_KELAMIN":"L","ALAMAT":"Desa Kandibata Kec. Kabanjahe Kab. Karo Provinsi Sumut","EMAIL":"mikhaelimmanuel1998@gmail.com","TELP":"081362512052","EXPIRED":null},{"NIM":"161401085","PRODI":"821","TGL_REGISTRASI":"2016-07-21","KATEGORI":"S-1","NAMA":"ULFAH FARHANA","TGL_LAHIR":"1997-12-22","JENIS_KELAMIN":"P","ALAMAT":"Jl. Tgk. Chik, Komp. Keluarga, No. 1, Desa Ilie, Kec. Ulee Kareng","EMAIL":"darxstone@rocketmail.com","TELP":"082363728695","EXPIRED":null},{"NIM":"161401086","PRODI":"821","TGL_REGISTRASI":"2016-07-21","KATEGORI":"S-1","NAMA":"INDAH PERMATA SYAHNAN","TGL_LAHIR":"1998-09-28","JENIS_KELAMIN":"P","ALAMAT":"Jalan Bunga Asoka Gang Melati No 108 CC Medan","EMAIL":"indahpermata.syahnan@yahoo.com","TELP":"083194633080","EXPIRED":null},{"NIM":"161401087","PRODI":"821","TGL_REGISTRASI":"2016-07-21","KATEGORI":"S-1","NAMA":"THEO IGNATHIUSE","TGL_LAHIR":"1999-02-02","JENIS_KELAMIN":"L","ALAMAT":"jl.soekarno hatta no 201 depan asrama brimob binjai","EMAIL":"theoignathiuse@ymail.com","TELP":"081377336429","EXPIRED":null},{"NIM":"161401088","PRODI":"821","TGL_REGISTRASI":"2016-07-21","KATEGORI":"S-1","NAMA":"FREDERIKUS K. TAMBA","TGL_LAHIR":"1996-06-16","JENIS_KELAMIN":"L","ALAMAT":"Perum Cendana Asri Blok U Nomor 1 Desa Jaba Kec Namorambe","EMAIL":"frederiktamba@gmail.com","TELP":"081396696072","EXPIRED":null},{"NIM":"161401089","PRODI":"821","TGL_REGISTRASI":"2016-07-21","KATEGORI":"S-1","NAMA":"SELINA AMELIA SAVITTRI","TGL_LAHIR":"1998-01-07","JENIS_KELAMIN":"P","ALAMAT":"Jl. Dr. Mansyur-SMTK Dalam no.6","EMAIL":"sellinaamelia@gmail.com","TELP":"0618212814","EXPIRED":null},{"NIM":"161401090","PRODI":"821","TGL_REGISTRASI":"2016-07-21","KATEGORI":"S-1","NAMA":"WILLIAM","TGL_LAHIR":"1999-01-10","JENIS_KELAMIN":"L","ALAMAT":"Jl. Hamdoko no 4 Gg buntu","EMAIL":"williamliam1099@gmail.com","TELP":"081275518385","EXPIRED":null},{"NIM":"161401091","PRODI":"821","TGL_REGISTRASI":"2016-07-21","KATEGORI":"S-1","NAMA":"SAMUEL ALFREDO ASTRADA NAPITUPULU","TGL_LAHIR":"1999-08-22","JENIS_KELAMIN":"L","ALAMAT":"Jl. Parung Kored no. 45 Rt 04\/03, Karang Tengah, Tangerang","EMAIL":"samuelnapitupulu11@gmail.com","TELP":"08121358945","EXPIRED":null},{"NIM":"161401092","PRODI":"821","TGL_REGISTRASI":"2016-07-21","KATEGORI":"S-1","NAMA":"AISYAH MEIROSI NASUTION","TGL_LAHIR":"1998-05-16","JENIS_KELAMIN":"P","ALAMAT":"Jalan MGR. Maradat Gang Pardomuan No. 4 Padangsidimpuan","EMAIL":"aimysyah@gmail.com","TELP":"085370982398","EXPIRED":null},{"NIM":"161401093","PRODI":"821","TGL_REGISTRASI":"2016-07-21","KATEGORI":"S-1","NAMA":"WINTO JUNIOR KHOSASIH","TGL_LAHIR":"1997-06-24","JENIS_KELAMIN":"L","ALAMAT":"JL.KAMBES NO.45\/81 LINK.IV RT 02 \/ RW 01 KEL.MARTUBUNG KEC.MEDAN LABUHAN","EMAIL":"piao.wjk@gmail.com","TELP":"085260848509","EXPIRED":null},{"NIM":"161401094","PRODI":"821","TGL_REGISTRASI":"2016-07-21","KATEGORI":"S-1","NAMA":"AHMAD ZAKI","TGL_LAHIR":"1997-08-22","JENIS_KELAMIN":"L","ALAMAT":"Jalan Raya Taluak No.35 Jambu Air","EMAIL":"theexelent.ofahmad@gmail.com","TELP":"085263276237","EXPIRED":null},{"NIM":"161401095","PRODI":"821","TGL_REGISTRASI":"2016-07-22","KATEGORI":"S-1","NAMA":"ANASTASIA LEONITA SEMBIRING","TGL_LAHIR":"1998-01-01","JENIS_KELAMIN":"P","ALAMAT":"DSN SELAT KECIL,DESA SELAT BESAR,KECAMATAN BILAH HILIR","EMAIL":"anasstassiiaa13@gmail.com","TELP":"081361575810","EXPIRED":null},{"NIM":"161401096","PRODI":"821","TGL_REGISTRASI":"2016-07-22","KATEGORI":"S-1","NAMA":"HENSEN TIA","TGL_LAHIR":"1999-03-27","JENIS_KELAMIN":"L","ALAMAT":"Jalan Pemuda No.18 Tanjung Pura, Langkat","EMAIL":"harleythomas660@yahoo.co.id","TELP":"08960180","EXPIRED":null},{"NIM":"161401097","PRODI":"821","TGL_REGISTRASI":"2016-07-22","KATEGORI":"S-1","NAMA":"GITA YUKIO ZHIRINOVSKY SIPAYUNG","TGL_LAHIR":"1999-04-24","JENIS_KELAMIN":"P","ALAMAT":"KP Kristen II Purba Dolok","EMAIL":"yukiogita@yahoo.com","TELP":"082274763403","EXPIRED":null},{"NIM":"161401098","PRODI":"821","TGL_REGISTRASI":"2016-07-22","KATEGORI":"S-1","NAMA":"HARRY NIMROD ALEXANDRO SITORUS","TGL_LAHIR":"1998-11-24","JENIS_KELAMIN":"L","ALAMAT":"Jalan Tamiang no.2 Kompleks Haur Jaya, Bogor","EMAIL":"harryalexandro32@gmail.com","TELP":"081299067991","EXPIRED":null},{"NIM":"161401099","PRODI":"821","TGL_REGISTRASI":"2016-07-22","KATEGORI":"S-1","NAMA":"EVAN YEHEZKIEL SINAGA","TGL_LAHIR":"1997-11-18","JENIS_KELAMIN":"L","ALAMAT":"Jalan Kopi Raya 2 no 3,Perumnas Simalingkar","EMAIL":"evanbiz11@gmail.com","TELP":"081269748325","EXPIRED":null},{"NIM":"161401100","PRODI":"821","TGL_REGISTRASI":"2016-07-22","KATEGORI":"S-1","NAMA":"HARISTIA KUMALA","TGL_LAHIR":"1998-04-11","JENIS_KELAMIN":"L","ALAMAT":"Komp. De Sultan Resident No 8A Jl Sampul","EMAIL":"haristia_kumala@yahoo.com","TELP":"081364680800","EXPIRED":null},{"NIM":"161401101","PRODI":"821","TGL_REGISTRASI":"2016-08-01","KATEGORI":"S-1","NAMA":"FIRMANDI SUGRIAT NASUTION","TGL_LAHIR":"1997-11-07","JENIS_KELAMIN":"L","ALAMAT":"Lingkungan VIII Kelurahan Perdagangan I ","EMAIL":"firmannasution611@gmail.com","TELP":"082273679138","EXPIRED":null},{"NIM":"161401102","PRODI":"821","TGL_REGISTRASI":"2016-08-09","KATEGORI":"S-1","NAMA":"MAULANA ARIF","TGL_LAHIR":"1998-10-20","JENIS_KELAMIN":"L","ALAMAT":"JL.KARYA BAKTI II NO.65","EMAIL":"maulana.arif141@yahoo.com","TELP":"082137467446","EXPIRED":null},{"NIM":"161401103","PRODI":"821","TGL_REGISTRASI":"2016-08-09","KATEGORI":"S-1","NAMA":"MUHAMMAD ALI AKBAR SITOMPUL","TGL_LAHIR":"1997-12-29","JENIS_KELAMIN":"L","ALAMAT":"JL. PERTAHANAN DSN V GG.SIRAM PATUMBAK","EMAIL":"muhammadali_akbar@yahoo.com","TELP":"85212459230","EXPIRED":null},{"NIM":"161401104","PRODI":"821","TGL_REGISTRASI":"2016-08-09","KATEGORI":"S-1","NAMA":"RIZKI MAULANA ARDI","TGL_LAHIR":"1997-10-02","JENIS_KELAMIN":"L","ALAMAT":"JALAN ANYELIR 2 NO 45 MEDAN HELVETIA","EMAIL":"rizkim_aulana@yahoo.com","TELP":"82369794760","EXPIRED":null},{"NIM":"161401105","PRODI":"821","TGL_REGISTRASI":"2016-08-09","KATEGORI":"S-1","NAMA":"CAPRIO QURNIALI","TGL_LAHIR":"1998-04-01","JENIS_KELAMIN":"L","ALAMAT":"JL.KARYA WISATA KOMPLEK LUXOR BLOK B 35 MEDAN","EMAIL":"caprioqurniali1998@gmail.com","TELP":"81265117875","EXPIRED":null},{"NIM":"161401106","PRODI":"821","TGL_REGISTRASI":"2016-08-09","KATEGORI":"S-1","NAMA":"ALGHIERY DANI FEBRIZY MANALU","TGL_LAHIR":"1999-02-11","JENIS_KELAMIN":"L","ALAMAT":"CM 128, KOMPLEKS PT.RAPP, PANGKALAN KERINCI","EMAIL":"alghiery1102@gmail.com","TELP":"85355650555","EXPIRED":null},{"NIM":"161401107","PRODI":"821","TGL_REGISTRASI":"2016-08-09","KATEGORI":"S-1","NAMA":"MUHAMMAD RANDI MIRAJ RANGKUTY","TGL_LAHIR":"1998-11-17","JENIS_KELAMIN":"L","ALAMAT":"JL.TP. TEUREUNDAM 3 SP.IV,LHOKSEUMAWE","EMAIL":"mrandirangkuty@gmail.com","TELP":"81265209290","EXPIRED":null},{"NIM":"161401108","PRODI":"821","TGL_REGISTRASI":"2016-08-09","KATEGORI":"S-1","NAMA":"AHMAD IHSAN HABIBULLAH","TGL_LAHIR":"1998-04-17","JENIS_KELAMIN":"L","ALAMAT":"Jl bunga melur no 28 tanjung sari","EMAIL":"nurhayatipandia68@yahoo.com","TELP":"0618211655","EXPIRED":null},{"NIM":"161401109","PRODI":"821","TGL_REGISTRASI":"2016-08-10","KATEGORI":"S-1","NAMA":"M ARIF KURNIAWAN","TGL_LAHIR":"1997-10-30","JENIS_KELAMIN":"L","ALAMAT":"JL PAHLAWAN DUSUN VI KEDAI DURIAN DELITUA","EMAIL":"arifkurniawan301097@gmail.com","TELP":"082277521556","EXPIRED":null},{"NIM":"161401110","PRODI":"821","TGL_REGISTRASI":"2016-08-10","KATEGORI":"S-1","NAMA":"SYARIFAH KEMALA PUTRI","TGL_LAHIR":"1998-10-13","JENIS_KELAMIN":"P","ALAMAT":"JL. KARYA MANDIRI PERUM AURORA GARDEN NO.C22 ","EMAIL":"malaputri539@yahoo.co.id","TELP":"081351952909","EXPIRED":null},{"NIM":"161401111","PRODI":"821","TGL_REGISTRASI":"2016-08-10","KATEGORI":"S-1","NAMA":"ROBBY WALSEN DOLI PASARIBU","TGL_LAHIR":"1999-03-31","JENIS_KELAMIN":"L","ALAMAT":"JL. RAKAOETTA SEMBIRING NO.101","EMAIL":"robby.walsen1026@gmail.com","TELP":"082294234545","EXPIRED":null},{"NIM":"161401112","PRODI":"821","TGL_REGISTRASI":"2016-08-10","KATEGORI":"S-1","NAMA":"RICKY JULPITER SIPAYUNG","TGL_LAHIR":"1998-07-14","JENIS_KELAMIN":"L","ALAMAT":"JALAN KARYA APRIL LK-VII","EMAIL":"rickyjulpiter14@gmail.com","TELP":"82274660962","EXPIRED":null},{"NIM":"161401113","PRODI":"821","TGL_REGISTRASI":"2016-08-10","KATEGORI":"S-1","NAMA":"RIZKI NOFIANTY TANJUNG","TGL_LAHIR":"1998-11-30","JENIS_KELAMIN":"P","ALAMAT":"JL. PANCASILA NO. 42C","EMAIL":"nofiantyr@gmail.com","TELP":"081266508413","EXPIRED":null},{"NIM":"161401114","PRODI":"821","TGL_REGISTRASI":"2016-08-10","KATEGORI":"S-1","NAMA":"SUTAN GUMALA FARHAN HUTAGAOL","TGL_LAHIR":"1998-09-21","JENIS_KELAMIN":"L","ALAMAT":"JL RASMI NO.17 MEDAN","EMAIL":"sutangumalafarhan@gmail.com","TELP":"081376651751","EXPIRED":null},{"NIM":"161401115","PRODI":"821","TGL_REGISTRASI":"2016-08-10","KATEGORI":"S-1","NAMA":"IMAM MAARIF","TGL_LAHIR":"1997-08-14","JENIS_KELAMIN":"L","ALAMAT":"DUSUN ARSE JAE DOLOK DESA AEK HAMINJON KEC ARSE","EMAIL":"arifbijaksana14@yahoo.com","TELP":"081397399226","EXPIRED":null},{"NIM":"161401116","PRODI":"821","TGL_REGISTRASI":"2016-08-10","KATEGORI":"S-1","NAMA":"ADAM YOSAFAT NOVERICO DAMANIK","TGL_LAHIR":"1998-11-06","JENIS_KELAMIN":"L","ALAMAT":"JL. KEMUNING RAYA BLOK E1 NO. 21","EMAIL":"noverdam@gmail.com","TELP":"081381474335","EXPIRED":null},{"NIM":"161401117","PRODI":"821","TGL_REGISTRASI":"2016-08-10","KATEGORI":"S-1","NAMA":"AHMAD RAIS NASUTION","TGL_LAHIR":"1998-09-22","JENIS_KELAMIN":"L","ALAMAT":"JLN. MANGGA NO.1 TANJUNG PURA","EMAIL":"rais2209@gmail.com","TELP":"081362806538","EXPIRED":null},{"NIM":"161401118","PRODI":"821","TGL_REGISTRASI":"2016-08-10","KATEGORI":"S-1","NAMA":"ADE FAHIRA SAZANI","TGL_LAHIR":"1997-10-04","JENIS_KELAMIN":"P","ALAMAT":"JL. DUMAI NO. 28, KOMP. PT. PERTA ARUN GAS","EMAIL":"adefhra04@gmail.com","TELP":"08116017897","EXPIRED":null},{"NIM":"161401119","PRODI":"821","TGL_REGISTRASI":"2016-08-10","KATEGORI":"S-1","NAMA":"CHARITY","TGL_LAHIR":"1998-01-09","JENIS_KELAMIN":"P","ALAMAT":"SINDORO NO 11\/15","EMAIL":"hellogeeksss@gmail.com","TELP":"081370525282","EXPIRED":null},{"NIM":"161401120","PRODI":"821","TGL_REGISTRASI":"2016-08-10","KATEGORI":"S-1","NAMA":"INDAH C PAKPAHAN","TGL_LAHIR":"1998-03-26","JENIS_KELAMIN":"P","ALAMAT":"LUMBAN PEA, KEC.LUMBAN JULU","EMAIL":"indah.c.pakpahan26@gmail.com","TELP":"082274867351","EXPIRED":null},{"NIM":"161401121","PRODI":"821","TGL_REGISTRASI":"2016-08-10","KATEGORI":"S-1","NAMA":"SONI FEBRIGA SARAGIH","TGL_LAHIR":"1998-02-21","JENIS_KELAMIN":"L","ALAMAT":"JL.UTAMA BINTANG BAYU, KAB, SERDANG BEDAGAI","EMAIL":"sonifebrigasaragih@gmail.com","TELP":"085207990300","EXPIRED":null},{"NIM":"161401122","PRODI":"821","TGL_REGISTRASI":"2016-08-10","KATEGORI":"S-1","NAMA":"RIAN RIVALDO","TGL_LAHIR":"1998-02-17","JENIS_KELAMIN":"L","ALAMAT":"TAMAN ROYAL 3 BLOK A7 NO 16. RT 001\/RW 008, Kelurahan Poris Plawad, Kecamatan Cipondoh, Kota Tangerang.","EMAIL":"ryanrumapea@gmail.com","TELP":"081311172779","EXPIRED":null},{"NIM":"161401123","PRODI":"821","TGL_REGISTRASI":"2016-08-10","KATEGORI":"S-1","NAMA":"SHOPA DILLA AULIA TARIGAN","TGL_LAHIR":"1998-07-22","JENIS_KELAMIN":"P","ALAMAT":"JL. EKAWARNI V NO. 5 LK. XII MEDAN","EMAIL":"shopacantik@gmail.com","TELP":"81262926069","EXPIRED":null},{"NIM":"161401124","PRODI":"821","TGL_REGISTRASI":"2016-08-10","KATEGORI":"S-1","NAMA":"ABIDIN LUTHFI SEMBIRING","TGL_LAHIR":"1998-08-26","JENIS_KELAMIN":"L","ALAMAT":"JLN. KARYA WISATA, PERUMAHAN JOHOR INDAH PERMAI 1 BLOK IX NO 10, MEDAN","EMAIL":"abidin.hartig@gmail.com","TELP":"061-7864154","EXPIRED":null},{"NIM":"161401125","PRODI":"821","TGL_REGISTRASI":"2016-08-10","KATEGORI":"S-1","NAMA":"CHRIS NADIYA DELIMA BR SIREGAR","TGL_LAHIR":"1998-04-05","JENIS_KELAMIN":"P","ALAMAT":"JALAN MELANTHON SIREGAR GG.BARITO A NO.6 P.SIANTAR","EMAIL":"nadiyasiregar2@gmail.com","TELP":"085297000152","EXPIRED":null},{"NIM":"161401126","PRODI":"821","TGL_REGISTRASI":"2016-08-10","KATEGORI":"S-1","NAMA":"GILBERT PERDANA","TGL_LAHIR":"1998-09-17","JENIS_KELAMIN":"L","ALAMAT":"JL.SENANTIASA GG.SEJAHTERA II NO 03","EMAIL":"gilbert.gaul17@gmail.com","TELP":"85264648636","EXPIRED":null},{"NIM":"161401127","PRODI":"821","TGL_REGISTRASI":"2016-08-10","KATEGORI":"S-1","NAMA":"AULIA FADLAN","TGL_LAHIR":"1998-07-12","JENIS_KELAMIN":"L","ALAMAT":"JL. PRIMA NO. 22 MEDAN PASAR 7 TEMBUNG ","EMAIL":"aulia_fadlan@yahoo.com","TELP":"081368625836","EXPIRED":null},{"NIM":"161401128","PRODI":"821","TGL_REGISTRASI":"2016-08-10","KATEGORI":"S-1","NAMA":"MAULANA AZHARI PARAS HARAHAP","TGL_LAHIR":"1999-03-02","JENIS_KELAMIN":"L","ALAMAT":"AMPUNGSIALA, KEC. BATANG NATAL, KAB. MADINA","EMAIL":"maulana.az.harahap@gmail.com","TELP":"082364018888","EXPIRED":null},{"NIM":"161401129","PRODI":"821","TGL_REGISTRASI":"2016-08-11","KATEGORI":"S-1","NAMA":"AINIYAH PUTRI","TGL_LAHIR":"1998-07-16","JENIS_KELAMIN":"P","ALAMAT":"JALAN BAJAK IV NO 33 DD MEDAN AMPLAS","EMAIL":"ainiyahchan@gmail.com","TELP":"81260639093","EXPIRED":null},{"NIM":"161401130","PRODI":"821","TGL_REGISTRASI":"2016-08-11","KATEGORI":"S-1","NAMA":"MOHAMMAD FIRENZA KURNIAWAN","TGL_LAHIR":"1998-11-14","JENIS_KELAMIN":"L","ALAMAT":"JL.KARYA WISATA KOMPLEK JOHOR INDAH PERMAI 2 BLOK C NO  24","EMAIL":"firenzaa7@gmail.com","TELP":"82363353404","EXPIRED":null},{"NIM":"161401131","PRODI":"821","TGL_REGISTRASI":"2016-08-11","KATEGORI":"S-1","NAMA":"DWI FIMOZA","TGL_LAHIR":"1999-03-09","JENIS_KELAMIN":"P","ALAMAT":"JALAN KLAMBIR V NO.78","EMAIL":"dwi.fimoza@gmail.com","TELP":"085297476805","EXPIRED":null},{"NIM":"161401132","PRODI":"821","TGL_REGISTRASI":"2016-08-11","KATEGORI":"S-1","NAMA":"QAWARIRA","TGL_LAHIR":"1997-12-10","JENIS_KELAMIN":"P","ALAMAT":"JL. LEBE KADER BLANG KOLAK I, TAKENGON","EMAIL":"qawaqawa.r@gmail.com","TELP":"82304076685","EXPIRED":null},{"NIM":"161401133","PRODI":"821","TGL_REGISTRASI":"2016-08-11","KATEGORI":"S-1","NAMA":"GEBRIEL ERNESTO DAME GINTING","TGL_LAHIR":"1998-06-24","JENIS_KELAMIN":"L","ALAMAT":"GG SERASI BERASTAGI","EMAIL":"gebriel.ernesto@gmail.com","TELP":"82166058371","EXPIRED":null},{"NIM":"161401134","PRODI":"821","TGL_REGISTRASI":"2016-08-11","KATEGORI":"S-1","NAMA":"KING GENANTAN","TGL_LAHIR":"1998-02-27","JENIS_KELAMIN":"L","ALAMAT":"JL.TAKENGON-ISAQ ,KAMPUNG SIMPANG KELAPING.KECAMATN PEGASING.KABUPATEN ACEH TENGAH","EMAIL":"kinggenantan@gmail.com","TELP":"82274503410","EXPIRED":null},{"NIM":"161401135","PRODI":"821","TGL_REGISTRASI":"2016-08-11","KATEGORI":"S-1","NAMA":"RICKY YOHANES AMBARITA","TGL_LAHIR":"1998-11-10","JENIS_KELAMIN":"L","ALAMAT":"JL.FAJAR BARU UTARA, NO.18, RT06 RW08, CENGKARENG TIMUR","EMAIL":"rickyyohanesambarita@gmail.com","TELP":"81315811472","EXPIRED":null},{"NIM":"161401136","PRODI":"821","TGL_REGISTRASI":"2016-08-11","KATEGORI":"S-1","NAMA":"ILHAM NOER ZAHRI","TGL_LAHIR":"1998-10-31","JENIS_KELAMIN":"L","ALAMAT":"JALAN JENDRAL GATOT SUBROTO GANG BANDUNG NO. 30","EMAIL":"ihm.noer@gmail.com","TELP":"085204392040","EXPIRED":null},{"NIM":"161401137","PRODI":"821","TGL_REGISTRASI":"2016-08-11","KATEGORI":"S-1","NAMA":"RADIFAN FARIZ","TGL_LAHIR":"1998-05-06","JENIS_KELAMIN":"L","ALAMAT":"JL.RAJA JUNJUNGAN LUBIS NO.88 PANDAN","EMAIL":"radifanfariz@gmail.com","TELP":"082211208329","EXPIRED":null},{"NIM":"161401138","PRODI":"821","TGL_REGISTRASI":"2016-08-11","KATEGORI":"S-1","NAMA":"JOSUA J R SIDABUTAR","TGL_LAHIR":"1996-02-08","JENIS_KELAMIN":"L","ALAMAT":"JALAN BAJAK 5 NO. 10 BLOK B KOMPLEK KEHUTANAN","EMAIL":"yosuajonathan82@gmail.com","TELP":"082273701333","EXPIRED":null},{"NIM":"161401139","PRODI":"821","TGL_REGISTRASI":"2016-08-11","KATEGORI":"S-1","NAMA":"JAFARI ERIL NASUTION","TGL_LAHIR":"1997-10-13","JENIS_KELAMIN":"L","ALAMAT":"JLN. LETDA SUJONO NO. 167\/290 MEDAN","EMAIL":"jafarierilnasution@yahoo.com","TELP":"082276424494","EXPIRED":null},{"NIM":"161401141","PRODI":"821","TGL_REGISTRASI":"2016-09-08","KATEGORI":"S-1","NAMA":"NUR RAMADHANI","TGL_LAHIR":"1998-01-21","JENIS_KELAMIN":"P","ALAMAT":"WONOSARI LINGKUNGAN IV","EMAIL":"nurramadhani.koto21@gmail.com","TELP":"82277920545","EXPIRED":null}]