[{"NIM":"151401001","PRODI":"821","TGL_REGISTRASI":"2015-06-23","KATEGORI":"S-1","NAMA":"Kartika Anggraini","TGL_LAHIR":"1997-02-24","JENIS_KELAMIN":"P","ALAMAT":"Jalan Perintis Kemerdekaan Gg. Bukit Mas Lk III","EMAIL":"kartikaangraini69@yahoo.co.id","TELP":"081260264500","EXPIRED":null},{"NIM":"151401002","PRODI":"821","TGL_REGISTRASI":"2015-06-23","KATEGORI":"S-1","NAMA":"Irfan Syahputra","TGL_LAHIR":"1996-10-29","JENIS_KELAMIN":"L","ALAMAT":"Dusun I Desa Air Hitam","EMAIL":"irfansyahputra739@yahoo.com","TELP":"087706396231","EXPIRED":null},{"NIM":"151401003","PRODI":"821","TGL_REGISTRASI":"2015-06-23","KATEGORI":"S-1","NAMA":"Saraswati Yoga Andriyani","TGL_LAHIR":"1997-06-16","JENIS_KELAMIN":"P","ALAMAT":"Perumahan Srigunting Indah, Jalan Merak 2 Blok XIV No. 80 Sunggal, Sei Beras Sekata, Deli Serdang.","EMAIL":"saraswatiyoga.andriyani@yahoo.co.id","TELP":"085362620840","EXPIRED":null},{"NIM":"151401004","PRODI":"821","TGL_REGISTRASI":"2015-06-23","KATEGORI":"S-1","NAMA":"Fathya Adriani Lubis","TGL_LAHIR":"1998-03-27","JENIS_KELAMIN":"P","ALAMAT":"Jln. Abdul Hamid, Lk.IV, Kelurahan Bagelen, Kecamatan Padang Hilir, Tebing Tinggi, Sumatera Utara","EMAIL":"adrianifathya11ipa4@yahoo.com","TELP":"085761902511","EXPIRED":null},{"NIM":"151401005","PRODI":"821","TGL_REGISTRASI":"2015-06-23","KATEGORI":"S-1","NAMA":"Syifa Haliza","TGL_LAHIR":"1997-05-31","JENIS_KELAMIN":"P","ALAMAT":"Jl.Sei-silau No.110B","EMAIL":"syifa.haliza31@yahoo.com","TELP":"082304110516","EXPIRED":null},{"NIM":"151401006","PRODI":"821","TGL_REGISTRASI":"2015-06-23","KATEGORI":"S-1","NAMA":"Muhammad Khairul Fauzi","TGL_LAHIR":"1997-06-11","JENIS_KELAMIN":"L","ALAMAT":"Jl parit kaca II desa teluk stabat","EMAIL":"fauhaesy@gmail.com","TELP":"081260736972","EXPIRED":null},{"NIM":"151401007","PRODI":"821","TGL_REGISTRASI":"2015-06-23","KATEGORI":"S-1","NAMA":"Hafni Megasari Sitompul","TGL_LAHIR":"1997-03-18","JENIS_KELAMIN":"P","ALAMAT":"TANJUNG BOTUNG","EMAIL":"","TELP":"082272208597","EXPIRED":null},{"NIM":"151401008","PRODI":"821","TGL_REGISTRASI":"2015-06-23","KATEGORI":"S-1","NAMA":"Indra Maulana","TGL_LAHIR":"1997-06-16","JENIS_KELAMIN":"L","ALAMAT":"jl.setia makmur no.44A Dusun II desa sunggal kanan kec.sunggal kab.deli serdang","EMAIL":"indranmc68@yahoo.com","TELP":"081375295172","EXPIRED":null},{"NIM":"151401009","PRODI":"821","TGL_REGISTRASI":"2015-06-23","KATEGORI":"S-1","NAMA":"Jhon Martin Martua Sihaloho","TGL_LAHIR":"1997-03-06","JENIS_KELAMIN":"L","ALAMAT":"Jl. Kolam Renang Gg. Teladan\nKel. Gundaling 1\nKec. Berastagi\n","EMAIL":"letmeinpls90@gmail.com","TELP":"0","EXPIRED":null},{"NIM":"151401010","PRODI":"821","TGL_REGISTRASI":"2015-06-23","KATEGORI":"S-1","NAMA":"Irawan Indra Kusuma","TGL_LAHIR":"1998-01-04","JENIS_KELAMIN":"L","ALAMAT":"Jalan Udara Gang Terang ,Berastagi","EMAIL":"irawann09@gmail.com","TELP":"0","EXPIRED":null},{"NIM":"151401011","PRODI":"821","TGL_REGISTRASI":"2015-06-23","KATEGORI":"S-1","NAMA":"Yunita Hardianti Astuti","TGL_LAHIR":"1997-08-06","JENIS_KELAMIN":"P","ALAMAT":"Dusun V Kota Tengah Kec. Dolok Masihul Kab. Serdang Bedagai","EMAIL":"hardianti_yunita@yahoo.com","TELP":"081362782924","EXPIRED":null},{"NIM":"151401012","PRODI":"821","TGL_REGISTRASI":"2015-06-23","KATEGORI":"S-1","NAMA":"Arjuna Danu Fauzi","TGL_LAHIR":"1997-03-19","JENIS_KELAMIN":"L","ALAMAT":"Jalan Umar Baki, Binjai Barat","EMAIL":"Arjunadanufauzi@gmail.com","TELP":"082276664083","EXPIRED":null},{"NIM":"151401013","PRODI":"821","TGL_REGISTRASI":"2015-06-23","KATEGORI":"S-1","NAMA":"Hadi Pratama","TGL_LAHIR":"1997-07-04","JENIS_KELAMIN":"L","ALAMAT":"Jalan Alumunium I gang Mandor Kasmin Nomor 47, Desa Tanjung Mulia","EMAIL":"hadi.pratama4728@yahoo.co.id","TELP":"0616613813","EXPIRED":null},{"NIM":"151401014","PRODI":"821","TGL_REGISTRASI":"2015-06-23","KATEGORI":"S-1","NAMA":"Muhammad Rizki Syahputra","TGL_LAHIR":"1997-11-16","JENIS_KELAMIN":"L","ALAMAT":"Jln. Bakaran Batu No. 79 c Dusun IV Kec. Lubukpakam","EMAIL":"murizkisy@gmail.com","TELP":"082367138021","EXPIRED":null},{"NIM":"151401015","PRODI":"821","TGL_REGISTRASI":"2015-06-23","KATEGORI":"S-1","NAMA":"Kiki Nurlailani Hutabarat","TGL_LAHIR":"1996-02-04","JENIS_KELAMIN":"P","ALAMAT":"JL. PERJUANGAN 3 DSN 3 DESA SIGARA-GARA GG RESMI PATUMBAK Kab. Deli Serdang Sumatera Utara 20361","EMAIL":"","TELP":"081362190950","EXPIRED":null},{"NIM":"151401016","PRODI":"821","TGL_REGISTRASI":"2015-06-24","KATEGORI":"S-1","NAMA":"Mhd. Khafiroh Zamzamy Sormin","TGL_LAHIR":"1997-09-06","JENIS_KELAMIN":"L","ALAMAT":"Jln. Nagur Gang Inpres Pematangsiantar","EMAIL":"zsormin@yahoo.com","TELP":"087749492841","EXPIRED":null},{"NIM":"151401017","PRODI":"821","TGL_REGISTRASI":"2015-06-24","KATEGORI":"S-1","NAMA":"Diah Suci Azwita","TGL_LAHIR":"1997-12-27","JENIS_KELAMIN":"P","ALAMAT":"JL SEKSAMA GG JATI BAMBAN NO 74","EMAIL":"diahsuciazwita@yahoo.com","TELP":"081370627574","EXPIRED":null},{"NIM":"151401018","PRODI":"821","TGL_REGISTRASI":"2015-06-24","KATEGORI":"S-1","NAMA":"Neni Novita Yusroh","TGL_LAHIR":"1997-11-06","JENIS_KELAMIN":"P","ALAMAT":"Jl.Ampera 13 No.10 Glugur Darat I Medan","EMAIL":"nenynovitayusroh@yahoo.co.id","TELP":"082165975837","EXPIRED":null},{"NIM":"151401019","PRODI":"821","TGL_REGISTRASI":"2015-06-24","KATEGORI":"S-1","NAMA":"Irham Taufik","TGL_LAHIR":"1997-02-03","JENIS_KELAMIN":"L","ALAMAT":"pantai gading dusun ll pangkal pasar hilir","EMAIL":"irhamtaufik3@gmail.com","TELP":"082168960290","EXPIRED":null},{"NIM":"151401020","PRODI":"821","TGL_REGISTRASI":"2015-06-24","KATEGORI":"S-1","NAMA":"Cindy Laurent Ginting","TGL_LAHIR":"1998-03-01","JENIS_KELAMIN":"P","ALAMAT":"SETIA BUDI SQUARE NO. 14, KOTA MEDAN SUMATERA UTARA, 20132","EMAIL":"sakamisakura@yahoo.com","TELP":"083194188388","EXPIRED":null},{"NIM":"151401021","PRODI":"821","TGL_REGISTRASI":"2015-06-24","KATEGORI":"S-1","NAMA":"Rahmad Abadi Siregar","TGL_LAHIR":"1997-09-24","JENIS_KELAMIN":"L","ALAMAT":"Jl.Sedap Malam, Link. IV, Kel. Pahlawan, Kec Binjai Utara","EMAIL":"Rahmadabadi17@yahoo.com","TELP":"087763641203","EXPIRED":null},{"NIM":"151401022","PRODI":"821","TGL_REGISTRASI":"2015-06-24","KATEGORI":"S-1","NAMA":"Firmansyah","TGL_LAHIR":"1996-12-29","JENIS_KELAMIN":"L","ALAMAT":"Jalan. Demak No.3 medan","EMAIL":"firmansyahjr007@gmail.com","TELP":"082363361521","EXPIRED":null},{"NIM":"151401023","PRODI":"821","TGL_REGISTRASI":"2015-06-24","KATEGORI":"S-1","NAMA":"Tommy Kartono","TGL_LAHIR":"1997-04-07","JENIS_KELAMIN":"L","ALAMAT":"Jalan wahid hasyim no 37 binjai","EMAIL":"tommykartono87x@gmail.com ","TELP":"085664054251","EXPIRED":null},{"NIM":"151401024","PRODI":"821","TGL_REGISTRASI":"2015-06-24","KATEGORI":"S-1","NAMA":"Chairul Reza","TGL_LAHIR":"1997-12-28","JENIS_KELAMIN":"L","ALAMAT":"JL.SOEKARNO HATTA LK.IV KM.19,5 BINJAI Kota Binjai Sumatera Utara 20734","EMAIL":"chairulrezha@yahoo.co.id","TELP":"082165335656","EXPIRED":null},{"NIM":"151401025","PRODI":"821","TGL_REGISTRASI":"2015-06-24","KATEGORI":"S-1","NAMA":"Muhammad Arief Dalimunthe","TGL_LAHIR":"1997-09-04","JENIS_KELAMIN":"L","ALAMAT":"Jl B Mawar Perum Mawar Mas Residence Blok E\/7 Kelurahan Padang Bulan Selayang II Kecamatan Medan Selayang Kota Medan Sumatera Utara 20131","EMAIL":"tamuramaro.amori@gmail.com","TELP":"08116122610","EXPIRED":null},{"NIM":"151401026","PRODI":"821","TGL_REGISTRASI":"2015-06-24","KATEGORI":"S-1","NAMA":"Wahyu Fatur Rizky","TGL_LAHIR":"1997-07-30","JENIS_KELAMIN":"L","ALAMAT":"dusun x, RT. 005 RW. 003, buntu bedimbar, tanjung morawa","EMAIL":"wbocahbijak@gmail.com","TELP":"087769692528","EXPIRED":null},{"NIM":"151401027","PRODI":"821","TGL_REGISTRASI":"2015-06-24","KATEGORI":"S-1","NAMA":"Tresia Agustina Br Simanjuntak","TGL_LAHIR":"1997-08-05","JENIS_KELAMIN":"P","ALAMAT":"JL.PENDIDIKAN GG.PELITA PANGKALAN BERANDAN","EMAIL":"tresia.agustina@gmail.com","TELP":"082277753691","EXPIRED":null},{"NIM":"151401028","PRODI":"821","TGL_REGISTRASI":"2015-06-24","KATEGORI":"S-1","NAMA":"Sinta Awalisa Sinaga","TGL_LAHIR":"1998-05-17","JENIS_KELAMIN":"P","ALAMAT":"HUTA II BANDAR SELAMATNAGORI PAGAR BOSI KEC.UJUNG PADANG KAB.SIMALUNGUN","EMAIL":"sintasng624@gmail.com","TELP":"","EXPIRED":null},{"NIM":"151401029","PRODI":"821","TGL_REGISTRASI":"2015-06-24","KATEGORI":"S-1","NAMA":"Irma Winda Sari Nasution","TGL_LAHIR":"1996-11-25","JENIS_KELAMIN":"P","ALAMAT":"Jalan Imam Bonjol No. 162 Padangsidimpuan","EMAIL":"irmawinda.sari@yahoo.co.id","TELP":"085262886940","EXPIRED":null},{"NIM":"151401030","PRODI":"821","TGL_REGISTRASI":"2015-06-24","KATEGORI":"S-1","NAMA":"Hilda Ayu Tamara","TGL_LAHIR":"1997-06-19","JENIS_KELAMIN":"P","ALAMAT":"jl. kkp lk. III no. 5 kel. bakti karya kec. binjai selatan binjai sumut","EMAIL":"hildaayutamara52@gmail.com","TELP":"087769171499","EXPIRED":null},{"NIM":"151401031","PRODI":"821","TGL_REGISTRASI":"2015-06-24","KATEGORI":"S-1","NAMA":"Meissy Ayu Maisarah","TGL_LAHIR":"1997-04-01","JENIS_KELAMIN":"P","ALAMAT":"jl.veteran gg.kembang no.5a kabanjahe ","EMAIL":"meissy.maisarah01@gmail.com","TELP":"087799011737","EXPIRED":null},{"NIM":"151401032","PRODI":"821","TGL_REGISTRASI":"2015-06-24","KATEGORI":"S-1","NAMA":"Hairunnisa Lubis","TGL_LAHIR":"1997-07-15","JENIS_KELAMIN":"P","ALAMAT":"Jalan letda sujono gang muslim no.13 Medan","EMAIL":"hairunnisalubis@yahoo.co.id","TELP":"085370762223","EXPIRED":null},{"NIM":"151401033","PRODI":"821","TGL_REGISTRASI":"2015-06-24","KATEGORI":"S-1","NAMA":"Nurheppya","TGL_LAHIR":"1997-11-25","JENIS_KELAMIN":"P","ALAMAT":"jl. mariam ginting, gg. murai kab. karo sumatera utara","EMAIL":"nur_heppya@yahoo.com","TELP":"085261520834","EXPIRED":null},{"NIM":"151401034","PRODI":"821","TGL_REGISTRASI":"2015-06-24","KATEGORI":"S-1","NAMA":"Mayrisa","TGL_LAHIR":"1997-05-20","JENIS_KELAMIN":"P","ALAMAT":"jln.laksana gg.piano no.53A medan area","EMAIL":"may.risa68@yahoo.com","TELP":"-","EXPIRED":null},{"NIM":"151401035","PRODI":"821","TGL_REGISTRASI":"2015-06-24","KATEGORI":"S-1","NAMA":"Eva Novita","TGL_LAHIR":"1997-06-27","JENIS_KELAMIN":"P","ALAMAT":"JALAN BUNGA WIJAYA KUSUMA NO.32 MEDAN","EMAIL":"evamovita@gmail.com","TELP":"","EXPIRED":null},{"NIM":"151401036","PRODI":"821","TGL_REGISTRASI":"2015-06-24","KATEGORI":"S-1","NAMA":"Triska Hanis Illahi","TGL_LAHIR":"1998-03-10","JENIS_KELAMIN":"P","ALAMAT":"Jln. Yos Sudarso No.81","EMAIL":"triskahanis3@gmail.com","TELP":"081990644050","EXPIRED":null},{"NIM":"151401037","PRODI":"821","TGL_REGISTRASI":"2015-06-25","KATEGORI":"S-1","NAMA":"Renzi Safiano","TGL_LAHIR":"1997-06-14","JENIS_KELAMIN":"L","ALAMAT":"KOMPLEK JOHOR INDAH PERMAI BLOK F NOMOR 12 LK IX MEDAN","EMAIL":"safianorenzi@gmail.com","TELP":"","EXPIRED":null},{"NIM":"151401038","PRODI":"821","TGL_REGISTRASI":"2015-06-25","KATEGORI":"S-1","NAMA":"Sahlina Adha Lubis","TGL_LAHIR":"1997-03-15","JENIS_KELAMIN":"P","ALAMAT":"Jalan Sutan Soripada Mulia Gang. Sejahtera No.7 Padangsidimpuan","EMAIL":"sahlinaadha@yahoo.com","TELP":"081361690297","EXPIRED":null},{"NIM":"151401039","PRODI":"821","TGL_REGISTRASI":"2015-06-25","KATEGORI":"S-1","NAMA":"Shella Gestika","TGL_LAHIR":"1997-07-11","JENIS_KELAMIN":"P","ALAMAT":"sungai buaya","EMAIL":"shellagestika6@gmail.com","TELP":"085362022073","EXPIRED":null},{"NIM":"151401040","PRODI":"821","TGL_REGISTRASI":"2015-06-25","KATEGORI":"S-1","NAMA":"Fadlan Azizi","TGL_LAHIR":"1998-03-10","JENIS_KELAMIN":"L","ALAMAT":"Jln. SM Raja Gg. Arifin No.56 Medan","EMAIL":"fadlanazizi98@gmail.com","TELP":"0617877295","EXPIRED":null},{"NIM":"151401041","PRODI":"821","TGL_REGISTRASI":"2015-06-25","KATEGORI":"S-1","NAMA":"Agung Prasetiyo","TGL_LAHIR":"1997-08-15","JENIS_KELAMIN":"L","ALAMAT":"jl. jermal XIV kel. denai, kec. medan denai","EMAIL":"agungprasetiyo58@gmail.com","TELP":"087867750873","EXPIRED":null},{"NIM":"151401042","PRODI":"821","TGL_REGISTRASI":"2015-06-25","KATEGORI":"S-1","NAMA":"Alben Ricardo Hutabarat","TGL_LAHIR":"1998-08-11","JENIS_KELAMIN":"L","ALAMAT":"Jalan KPR BTN KM 4.5 LK VII Kel.Sijambi Kec.Datuk Bandar Tanjungbalai","EMAIL":"alben.ricardo@gmail.com","TELP":"082165990922","EXPIRED":null},{"NIM":"151401043","PRODI":"821","TGL_REGISTRASI":"2015-06-25","KATEGORI":"S-1","NAMA":"Nadira Khairunnisa","TGL_LAHIR":"1997-09-02","JENIS_KELAMIN":"P","ALAMAT":"Jln.Huta I PPM Marihat Desa Marihat Baris Kecamatan siantar ","EMAIL":"nadira_khairunnisa@yahoo.com","TELP":"081345061444","EXPIRED":null},{"NIM":"151401044","PRODI":"821","TGL_REGISTRASI":"2015-06-25","KATEGORI":"S-1","NAMA":"Joshua Hanayong","TGL_LAHIR":"1998-05-16","JENIS_KELAMIN":"L","ALAMAT":"Jalan Rawa Jaya No.601 Kel. Pahlawan Kec. Kemuning Km. 3,5","EMAIL":"jos.oper@yahoo.com","TELP":"0711364679","EXPIRED":null},{"NIM":"151401045","PRODI":"821","TGL_REGISTRASI":"2015-06-25","KATEGORI":"S-1","NAMA":"Nanda Sari Siregar","TGL_LAHIR":"1997-10-19","JENIS_KELAMIN":"P","ALAMAT":"JL.KH Zubeir Ahmad No.48, sadabuan","EMAIL":"nandasarisiregar@yahoo.com","TELP":"083190500904","EXPIRED":null},{"NIM":"151401046","PRODI":"821","TGL_REGISTRASI":"2015-06-25","KATEGORI":"S-1","NAMA":"Habibie Satrio Nugroho","TGL_LAHIR":"1997-08-02","JENIS_KELAMIN":"L","ALAMAT":"Jalan AIP II K.S TUBUN No.179\/17 Kota MEdan Sumatera Utara 20211","EMAIL":"habibiesatrio.sman8medan@gmail.com","TELP":"082277080942","EXPIRED":null},{"NIM":"151401047","PRODI":"821","TGL_REGISTRASI":"2015-06-25","KATEGORI":"S-1","NAMA":"Defri Muhammad Chan","TGL_LAHIR":"1997-12-13","JENIS_KELAMIN":"L","ALAMAT":"Jalan Rahmadsyah\/Japaris Gang Pergaulan No. 12","EMAIL":"defri.mc@gmail.com","TELP":"089625723923","EXPIRED":null},{"NIM":"151401048","PRODI":"821","TGL_REGISTRASI":"2015-06-25","KATEGORI":"S-1","NAMA":"Nurhaida Manik","TGL_LAHIR":"1997-04-14","JENIS_KELAMIN":"P","ALAMAT":"desa.lobutasait, kel. nai pos-pos barat, kec.sorkam, kab. tapanuli tengah","EMAIL":"nurhaidamanik 126@yahoo.co.id","TELP":"081375770934","EXPIRED":null},{"NIM":"151401049","PRODI":"821","TGL_REGISTRASI":"2015-06-25","KATEGORI":"S-1","NAMA":"Gusvita Amalia Nisa","TGL_LAHIR":"1997-08-07","JENIS_KELAMIN":"P","ALAMAT":"pematangsiantar,jl.singosari gg.sumbersari kel.bantan kec.siantar barat","EMAIL":"lokavita032@gmail.com","TELP":"085762737358","EXPIRED":null},{"NIM":"151401050","PRODI":"821","TGL_REGISTRASI":"2015-06-25","KATEGORI":"S-1","NAMA":"Ami Pratama","TGL_LAHIR":"1997-05-28","JENIS_KELAMIN":"L","ALAMAT":"Jalan Besitang Lingkungan Tangkahan lagan Timur Kelurahan Alur Dua Baru Kecamatan Sei.Lepan","EMAIL":"amil10n@yahoo.co.id","TELP":"087763817530","EXPIRED":null},{"NIM":"151401051","PRODI":"821","TGL_REGISTRASI":"2015-06-25","KATEGORI":"S-1","NAMA":"Yunita Rachmawati Mr Siregar","TGL_LAHIR":"1997-06-19","JENIS_KELAMIN":"P","ALAMAT":"Jl. Pendidikan Gg. Selasih XIII no.6 Pasar XI Tembung Kec. Percut Sei Tuan","EMAIL":"yunitarachmawati66@yahoo.com","TELP":"085658584810","EXPIRED":null},{"NIM":"151401052","PRODI":"821","TGL_REGISTRASI":"2015-06-25","KATEGORI":"S-1","NAMA":"Fadhila An Nisaa","TGL_LAHIR":"1997-07-24","JENIS_KELAMIN":"P","ALAMAT":"jalan balongan pb.248 komplek pertamina pangkalan berandan ","EMAIL":"fadhilaannisaa@icloud.com","TELP":"082368806686","EXPIRED":null},{"NIM":"151401053","PRODI":"821","TGL_REGISTRASI":"2015-06-25","KATEGORI":"S-1","NAMA":"Jasmil Arti Harahap","TGL_LAHIR":"1997-06-12","JENIS_KELAMIN":"P","ALAMAT":"Jl. Pertahanan Gg. Masjid Dusun IV Patumbak Kampung","EMAIL":"jasmilartiharahap@yahoo.co.id","TELP":"087868974243","EXPIRED":null},{"NIM":"151401054","PRODI":"821","TGL_REGISTRASI":"2015-06-25","KATEGORI":"S-1","NAMA":"Fachry Ramadhan Tanjung","TGL_LAHIR":"1997-02-01","JENIS_KELAMIN":"L","ALAMAT":"Jalan rahmadsyah gg maksum no 400A","EMAIL":"fahryari69@yahoo.com","TELP":"083194650155","EXPIRED":null},{"NIM":"151401055","PRODI":"821","TGL_REGISTRASI":"2015-06-26","KATEGORI":"S-1","NAMA":"Juwito Purnomo","TGL_LAHIR":"1997-09-21","JENIS_KELAMIN":"L","ALAMAT":"Dusun 3 Desa Pasar Lembu Kec. Air Joman Kab. Asahan","EMAIL":"juwito_purnomo@yahoo.com","TELP":"087748784445","EXPIRED":null},{"NIM":"151401056","PRODI":"821","TGL_REGISTRASI":"2015-06-26","KATEGORI":"S-1","NAMA":"Rizali Ahmad Batubara","TGL_LAHIR":"1997-05-15","JENIS_KELAMIN":"L","ALAMAT":"Dsn.simpang maropat, Ds.sampean","EMAIL":"rizaliahmad83@yahoo.co.id","TELP":"082274534531","EXPIRED":null},{"NIM":"151401057","PRODI":"821","TGL_REGISTRASI":"2015-06-26","KATEGORI":"S-1","NAMA":"Izmi Fadhilah","TGL_LAHIR":"1997-05-11","JENIS_KELAMIN":"P","ALAMAT":"Jln. Veteran no 20 Aekkanopan Timur Labuhanbatu Utara","EMAIL":"Izmi.fadhilah@yahoo.co.id","TELP":"087892504548","EXPIRED":null},{"NIM":"151401058","PRODI":"821","TGL_REGISTRASI":"2015-06-26","KATEGORI":"S-1","NAMA":"Rahmad Sadri","TGL_LAHIR":"1997-01-27","JENIS_KELAMIN":"L","ALAMAT":"Jalan Jend. Sudirman No. 277 Km. 2 Tanjungbalai (Depan Kantor Kejaksaan Negeri Kota Tanjungbalai Asahan) Tanjungbalai 21367","EMAIL":"rahmadsadri55@gmail.com","TELP":"087748662604","EXPIRED":null},{"NIM":"151401059","PRODI":"821","TGL_REGISTRASI":"2015-06-26","KATEGORI":"S-1","NAMA":"MUHAMMAD FARIZ ZAIAD","TGL_LAHIR":"1997-04-16","JENIS_KELAMIN":"L","ALAMAT":"Jl. Jati I no.37 Teladan Barat Kota Medan Sumatera Utara 20217","EMAIL":"fariz.zaiad@ymail.com","TELP":"087766292873","EXPIRED":null},{"NIM":"151401060","PRODI":"821","TGL_REGISTRASI":"2015-06-26","KATEGORI":"S-1","NAMA":"Muhammad Rizky","TGL_LAHIR":"1997-08-01","JENIS_KELAMIN":"L","ALAMAT":"Lk V Kel. Lima Puluh Kota Kec. Lima Puluh Kab. Batu Bara","EMAIL":"mr.izky@ymail.com","TELP":"087748757016","EXPIRED":null},{"NIM":"151401061","PRODI":"821","TGL_REGISTRASI":"2015-06-26","KATEGORI":"S-1","NAMA":"Ahmad Alfin","TGL_LAHIR":"1997-02-17","JENIS_KELAMIN":"L","ALAMAT":"link VI damar laut\nRT\/RW 001\/001\nkel\/desa:BUKIT KUBU\nKEC BESITANG","EMAIL":"","TELP":"082168448585","EXPIRED":null},{"NIM":"151401062","PRODI":"821","TGL_REGISTRASI":"2015-06-26","KATEGORI":"S-1","NAMA":"Agus Surya Winata","TGL_LAHIR":"1997-08-21","JENIS_KELAMIN":"L","ALAMAT":"Jl. Jend. Sudirman No. 55, indrapura","EMAIL":"agryata@gmail.com","TELP":"082161049396","EXPIRED":null},{"NIM":"151401063","PRODI":"821","TGL_REGISTRASI":"2015-06-26","KATEGORI":"S-1","NAMA":"Aidila Adha Prayudi","TGL_LAHIR":"1998-04-07","JENIS_KELAMIN":"P","ALAMAT":"Jalan Chairil Anwar 01 Kel. Kisaran Baru  Kec. Kisaran Barat","EMAIL":"aidilaadha1@gmail.com","TELP":"085358149374","EXPIRED":null},{"NIM":"151401064","PRODI":"821","TGL_REGISTRASI":"2015-06-26","KATEGORI":"S-1","NAMA":"Emeliyana Ginting","TGL_LAHIR":"1997-05-28","JENIS_KELAMIN":"P","ALAMAT":"JL. JAMIN GINTING GANG.KENANGA V NO.19 MEDAN","EMAIL":"","TELP":"082276224570","EXPIRED":null},{"NIM":"151401065","PRODI":"821","TGL_REGISTRASI":"2015-06-26","KATEGORI":"S-1","NAMA":"Riska Wahyuni","TGL_LAHIR":"1996-06-04","JENIS_KELAMIN":"P","ALAMAT":"MANAMBIN , KECAMATAN KOTANOPAN , KABUPATEN MANDAILING NATAL ","EMAIL":"","TELP":"082273895296","EXPIRED":null},{"NIM":"151401066","PRODI":"821","TGL_REGISTRASI":"2015-06-26","KATEGORI":"S-1","NAMA":"Ririn Riski Ananda","TGL_LAHIR":"1996-11-17","JENIS_KELAMIN":"P","ALAMAT":"DESA SIMPANG KOPI DUSUN I SEI SUKA KABUPATEN BATU BARA","EMAIL":"","TELP":"0878189548","EXPIRED":null},{"NIM":"151401067","PRODI":"821","TGL_REGISTRASI":"2015-06-26","KATEGORI":"S-1","NAMA":"Hanafi Azhari Nasution","TGL_LAHIR":"1997-01-25","JENIS_KELAMIN":"L","ALAMAT":"Jln.Hos Cokroaminoto No.6","EMAIL":"azharihanafi7828@gmail.com","TELP":"081375932152","EXPIRED":null},{"NIM":"151401068","PRODI":"821","TGL_REGISTRASI":"2015-06-26","KATEGORI":"S-1","NAMA":"Muhammad Thoriq Fadillah Marpaung","TGL_LAHIR":"1997-02-04","JENIS_KELAMIN":"L","ALAMAT":"Jalan keadilan lorong III Barat No.20","EMAIL":"thoriq907@gmail.com","TELP":"085763202861","EXPIRED":null},{"NIM":"151401069","PRODI":"821","TGL_REGISTRASI":"2015-06-26","KATEGORI":"S-1","NAMA":"Paulita Turnip","TGL_LAHIR":"1997-05-17","JENIS_KELAMIN":"P","ALAMAT":"DUSUN XVII REL KERETA API DESA PASAR MELINTANG KECAMATAN LUBUK PAKAM","EMAIL":"paulitaturnip17@gmail.com","TELP":"082274739555","EXPIRED":null},{"NIM":"151401070","PRODI":"821","TGL_REGISTRASI":"2015-06-26","KATEGORI":"S-1","NAMA":"Aftika Wulandari","TGL_LAHIR":"1997-04-10","JENIS_KELAMIN":"P","ALAMAT":"bah birung ulu, desa birong ulu manriah, kecamatan sidamanik, kabupaten simalungun, sumatera utara","EMAIL":"aftika.wulandaritsp@gmail.com","TELP":"082272628816","EXPIRED":null},{"NIM":"151401071","PRODI":"821","TGL_REGISTRASI":"2015-06-27","KATEGORI":"S-1","NAMA":"Ezra Ridayanti Siahaan","TGL_LAHIR":"1997-01-26","JENIS_KELAMIN":"P","ALAMAT":"jl.rawa cangkuk 4 gg pelita no. 2","EMAIL":"","TELP":"081376227725","EXPIRED":null},{"NIM":"151401072","PRODI":"821","TGL_REGISTRASI":"2015-06-27","KATEGORI":"S-1","NAMA":"Siti Alif Tiffani Sagala","TGL_LAHIR":"1997-05-19","JENIS_KELAMIN":"P","ALAMAT":"Dsn I STN Aek Paminke Desa Bandar Selamat Kec. Aek Kuo Kab. Labuhanbatu Utara Sumatera Utara 21455","EMAIL":"sitialiftiffany@yahoo.co.id","TELP":"082213231976","EXPIRED":null},{"NIM":"151401073","PRODI":"821","TGL_REGISTRASI":"2015-08-04","KATEGORI":"S-1","NAMA":"KHAIRUNNADA","TGL_LAHIR":"1997-08-03","JENIS_KELAMIN":"P","ALAMAT":"JALAN TEMPIRAI X BLOK 7 NO 142 GRIYA MARTUBUNG MEDAN LABUHAN  Kota Medan Sumatera Utara 20251","EMAIL":"khairunnadaarief@yahoo.co.id","TELP":"085360961214","EXPIRED":null},{"NIM":"151401074","PRODI":"821","TGL_REGISTRASI":"2015-08-04","KATEGORI":"S-1","NAMA":"ALBERT ANTHONY","TGL_LAHIR":"1997-06-10","JENIS_KELAMIN":"L","ALAMAT":"Jl. B Katamso GG. Baru  no 8","EMAIL":"","TELP":"085103072068","EXPIRED":null},{"NIM":"151401075","PRODI":"821","TGL_REGISTRASI":"2015-08-04","KATEGORI":"S-1","NAMA":"DORMEN HUTAGALUNG","TGL_LAHIR":"1997-07-20","JENIS_KELAMIN":"L","ALAMAT":"TARUTUNG   Kab. Tapanuli Utara   Sumatera Utara 22411","EMAIL":"dormenhutagalung12@gmail.com","TELP":"085361293143","EXPIRED":null},{"NIM":"151401077","PRODI":"821","TGL_REGISTRASI":"2015-08-04","KATEGORI":"S-1","NAMA":"BRIAN HAREFA","TGL_LAHIR":"1997-11-17","JENIS_KELAMIN":"L","ALAMAT":"JALAN BALAM NO.48 PERUMNAS MANDALA Kab. Deli Serdang   Sumatera Utara 20226","EMAIL":"razarta2@gmail.com","TELP":"082160880108","EXPIRED":null},{"NIM":"151401078","PRODI":"821","TGL_REGISTRASI":"2015-08-04","KATEGORI":"S-1","NAMA":"FARHAN PRAMUWIDYANTORO SURBAKTI","TGL_LAHIR":"1998-01-24","JENIS_KELAMIN":"L","ALAMAT":"JL. CINTA KARYA NO.133   Kota Medan   Sumatera Utara","EMAIL":"fps2498@gmail.com","TELP":"81249937292","EXPIRED":null},{"NIM":"151401079","PRODI":"821","TGL_REGISTRASI":"2015-08-04","KATEGORI":"S-1","NAMA":"SENDY NATANAEL DUHA","TGL_LAHIR":"1997-10-07","JENIS_KELAMIN":"L","ALAMAT":"JLN. DIPONEGORO NO. 119 B KEC. TELUKDALAM KAB. NIAS SELATAN Kab. Nias Selatan   Sumatera Utara 22865","EMAIL":"skyinverse07@gmail.com","TELP":"082168980207","EXPIRED":null},{"NIM":"151401080","PRODI":"821","TGL_REGISTRASI":"2015-08-04","KATEGORI":"S-1","NAMA":"ABIYYU HAKAM SEMBIRING MELIALA","TGL_LAHIR":"1998-07-04","JENIS_KELAMIN":"L","ALAMAT":"JL. KOLONEL RAHMAT NO;83 , RT\/RW 001\/004 TEGAL MUNJUL Kab. Purwakarta   Jawa Barat 41116","EMAIL":"abiyyuhakam@gmail.com","TELP":"08163142731","EXPIRED":null},{"NIM":"151401081","PRODI":"821","TGL_REGISTRASI":"2015-08-04","KATEGORI":"S-1","NAMA":"VINCENT INZIE LAWSON","TGL_LAHIR":"1997-07-19","JENIS_KELAMIN":"L","ALAMAT":"JALAN KARYA WISATA NO.78   Kota Medan   Sumatera Utara 20144","EMAIL":"Visteasik@gmail.com","TELP":"81370441132","EXPIRED":null},{"NIM":"151401083","PRODI":"821","TGL_REGISTRASI":"2015-08-04","KATEGORI":"S-1","NAMA":"IVANDI ADRIANSYAH DAULAY","TGL_LAHIR":"1997-07-26","JENIS_KELAMIN":"L","ALAMAT":"JLN. KAPTEN TANDEAN NO. 10-A   Kota Padang Sidempuan\nSumatera Utara 22718","EMAIL":"","TELP":"+6281370103519","EXPIRED":null},{"NIM":"151401084","PRODI":"821","TGL_REGISTRASI":"2015-08-04","KATEGORI":"S-1","NAMA":"NUR AFNI HASANAH","TGL_LAHIR":"1997-05-14","JENIS_KELAMIN":"P","ALAMAT":"JALAN JAMIN GINTING GANG GEREJA HKBP NOM OR 27 A PADANG BULAN Kota Medan   Sumatera Utara 20131","EMAIL":"afni833@gmail.com","TELP":"8972290923","EXPIRED":null},{"NIM":"151401085","PRODI":"821","TGL_REGISTRASI":"2015-08-04","KATEGORI":"S-1","NAMA":"ZIKRI AKMAL SANTOSO","TGL_LAHIR":"1998-03-02","JENIS_KELAMIN":"L","ALAMAT":"JL.PESANTREN NO.2B   Kota Medan   Sumatera Utara 20122","EMAIL":"zikriakmale@gmail.com","TELP":"085270799923","EXPIRED":null},{"NIM":"151401086","PRODI":"821","TGL_REGISTRASI":"2015-08-04","KATEGORI":"S-1","NAMA":"RAJA HEWILA ALDONI BUNGARAN SINAGA","TGL_LAHIR":"1998-04-17","JENIS_KELAMIN":"L","ALAMAT":"JL. SEI PUTIH BARU NO. 8\/35   Kota Medan   Sumatera Utara 20154","EMAIL":"aldonisinaga@gmail.com","TELP":"82162118924","EXPIRED":null},{"NIM":"151401087","PRODI":"821","TGL_REGISTRASI":"2015-08-04","KATEGORI":"S-1","NAMA":"BOBBY WIBOWO BANJARNAHOR","TGL_LAHIR":"1998-04-19","JENIS_KELAMIN":"L","ALAMAT":"JALAN MENTENG VII GG. NASIONAL NO. 10","EMAIL":"bobbywibowo@live.com","TELP":"087769526739","EXPIRED":null},{"NIM":"151401088","PRODI":"821","TGL_REGISTRASI":"2015-08-04","KATEGORI":"S-1","NAMA":"ANGGIA BONAR NICOLAS SIRINGORINGO","TGL_LAHIR":"1997-02-06","JENIS_KELAMIN":"L","ALAMAT":"JALAN MENTENG VII GANG MURNI NO 15 Kota Medan Sumatera Utara 20228","EMAIL":"anggia06.x20sma@gmail.com","TELP":"085362623476","EXPIRED":null},{"NIM":"151401090","PRODI":"821","TGL_REGISTRASI":"2015-08-05","KATEGORI":"S-1","NAMA":"MUNTAQIM ASBUCH","TGL_LAHIR":"1997-08-01","JENIS_KELAMIN":"L","ALAMAT":"GAMPONG TIJUE, KEC. PIDIE   Kab. Pidie   Aceh 24151","EMAIL":"alvarezasbuch@gmail.com","TELP":"85362673577","EXPIRED":null},{"NIM":"151401091","PRODI":"821","TGL_REGISTRASI":"2015-08-05","KATEGORI":"S-1","NAMA":"SUTI SULISTYANI","TGL_LAHIR":"1997-12-05","JENIS_KELAMIN":"P","ALAMAT":"JALAN AMALIUN GG HASAN BASRI NO.1   Kota Medan   Sumatera Utara 20215","EMAIL":"suti.sulis@yahoo.co.id","TELP":"81260369328","EXPIRED":null},{"NIM":"151401092","PRODI":"821","TGL_REGISTRASI":"2015-08-05","KATEGORI":"S-1","NAMA":"FREDERIK YAN PUTRA PAKPAHAN","TGL_LAHIR":"1996-05-24","JENIS_KELAMIN":"L","ALAMAT":"JL.D.I PANJAITAN NH GG,KUNYIT   Kota Pematang Siantar   Sumatera Utara 2112","EMAIL":"frederikpakpahan@gmail.com","TELP":"082274849885","EXPIRED":null},{"NIM":"151401093","PRODI":"821","TGL_REGISTRASI":"2015-08-05","KATEGORI":"S-1","NAMA":"ARIE TRIWIYONO","TGL_LAHIR":"1997-03-26","JENIS_KELAMIN":"L","ALAMAT":"JALAN METAL NO 39   Kota Medan   Sumatera Utara 20241","EMAIL":"triwiyonoarie@gmail.com","TELP":"081242934875","EXPIRED":null},{"NIM":"151401094","PRODI":"821","TGL_REGISTRASI":"2015-08-05","KATEGORI":"S-1","NAMA":"ULFA NATALIA SIAHAAN","TGL_LAHIR":"1996-12-03","JENIS_KELAMIN":"P","ALAMAT":"JL. SERING GG SAROHA NO 9   Kota Medan   Sumatera Utara 20222","EMAIL":"ulfanataliasiahaan@gmail.com","TELP":"85372549120","EXPIRED":null},{"NIM":"151401095","PRODI":"821","TGL_REGISTRASI":"2015-08-05","KATEGORI":"S-1","NAMA":"RENI M SILALAHI","TGL_LAHIR":"1996-05-17","JENIS_KELAMIN":"P","ALAMAT":"JALAN PERJANJIAN NO.89 RT\/RW 001\/003   Kota Pematang Siantar   Sumatera Utara 21146","EMAIL":"renisilalahi179@gmail.com","TELP":"81375776166","EXPIRED":null},{"NIM":"151401096","PRODI":"821","TGL_REGISTRASI":"2015-08-05","KATEGORI":"S-1","NAMA":"NIFHIA ANNISA PUTRI","TGL_LAHIR":"1998-03-23","JENIS_KELAMIN":"P","ALAMAT":"JL. GUGUS DEPAN BERNGAM BINJAI JL. GUGUS DEPAN BERNGAM BINJAI Kota Binjai   Sumatera Utara 20715","EMAIL":"nifhiaannisa@yahoo.com","TELP":"81269071996","EXPIRED":null},{"NIM":"151401097","PRODI":"821","TGL_REGISTRASI":"2015-08-05","KATEGORI":"S-1","NAMA":"YOGI IRHANDI SIMAMORA","TGL_LAHIR":"1997-12-16","JENIS_KELAMIN":"L","ALAMAT":"JL. R. SUPRAPTO GG FAMILY NO. 4   Kota Sibolga   Sumatera Utara 22534","EMAIL":"yogiirhandisimamora@gmail.com","TELP":"087891433726","EXPIRED":null},{"NIM":"151401098","PRODI":"821","TGL_REGISTRASI":"2015-08-05","KATEGORI":"S-1","NAMA":"TENGKU REZA AL ASMI","TGL_LAHIR":"1998-03-22","JENIS_KELAMIN":"L","ALAMAT":"JLN.BILAL NO.37 MEDAN POLONIA Kota Medan   Sumatera Utara 20157","EMAIL":"vivalavidae@facebook.com","TELP":"085658160598","EXPIRED":null},{"NIM":"151401099","PRODI":"821","TGL_REGISTRASI":"2015-08-05","KATEGORI":"S-1","NAMA":"KHAIRIL ANWAR","TGL_LAHIR":"1996-03-17","JENIS_KELAMIN":"L","ALAMAT":"DESA KUTARIH, KECAMATAN BABUSSALAM   Kab. Aceh Tenggara   Aceh 24651","EMAIL":"khairilanwar569@gmail.com","TELP":"85206112525","EXPIRED":null},{"NIM":"151401100","PRODI":"821","TGL_REGISTRASI":"2015-08-05","KATEGORI":"S-1","NAMA":"AUDHIKA GAINDATA ARISNANDO","TGL_LAHIR":"1997-11-15","JENIS_KELAMIN":"L","ALAMAT":"TAMAN BUANA INDAH BLOK C NO.22, SEI PANAS, BATAM KOTA","EMAIL":"audhikaga@gmail.com","TELP":"0778422134","EXPIRED":null},{"NIM":"151401101","PRODI":"821","TGL_REGISTRASI":"2015-08-05","KATEGORI":"S-1","NAMA":"INDRA NAULI BASA SIREGAR","TGL_LAHIR":"1996-11-14","JENIS_KELAMIN":"L","ALAMAT":"JL JERMAL V NO 40   Kota Medan   Sumatera Utara 20227","EMAIL":"Indranaulibasa@gmail.com","TELP":"0617323625","EXPIRED":null},{"NIM":"151401102","PRODI":"821","TGL_REGISTRASI":"2015-08-05","KATEGORI":"S-1","NAMA":"VELLYNA ANGELICHA SITORUS","TGL_LAHIR":"1998-10-15","JENIS_KELAMIN":"P","ALAMAT":"JALAN TURI GG SETIA NO.7B   Kota Medan   Sumatera Utara 20217","EMAIL":"vellynaangelichasitorus@ymail.com","TELP":"082165397215","EXPIRED":null},{"NIM":"151401103","PRODI":"821","TGL_REGISTRASI":"2015-08-05","KATEGORI":"S-1","NAMA":"ISMAR PRASETIO","TGL_LAHIR":"1997-06-04","JENIS_KELAMIN":"L","ALAMAT":"Jalan Lintas Sumatera No. 05 Damuli kebun","EMAIL":"prasetioismar@gmail.com","TELP":"85922038320","EXPIRED":null},{"NIM":"151401105","PRODI":"821","TGL_REGISTRASI":"2015-08-05","KATEGORI":"S-1","NAMA":"DWI EKAL SAPUTRA","TGL_LAHIR":"1997-07-20","JENIS_KELAMIN":"L","ALAMAT":"JALAN KENARI XII NOMOR 600 PERUMNAS MANDALA MEDAN Kota Medan   Sumatera Utara 20226","EMAIL":"ekalsaputra111@gmail.com","TELP":"0819841656","EXPIRED":null},{"NIM":"151401106","PRODI":"821","TGL_REGISTRASI":"2015-08-05","KATEGORI":"S-1","NAMA":"RAHMATUNNISA SIREGAR","TGL_LAHIR":"1997-07-28","JENIS_KELAMIN":"P","ALAMAT":"JLN.B.Z.HAMID GG.SETIA NO.8A KEL.TITI KU NING, KEC.MEDAN JOHOR Kota Medan   Sumatera Utara 20146","EMAIL":"mikaru_k@yahoo.co.id","TELP":"0816303586","EXPIRED":null},{"NIM":"151401107","PRODI":"821","TGL_REGISTRASI":"2015-08-05","KATEGORI":"S-1","NAMA":"ADI SYAHPUTRA SITUMORANG","TGL_LAHIR":"1997-03-25","JENIS_KELAMIN":"L","ALAMAT":"JALAN SUDIRMAN, SIGIRING-GIRING NO.319   Kota Padang Sidempuan   Sumatera Utara 22717","EMAIL":"putrastr71@yahoo.com","TELP":"081332748149","EXPIRED":null},{"NIM":"151401108","PRODI":"821","TGL_REGISTRASI":"2015-08-05","KATEGORI":"S-1","NAMA":"DELIYANA SIAGIAN","TGL_LAHIR":"1996-10-25","JENIS_KELAMIN":"P","ALAMAT":"JL. YOUNG PANAH HIJAU GG. KENANGA 1 LING   Kota Medan   Sumatera Utara 20254","EMAIL":"deliyanasiagian@ymail.com","TELP":"081375221597","EXPIRED":null},{"NIM":"151401109","PRODI":"821","TGL_REGISTRASI":"2015-08-05","KATEGORI":"S-1","NAMA":"DEBY PUTRIA DANA SIREGAR","TGL_LAHIR":"1997-12-24","JENIS_KELAMIN":"P","ALAMAT":"DUSUN 1 JL.BESAR kel\/Desa SELEMAK kecamatan HAMPARAN PERAK Kab. Deli Serdang   Sumatera Utara 20374","EMAIL":"debyputriadanasiregard@gmail.com","TELP":"085658559549","EXPIRED":null},{"NIM":"151401110","PRODI":"821","TGL_REGISTRASI":"2015-08-05","KATEGORI":"S-1","NAMA":"SAIPUL AKBAR","TGL_LAHIR":"1996-01-07","JENIS_KELAMIN":"L","ALAMAT":"DUSUN 2 DESA PASAR BARU KEC.TELUK MENGKUDU KAB. SERDANG BEDAGAI KAB. SERDANG BEDAGAI   SUMATERA UTARA 20997","EMAIL":"oxipower.av7@gmail.com","TELP":"","EXPIRED":null},{"NIM":"151401113","PRODI":"821","TGL_REGISTRASI":"2015-08-06","KATEGORI":"S-1","NAMA":"BILLY HALIM","TGL_LAHIR":"1997-09-25","JENIS_KELAMIN":"L","ALAMAT":"JL PROF HM YAMIN SH NO 185 F   Kota Medan   Sumatera Utara 20233","EMAIL":"billyhalim1997@hotmail.com","TELP":"81260207035","EXPIRED":null},{"NIM":"151401114","PRODI":"821","TGL_REGISTRASI":"2015-08-06","KATEGORI":"S-1","NAMA":"JODA REKSA","TGL_LAHIR":"1997-11-03","JENIS_KELAMIN":"L","ALAMAT":"JL.PINTU AIR IV KOMPLEK IDI NO.11 SIMALINGKAR B MEDAN Kota Medan   Sumatera Utara 20143","EMAIL":"jodareksha@gmail.com","TELP":"87867352173","EXPIRED":null},{"NIM":"151401115","PRODI":"821","TGL_REGISTRASI":"2015-08-06","KATEGORI":"S-1","NAMA":"KEVIN ABDUL DJOUMHURRY SIMANJUNTAK","TGL_LAHIR":"1997-11-07","JENIS_KELAMIN":"L","ALAMAT":"JL.FLAMBOYAN RAYA KOMPLEK WAIKIKI BLOK C NO. 35 Kota Medan   Sumatera Utara ","EMAIL":"kevinad97@gmail.com","TELP":"082161336654","EXPIRED":null},{"NIM":"151401116","PRODI":"821","TGL_REGISTRASI":"2015-08-06","KATEGORI":"S-1","NAMA":"GISELLA FRANSCA L. GINTING","TGL_LAHIR":"1997-07-06","JENIS_KELAMIN":"P","ALAMAT":"JALAN BUNGA CEMPAKA NO.57 PASAR III TJ. SARI Kota Medan   Sumatera Utara 20132","EMAIL":"gisellaginting97@gmail.com","TELP":"08972290919","EXPIRED":null},{"NIM":"151401117","PRODI":"821","TGL_REGISTRASI":"2015-08-06","KATEGORI":"S-1","NAMA":"ROY AGUS MARTIN MARBUN","TGL_LAHIR":"1997-08-09","JENIS_KELAMIN":"L","ALAMAT":"Jalan Brigjend. Zein Hamid Gg. Pembangunan No. 2-B Medan, Sumatera Utara 20146","EMAIL":"ray_hanzfull09@yahoo.com","TELP":"81262176910","EXPIRED":null},{"NIM":"151401118","PRODI":"821","TGL_REGISTRASI":"2015-08-06","KATEGORI":"S-1","NAMA":"EDWIN EFRAIM SITEPU","TGL_LAHIR":"1997-05-14","JENIS_KELAMIN":"L","ALAMAT":"JL.BAWANG RAYA NO.23 P.SIMALINGKAR MEDAN   Kota Medan   Sumatera Utara 20141","EMAIL":"edwinefraimsitepu@gmail.com","TELP":"081397209272","EXPIRED":null},{"NIM":"151401120","PRODI":"821","TGL_REGISTRASI":"2015-08-06","KATEGORI":"S-1","NAMA":"SALFIRA NUR ANGGREANI","TGL_LAHIR":"1998-01-31","JENIS_KELAMIN":"P","ALAMAT":"JALAN.BUNGA CEMPAKA PASAR 3 NO.51   Kota Medan   Sumatera Utara 20156","EMAIL":"fahrozi.katom@yahoo.com","TELP":"081260606515","EXPIRED":null},{"NIM":"151401122","PRODI":"821","TGL_REGISTRASI":"2015-08-06","KATEGORI":"S-1","NAMA":"MUHAMMAD IKHSAN","TGL_LAHIR":"1997-01-01","JENIS_KELAMIN":"L","ALAMAT":"JALAN ISKANDAR ONG, GANG MELATI 2, TIMBU L REJO, CURUP Kab. Rejang Lebong   Bengkulu 39113","EMAIL":"Muhammad.ikhsan19cfc@gmail.com","TELP":"081373860045","EXPIRED":null},{"NIM":"151401123","PRODI":"821","TGL_REGISTRASI":"2015-08-06","KATEGORI":"S-1","NAMA":"MHD. RAKA PRAYUDHISTIRA","TGL_LAHIR":"1997-06-17","JENIS_KELAMIN":"L","ALAMAT":"Jl. Datu Kabu Gg. Ridho Psr. 3 Tembung Kec. Percut Sei Tuan","EMAIL":"raka_prayudhistira@ymail.com","TELP":"081370226700","EXPIRED":null},{"NIM":"151401124","PRODI":"821","TGL_REGISTRASI":"2015-08-06","KATEGORI":"S-1","NAMA":"MULYADI LAUDEN","TGL_LAHIR":"1997-08-22","JENIS_KELAMIN":"L","ALAMAT":"JL. JEND. SUDIRMAN GG. SENTOSA NO.13","EMAIL":"l.mulyadi@yahoo.com","TELP":"8821482","EXPIRED":null},{"NIM":"151401125","PRODI":"821","TGL_REGISTRASI":"2015-08-06","KATEGORI":"S-1","NAMA":"MUHAMMAD REZA PRASETIO","TGL_LAHIR":"1996-05-06","JENIS_KELAMIN":"L","ALAMAT":"Jl. Mesjid jamik No.3 Lancang Garam ","EMAIL":"Reza_prasetyo96@rocketmail.com","TELP":"089617178834","EXPIRED":null},{"NIM":"151401126","PRODI":"821","TGL_REGISTRASI":"2015-08-07","KATEGORI":"S-1","NAMA":"SINDY NADILA","TGL_LAHIR":"1998-04-27","JENIS_KELAMIN":"P","ALAMAT":"PASAR IV BARAT KOMP. TUT WURI HANDAYANI 2 No. 5C Kota Medan   Sumatera Utara 20255","EMAIL":"sindykece@gmail.com","TELP":"08126386242","EXPIRED":null},{"NIM":"151401127","PRODI":"821","TGL_REGISTRASI":"2015-08-19","KATEGORI":"S-1","NAMA":"AQIL YOZIE MAULANA","TGL_LAHIR":"1997-07-21","JENIS_KELAMIN":"L","ALAMAT":"JL. ASRAMA, KOMPLEK BUMI ASRI BLOK G NOMOR 63","EMAIL":"aqilyozie@yahoo.co.id","TELP":"081360577481","EXPIRED":null},{"NIM":"151401128","PRODI":"821","TGL_REGISTRASI":"2015-08-19","KATEGORI":"S-1","NAMA":"FACHRI M NABASYA HRP","TGL_LAHIR":"1997-12-16","JENIS_KELAMIN":"L","ALAMAT":"JALAN PELITA 2 NO 81 MEDAN","EMAIL":"nabasyafahri@yahoo.co.id","TELP":"082167486734","EXPIRED":null},{"NIM":"151401129","PRODI":"821","TGL_REGISTRASI":"2015-08-19","KATEGORI":"S-1","NAMA":"BALYA","TGL_LAHIR":"1996-11-11","JENIS_KELAMIN":"L","ALAMAT":"JL.SEKATA GG.ALFALAH NO.13 MEDAN","EMAIL":"balyaground@yahoo.com","TELP":"081262957743","EXPIRED":null},{"NIM":"151401130","PRODI":"821","TGL_REGISTRASI":"2015-08-19","KATEGORI":"S-1","NAMA":"IRFAN LAZUARDI","TGL_LAHIR":"1998-01-08","JENIS_KELAMIN":"L","ALAMAT":"JALAN RAYA MENTENG GANG ANSHOR NOMOR 5","EMAIL":"irfanlazuardi9c@gmail.com","TELP":"85358896707","EXPIRED":null},{"NIM":"151401131","PRODI":"821","TGL_REGISTRASI":"2015-08-19","KATEGORI":"S-1","NAMA":"GUNAWAN","TGL_LAHIR":"1997-10-09","JENIS_KELAMIN":"L","ALAMAT":"JALAN PEPAYA","EMAIL":"wawang700@gmail.com","TELP":"81265936656","EXPIRED":null},{"NIM":"151401132","PRODI":"821","TGL_REGISTRASI":"2015-08-19","KATEGORI":"S-1","NAMA":"MAULIDA SARI","TGL_LAHIR":"1997-07-21","JENIS_KELAMIN":"P","ALAMAT":"JL. SEI AGUL KEL. SEI RAJA KEC. SEI TUALANG RASO","EMAIL":"maulidasarii098@yahoo.com","TELP":"85261551240","EXPIRED":null},{"NIM":"151401133","PRODI":"821","TGL_REGISTRASI":"2015-08-19","KATEGORI":"S-1","NAMA":"AKBAR SIDDIK","TGL_LAHIR":"1997-09-05","JENIS_KELAMIN":"L","ALAMAT":"JL.PANGLIMA DENAI NO.53 A","EMAIL":"akbarsiddik98@yahoo.co.id","TELP":"0811644134","EXPIRED":null},{"NIM":"151401135","PRODI":"821","TGL_REGISTRASI":"2015-08-21","KATEGORI":"S-1","NAMA":"M. WIDYA YUDHA BASKORO SP","TGL_LAHIR":"1998-06-16","JENIS_KELAMIN":"L","ALAMAT":"JLN. HM JONI ASPOL PASAR MERAH BLOK C NO 6 MEDAN","EMAIL":"baskoro.yuudha16@gmail.com","TELP":"082161999987","EXPIRED":null},{"NIM":"151401136","PRODI":"821","TGL_REGISTRASI":"2015-08-21","KATEGORI":"S-1","NAMA":"GALUH ATIKA NABILA","TGL_LAHIR":"1998-02-01","JENIS_KELAMIN":"P","ALAMAT":"JL. SULTAN HASANUDDIN NO. 161, LUBUK PAKAM","EMAIL":"galuhatk@gmail.com","TELP":"083199851586","EXPIRED":null},{"NIM":"151401137","PRODI":"821","TGL_REGISTRASI":"2015-08-21","KATEGORI":"S-1","NAMA":"RYAN FAHREZI","TGL_LAHIR":"1996-09-11","JENIS_KELAMIN":"L","ALAMAT":"JORONG GALUDUA, KOTO TUO, IV KOTO, KAB. AGAM","EMAIL":"ryan.fahrezi09@gmail.com","TELP":"85766556486","EXPIRED":null},{"NIM":"151401138","PRODI":"821","TGL_REGISTRASI":"2015-08-21","KATEGORI":"S-1","NAMA":"M REZA ARMANDA P","TGL_LAHIR":"1997-05-28","JENIS_KELAMIN":"L","ALAMAT":"JL. MUSYAWARAH E NO:17 SAENTIS","EMAIL":"rezaarmanda76@gmail.com","TELP":"081260403310","EXPIRED":null},{"NIM":"151401139","PRODI":"821","TGL_REGISTRASI":"2015-08-21","KATEGORI":"S-1","NAMA":"BENNY MAULANA","TGL_LAHIR":"1997-07-18","JENIS_KELAMIN":"L","ALAMAT":"JLN WAHIDIN GG PEMILU NO 46","EMAIL":"benny.kun01@gmail.com","TELP":"89821872231","EXPIRED":null},{"NIM":"151401140","PRODI":"821","TGL_REGISTRASI":"2015-08-26","KATEGORI":"S-1","NAMA":"FITRIA SUSANA MSEN","TGL_LAHIR":"1997-02-01","JENIS_KELAMIN":"P","ALAMAT":"BIAK","EMAIL":"msenfitriainsos01.@gmail.com","TELP":"","EXPIRED":null}]