[{"NIM":"151402001","PRODI":"1011","TGL_REGISTRASI":"2015-06-23","KATEGORI":"S-1","NAMA":"Surya Permana Putra","TGL_LAHIR":"1997-05-07","JENIS_KELAMIN":"L","ALAMAT":"JLN. IR. H . JUANDA UJUNG \/ JLN. MAHONI LK. III","EMAIL":"suryapermanaputraa@gmail.com","TELP":"085270666693","EXPIRED":null},{"NIM":"151402002","PRODI":"1011","TGL_REGISTRASI":"2015-06-23","KATEGORI":"S-1","NAMA":"Shifani Adriani Ch.","TGL_LAHIR":"1997-10-30","JENIS_KELAMIN":"P","ALAMAT":"Jl. Gatot Subroto Asrama Pamen\/Kiwal Dam I\/BB Jl. Granat 2 no. G 32","EMAIL":"shifaniadriani@gmail.com","TELP":"089621216252","EXPIRED":null},{"NIM":"151402003","PRODI":"1011","TGL_REGISTRASI":"2015-06-23","KATEGORI":"S-1","NAMA":"Sandy Pradana","TGL_LAHIR":"1997-03-20","JENIS_KELAMIN":"L","ALAMAT":"Jl.PADANG SIDEMPUAN NO 34 PANDAN","EMAIL":"sandypradana50@yahoo.co.id","TELP":"082165747733","EXPIRED":null},{"NIM":"151402004","PRODI":"1011","TGL_REGISTRASI":"2015-06-23","KATEGORI":"S-1","NAMA":"Sarifah Farrah Fadillah","TGL_LAHIR":"1997-08-20","JENIS_KELAMIN":"P","ALAMAT":"jalan. besitang PB. 023 P.Brandan RT. 005 RW. 003 Kelurahan Puraka 1, Kecamatan Sei Lepan","EMAIL":"sarifahfarrahfadillah@gmail.com","TELP":"0","EXPIRED":null},{"NIM":"151402005","PRODI":"1011","TGL_REGISTRASI":"2015-06-23","KATEGORI":"S-1","NAMA":"Muhammad Rizki Syahputra Nst","TGL_LAHIR":"1997-10-23","JENIS_KELAMIN":"L","ALAMAT":"Jalan Pendidikan Gg.Pelita nomor 16 Pangkalan Berandan","EMAIL":"rizki.syahazof@gmail.com","TELP":"085262016265","EXPIRED":null},{"NIM":"151402006","PRODI":"1011","TGL_REGISTRASI":"2015-06-23","KATEGORI":"S-1","NAMA":"Ayu Dwi Rizky","TGL_LAHIR":"1997-09-16","JENIS_KELAMIN":"P","ALAMAT":"PERUMAHAN SAPTA MARGA MARELAN PASAR 2 BARAT BLOK G.9","EMAIL":"ayudrrizky@gmail.com","TELP":"","EXPIRED":null},{"NIM":"151402007","PRODI":"1011","TGL_REGISTRASI":"2015-06-23","KATEGORI":"S-1","NAMA":"Muhammad Ravie","TGL_LAHIR":"1997-10-01","JENIS_KELAMIN":"L","ALAMAT":"jln.karya jaya , gg.eka jaya 3 no.11","EMAIL":"MhRavie01@gmail.com","TELP":"081397987845","EXPIRED":null},{"NIM":"151402008","PRODI":"1011","TGL_REGISTRASI":"2015-06-23","KATEGORI":"S-1","NAMA":"Septian Dwicahya Saragih","TGL_LAHIR":"1997-09-21","JENIS_KELAMIN":"L","ALAMAT":"Jalan Pdt J.Wismar No 40 Pematang Raya","EMAIL":"","TELP":"081396931829","EXPIRED":null},{"NIM":"151402009","PRODI":"1011","TGL_REGISTRASI":"2015-06-23","KATEGORI":"S-1","NAMA":"Grace Lusiana Siregar","TGL_LAHIR":"1998-01-21","JENIS_KELAMIN":"P","ALAMAT":"Jalan Taduan Nomor 97-A","EMAIL":"gluciana558@gmail.com","TELP":"085358862509","EXPIRED":null},{"NIM":"151402010","PRODI":"1011","TGL_REGISTRASI":"2015-06-23","KATEGORI":"S-1","NAMA":"Riska Amaliyah","TGL_LAHIR":"1997-10-08","JENIS_KELAMIN":"P","ALAMAT":"Laru Bolak, Kec. Tambangan, Kab. Mandailing Natal, Prov. Sumatera Utara","EMAIL":"rizkaamaliyah97@gmail.com","TELP":"085762154413","EXPIRED":null},{"NIM":"151402011","PRODI":"1011","TGL_REGISTRASI":"2015-06-23","KATEGORI":"S-1","NAMA":"Mia Rahma Ditha Nasution","TGL_LAHIR":"1998-09-19","JENIS_KELAMIN":"P","ALAMAT":"Jl. Menteng 2 Gg Jermal I No.20 Kota Medan Sumatera Utara 20228","EMAIL":"rahmamia83@yahoo.com","TELP":"087769141855","EXPIRED":null},{"NIM":"151402012","PRODI":"1011","TGL_REGISTRASI":"2015-06-23","KATEGORI":"S-1","NAMA":"Adinda Gita Mehuli Br Ginting","TGL_LAHIR":"1997-10-10","JENIS_KELAMIN":"P","ALAMAT":"JALAN TOPAZ 3 NO. 18 DUSUN V SIGARA-GARA PATUMBAK","EMAIL":"dindasaturnus@gmail.com","TELP":"085763279055","EXPIRED":null},{"NIM":"151402013","PRODI":"1011","TGL_REGISTRASI":"2015-06-23","KATEGORI":"S-1","NAMA":"Zuhroh Nilakandi Maulida Adinda","TGL_LAHIR":"1997-07-17","JENIS_KELAMIN":"P","ALAMAT":"Komplek. Taman Citra blok JJ no.30 Titipapan Medan Deli - Medan","EMAIL":"zuhroh.nilakandi@gmail.com","TELP":"082162868647","EXPIRED":null},{"NIM":"151402014","PRODI":"1011","TGL_REGISTRASI":"2015-06-23","KATEGORI":"S-1","NAMA":"Muhammad Ilham Rizky","TGL_LAHIR":"1997-11-07","JENIS_KELAMIN":"L","ALAMAT":"Komp. BLI Jln. Mahoni 3 No. 16 Pangkalan Kerinci Pelalawan","EMAIL":"rizkym.ilham@yahoo.com","TELP":"0","EXPIRED":null},{"NIM":"151402015","PRODI":"1011","TGL_REGISTRASI":"2015-06-23","KATEGORI":"S-1","NAMA":"Hizkia Tarigan","TGL_LAHIR":"1997-07-14","JENIS_KELAMIN":"L","ALAMAT":"Desa Bekilang","EMAIL":"hizkiatarigan03@gmail.com","TELP":"087748465521","EXPIRED":null},{"NIM":"151402016","PRODI":"1011","TGL_REGISTRASI":"2015-06-23","KATEGORI":"S-1","NAMA":"Rhama Permadi Ahmad","TGL_LAHIR":"1996-10-17","JENIS_KELAMIN":"L","ALAMAT":"Jl. Dahlia Indah no 17 Tangkerang Timur Kota Pekanbaru","EMAIL":"boyindigo17@gmail.com","TELP":"081393931114","EXPIRED":null},{"NIM":"151402017","PRODI":"1011","TGL_REGISTRASI":"2015-06-23","KATEGORI":"S-1","NAMA":"Tata Feraro Mukarram","TGL_LAHIR":"1997-10-13","JENIS_KELAMIN":"L","ALAMAT":"JL.Bunga Ester No.93A Pasar.VI Padang Bulan, Medan","EMAIL":"mukarramt97@gmail.com","TELP":"0618217297","EXPIRED":null},{"NIM":"151402018","PRODI":"1011","TGL_REGISTRASI":"2015-06-23","KATEGORI":"S-1","NAMA":"Riyandi Syahputra","TGL_LAHIR":"1997-02-08","JENIS_KELAMIN":"L","ALAMAT":"Jln. K.H Zubair Ahmad III Gg. Ananda Kel. Sadabuan Kec. Padangsidimpuan Utara","EMAIL":"riyandi_syahputra97@yahoo.com","TELP":"082166065957","EXPIRED":null},{"NIM":"151402019","PRODI":"1011","TGL_REGISTRASI":"2015-06-23","KATEGORI":"S-1","NAMA":"Firza Rinandha Nst","TGL_LAHIR":"1997-07-28","JENIS_KELAMIN":"L","ALAMAT":"Jln.Sukamulia Gg.Mariam No.62 P.brandan","EMAIL":"firza28nasution@gmail.com","TELP":"083199140325","EXPIRED":null},{"NIM":"151402020","PRODI":"1011","TGL_REGISTRASI":"2015-06-23","KATEGORI":"S-1","NAMA":"Muhammad Ari Winata","TGL_LAHIR":"1997-10-20","JENIS_KELAMIN":"L","ALAMAT":"Jl. Samanhudi No.201 Kota Binjai Sumatera Utara 20724","EMAIL":"winata.arie354@rocketmail.com","TELP":"087891824924","EXPIRED":null},{"NIM":"151402021","PRODI":"1011","TGL_REGISTRASI":"2015-06-23","KATEGORI":"S-1","NAMA":"Putri Ramadannia","TGL_LAHIR":"1998-01-05","JENIS_KELAMIN":"P","ALAMAT":"JL.SEKSAMA NO.136 MEDAN","EMAIL":"ramadaniaputri@yahoo.com","TELP":"081264889476","EXPIRED":null},{"NIM":"151402022","PRODI":"1011","TGL_REGISTRASI":"2015-06-24","KATEGORI":"S-1","NAMA":"Rizki Sari Dewi","TGL_LAHIR":"1997-09-06","JENIS_KELAMIN":"P","ALAMAT":"Karang Sari Jalan Baru","EMAIL":"rizkisari06@gmail.com","TELP":"087749453437","EXPIRED":null},{"NIM":"151402023","PRODI":"1011","TGL_REGISTRASI":"2015-06-24","KATEGORI":"S-1","NAMA":"Winda Indriani Tanjung","TGL_LAHIR":"1997-10-22","JENIS_KELAMIN":"P","ALAMAT":"DUSUN IV DESA DAME KECAMATAN DOLOK MASIHUL","EMAIL":"windaindriani16@gmail.com","TELP":"082276678022","EXPIRED":null},{"NIM":"151402024","PRODI":"1011","TGL_REGISTRASI":"2015-06-24","KATEGORI":"S-1","NAMA":"M.Taufik Kamil","TGL_LAHIR":"1997-04-22","JENIS_KELAMIN":"L","ALAMAT":"Jl. Bunga Cempaka Pasar 3 Lk. 3 Kelurahan Padang Bulan Selayang II Kec. Medan Selayang Medan","EMAIL":"taufikkamil522@yahoo.com","TELP":"087769233902","EXPIRED":null},{"NIM":"151402025","PRODI":"1011","TGL_REGISTRASI":"2015-06-24","KATEGORI":"S-1","NAMA":"Yuri Savira Ramadhani","TGL_LAHIR":"1997-01-28","JENIS_KELAMIN":"P","ALAMAT":"Jalan Cut Mutia Nomor 38 Ranrauprapat","EMAIL":"yurisavira@gmail.com","TELP":"081263440799","EXPIRED":null},{"NIM":"151402026","PRODI":"1011","TGL_REGISTRASI":"2015-06-24","KATEGORI":"S-1","NAMA":"Retno Maulina","TGL_LAHIR":"1997-08-18","JENIS_KELAMIN":"P","ALAMAT":"Jalan Kamboja No.23 Kel.Kisaran Naga Kec.Kisaran Timur Kab.Asahan","EMAIL":"retnomaulina18@gmail.com","TELP":"082370778792","EXPIRED":null},{"NIM":"151402027","PRODI":"1011","TGL_REGISTRASI":"2015-06-24","KATEGORI":"S-1","NAMA":"Fitri Khairani","TGL_LAHIR":"1998-02-07","JENIS_KELAMIN":"P","ALAMAT":"Dusun VI Lau Mulgap","EMAIL":"fitrikhairani07@gmail.com","TELP":"085277858680","EXPIRED":null},{"NIM":"151402028","PRODI":"1011","TGL_REGISTRASI":"2015-06-24","KATEGORI":"S-1","NAMA":"Ari Dandi Utama Siregar","TGL_LAHIR":"1997-01-10","JENIS_KELAMIN":"L","ALAMAT":"jl.DE.STB.PANGGABEAN NO 39","EMAIL":"aridandi25@gmail.com","TELP":"082277344440","EXPIRED":null},{"NIM":"151402029","PRODI":"1011","TGL_REGISTRASI":"2015-06-24","KATEGORI":"S-1","NAMA":"Muhammad Fahmi","TGL_LAHIR":"1997-06-15","JENIS_KELAMIN":"L","ALAMAT":"Jalan Ismailiyah No 74","EMAIL":"dfahmi31@ymail.com","TELP":"087768982552","EXPIRED":null},{"NIM":"151402030","PRODI":"1011","TGL_REGISTRASI":"2015-06-24","KATEGORI":"S-1","NAMA":"Desi Fiolita","TGL_LAHIR":"1997-03-18","JENIS_KELAMIN":"P","ALAMAT":"Jl. Aso-aso no.42 sibolga","EMAIL":"Fiolita.desi@yahoo.co.id","TELP":"081973316421","EXPIRED":null},{"NIM":"151402031","PRODI":"1011","TGL_REGISTRASI":"2015-06-24","KATEGORI":"S-1","NAMA":"Ayu Zahara Sumantri","TGL_LAHIR":"1997-07-21","JENIS_KELAMIN":"P","ALAMAT":"Jl.Mabar Gg. Bacang No 9 Medan","EMAIL":"zaharaayu413@yahoo.co.id","TELP":"087766286771@","EXPIRED":null},{"NIM":"151402032","PRODI":"1011","TGL_REGISTRASI":"2015-06-24","KATEGORI":"S-1","NAMA":"Rany Ervina Gultom","TGL_LAHIR":"1996-09-30","JENIS_KELAMIN":"P","ALAMAT":"Jln. Perintis Baru gg Sederhana","EMAIL":"ranygultom81@gmail.com","TELP":"085922511577","EXPIRED":null},{"NIM":"151402033","PRODI":"1011","TGL_REGISTRASI":"2015-06-24","KATEGORI":"S-1","NAMA":"Dizka Ramadani","TGL_LAHIR":"1997-02-01","JENIS_KELAMIN":"P","ALAMAT":"Jl. Bunga Ncole XIV-A No.74 Komplek Lizardi Putra","EMAIL":"dizkarasyidin@yahoo.com","TELP":"087821228551","EXPIRED":null},{"NIM":"151402034","PRODI":"1011","TGL_REGISTRASI":"2015-06-24","KATEGORI":"S-1","NAMA":"Afdhalul Ihsan Nasution","TGL_LAHIR":"1997-11-24","JENIS_KELAMIN":"L","ALAMAT":"Desa Anggoli Kec. Sibabangun","EMAIL":"dhalul.af@gmail.com","TELP":"082168168655","EXPIRED":null},{"NIM":"151402035","PRODI":"1011","TGL_REGISTRASI":"2015-06-24","KATEGORI":"S-1","NAMA":"Nurdiana Rizka","TGL_LAHIR":"1997-07-28","JENIS_KELAMIN":"P","ALAMAT":"jl.selamat ketaren gg.ginting sinterem no.18 kabanjahe","EMAIL":"n.diana55@yahoo.co.id","TELP":"081973493390","EXPIRED":null},{"NIM":"151402036","PRODI":"1011","TGL_REGISTRASI":"2015-06-24","KATEGORI":"S-1","NAMA":"Sahila Amrina","TGL_LAHIR":"1997-09-25","JENIS_KELAMIN":"P","ALAMAT":"Jln. Sukarela Barat Gg. Anggrek VI No. 5A Laut Dendang","EMAIL":"sahilaamrina980@gmail.com","TELP":"081264714577","EXPIRED":null},{"NIM":"151402037","PRODI":"1011","TGL_REGISTRASI":"2015-06-24","KATEGORI":"S-1","NAMA":"Yolanda Maulina Sari","TGL_LAHIR":"1997-07-10","JENIS_KELAMIN":"P","ALAMAT":"Jln. Garu 1 No.52","EMAIL":"yolanda.maulinasari@gmail.com","TELP":"082277874994","EXPIRED":null},{"NIM":"151402038","PRODI":"1011","TGL_REGISTRASI":"2015-06-25","KATEGORI":"S-1","NAMA":"Thomy Fauzy Rayendra Nst","TGL_LAHIR":"1998-04-05","JENIS_KELAMIN":"L","ALAMAT":"Sei Bejangkar","EMAIL":"thomy.rayendra@gmail.com","TELP":"087892141650","EXPIRED":null},{"NIM":"151402039","PRODI":"1011","TGL_REGISTRASI":"2015-06-25","KATEGORI":"S-1","NAMA":"Kiki Nuraini Ginting","TGL_LAHIR":"1997-05-22","JENIS_KELAMIN":"P","ALAMAT":"Jalan Jenderal Sudirman, Padangsidimpuan","EMAIL":"kikinuraini39@yahoo.com","TELP":"082277673556","EXPIRED":null},{"NIM":"151402040","PRODI":"1011","TGL_REGISTRASI":"2015-06-25","KATEGORI":"S-1","NAMA":"Diana Wulandari","TGL_LAHIR":"1997-07-10","JENIS_KELAMIN":"P","ALAMAT":"Jalan bandar labuhan Dsn. III tg morawa A ","EMAIL":"","TELP":"081362126831","EXPIRED":null},{"NIM":"151402041","PRODI":"1011","TGL_REGISTRASI":"2015-06-25","KATEGORI":"S-1","NAMA":"Intan Octavia Ginting","TGL_LAHIR":"1997-10-20","JENIS_KELAMIN":"P","ALAMAT":"Jl.Bandar Meriah No.25 Suka Maju Sei Mencirim Kab.Deli Serdang ","EMAIL":"intanoctavia432@gmail.com","TELP":"081264836890","EXPIRED":null},{"NIM":"151402042","PRODI":"1011","TGL_REGISTRASI":"2015-06-25","KATEGORI":"S-1","NAMA":"Luhur Budi Prayogo","TGL_LAHIR":"1997-12-31","JENIS_KELAMIN":"L","ALAMAT":"Jalan Pahlawan Gg.Melati No.4","EMAIL":"luhurprayogo31@gmail.com","TELP":"(061)4155634","EXPIRED":null},{"NIM":"151402043","PRODI":"1011","TGL_REGISTRASI":"2015-06-25","KATEGORI":"S-1","NAMA":"Anjas Subhanuari","TGL_LAHIR":"1997-05-30","JENIS_KELAMIN":"L","ALAMAT":"Jalan Platina 6 Ling. XIV No. 19 Kelurahan Titipapan, Kecamatan Medan Deli, Kota Medan, Sumatera Utara.","EMAIL":"subhanuarianjas@yahoo.com","TELP":"085362098660","EXPIRED":null},{"NIM":"151402044","PRODI":"1011","TGL_REGISTRASI":"2015-06-25","KATEGORI":"S-1","NAMA":"Ryan Fachrozy","TGL_LAHIR":"1998-04-14","JENIS_KELAMIN":"L","ALAMAT":"jln. Rimbas  no.1 kec. kisaran barat ","EMAIL":"cabaiterung@yahoo.co.id","TELP":"062341278","EXPIRED":null},{"NIM":"151402045","PRODI":"1011","TGL_REGISTRASI":"2015-06-25","KATEGORI":"S-1","NAMA":"Trisna Ira Novasari","TGL_LAHIR":"1998-01-01","JENIS_KELAMIN":"P","ALAMAT":"jl.p.labu dsn.kauman sidodadi.R","EMAIL":"trisnairanovasari@gmail.com","TELP":"083196621554","EXPIRED":null},{"NIM":"151402046","PRODI":"1011","TGL_REGISTRASI":"2015-06-25","KATEGORI":"S-1","NAMA":"Muhammad Aulia Ramadhan Nasution","TGL_LAHIR":"1997-01-12","JENIS_KELAMIN":"L","ALAMAT":"jalan ekawarni 1 nomor 24 medan Kota Medan Sumatera Utara 20144","EMAIL":"utkdijual86@gmail.com","TELP":"085762103069","EXPIRED":null},{"NIM":"151402047","PRODI":"1011","TGL_REGISTRASI":"2015-06-25","KATEGORI":"S-1","NAMA":"Silvia Clara Dewi Meliala","TGL_LAHIR":"1998-03-16","JENIS_KELAMIN":"P","ALAMAT":"Jalan Bunga Rampai III Lk II\nKelurahan Simalingkar B\nKecamatan Medan Tuntungan\nMedan\nSumatera Utara","EMAIL":"silviaclaradewi@gmail.com","TELP":"081260116696","EXPIRED":null},{"NIM":"151402048","PRODI":"1011","TGL_REGISTRASI":"2015-06-25","KATEGORI":"S-1","NAMA":"Muhammad Fadhil Lubis","TGL_LAHIR":"1997-11-18","JENIS_KELAMIN":"L","ALAMAT":"JL.Bersama Gg.Perintis No.36 Medan","EMAIL":"muhammadfadhillubis@yahoo.co.id","TELP":"085276427767","EXPIRED":null},{"NIM":"151402049","PRODI":"1011","TGL_REGISTRASI":"2015-06-25","KATEGORI":"S-1","NAMA":"Nisfa Fitri Pratiwi","TGL_LAHIR":"1998-02-16","JENIS_KELAMIN":"P","ALAMAT":"jln. sibatu-batu blok II gg. mushola p.siantar","EMAIL":"nisfafitrip@yahoo.com","TELP":"081361625516","EXPIRED":null},{"NIM":"151402050","PRODI":"1011","TGL_REGISTRASI":"2015-06-25","KATEGORI":"S-1","NAMA":"Fairuz Raniah Elfaz","TGL_LAHIR":"1997-12-15","JENIS_KELAMIN":"P","ALAMAT":"Jl. STM\/SUKA SEHAT NO.11-B ","EMAIL":"fara_frez@yahoo.com","TELP":"082232106573","EXPIRED":null},{"NIM":"151402051","PRODI":"1011","TGL_REGISTRASI":"2015-06-25","KATEGORI":"S-1","NAMA":"Najihah Silmi Lubis","TGL_LAHIR":"1997-06-12","JENIS_KELAMIN":"P","ALAMAT":"Jl.H.Sariman Dusun 1\/Kamboja Lau Dendang","EMAIL":"najihah.silmi@gmail.com","TELP":"087868947109","EXPIRED":null},{"NIM":"151402052","PRODI":"1011","TGL_REGISTRASI":"2015-06-25","KATEGORI":"S-1","NAMA":"Rahayu Pradaning","TGL_LAHIR":"1997-04-14","JENIS_KELAMIN":"P","ALAMAT":"Dusun V Desa Titi Payung\nKec. Air Putih\nKab. Batu Bara","EMAIL":"rahayupradaning14@gmail.com","TELP":"082160361967","EXPIRED":null},{"NIM":"151402053","PRODI":"1011","TGL_REGISTRASI":"2015-06-25","KATEGORI":"S-1","NAMA":"Bayu Prabowo","TGL_LAHIR":"1997-11-27","JENIS_KELAMIN":"L","ALAMAT":"Dusun X RSTS Desa Tebing Tanjung Selamat Kec Padang Tualang","EMAIL":"","TELP":"085275674437","EXPIRED":null},{"NIM":"151402054","PRODI":"1011","TGL_REGISTRASI":"2015-06-25","KATEGORI":"S-1","NAMA":"Rizki Indah Pratiwi Siagian","TGL_LAHIR":"1998-04-15","JENIS_KELAMIN":"P","ALAMAT":"jalan perjuangan desa hutanabolon kecamatan tukka kabupaten tapanuli tengah","EMAIL":"rizkiindahpratiwi_siagian@yahoo.com","TELP":"082361608323","EXPIRED":null},{"NIM":"151402055","PRODI":"1011","TGL_REGISTRASI":"2015-06-25","KATEGORI":"S-1","NAMA":"Nurmala Sari Ruslan","TGL_LAHIR":"1997-05-29","JENIS_KELAMIN":"P","ALAMAT":"jalan syech hasan no.2 kecamatan kota kisaran timur","EMAIL":"nurmalasariruslan@yahoo.com","TELP":"082166970857","EXPIRED":null},{"NIM":"151402056","PRODI":"1011","TGL_REGISTRASI":"2015-06-25","KATEGORI":"S-1","NAMA":"Ferdinan Mulyanto","TGL_LAHIR":"1997-05-31","JENIS_KELAMIN":"L","ALAMAT":"Jalan.SM.Raja Gg.Nasional No.42 Padangsidimpuan","EMAIL":"ferdinan3105@gmail.com","TELP":"085275944073","EXPIRED":null},{"NIM":"151402057","PRODI":"1011","TGL_REGISTRASI":"2015-06-25","KATEGORI":"S-1","NAMA":"Agus Satrio","TGL_LAHIR":"1997-03-31","JENIS_KELAMIN":"L","ALAMAT":"Jalan Tanjung Dako No.12 Palu Sulawesi Tengah","EMAIL":"","TELP":"082293373961","EXPIRED":null},{"NIM":"151402058","PRODI":"1011","TGL_REGISTRASI":"2015-06-26","KATEGORI":"S-1","NAMA":"Rusnai Rahayu","TGL_LAHIR":"1997-03-12","JENIS_KELAMIN":"P","ALAMAT":"JALAN JAMIN GINTING, GANG MEDAN AREA NO.23","EMAIL":"rusnairahayu75@gmail.com","TELP":"","EXPIRED":null},{"NIM":"151402059","PRODI":"1011","TGL_REGISTRASI":"2015-06-26","KATEGORI":"S-1","NAMA":"Noudika Aura Lubis","TGL_LAHIR":"1997-11-21","JENIS_KELAMIN":"P","ALAMAT":"Komplek Taman Setiabudi Indah Blok PP No.03 Medan","EMAIL":"noudikalubis@yahoo.com","TELP":"082274758860","EXPIRED":null},{"NIM":"151402061","PRODI":"1011","TGL_REGISTRASI":"2015-06-26","KATEGORI":"S-1","NAMA":"Ray Leonardo Ginting","TGL_LAHIR":"1997-03-24","JENIS_KELAMIN":"L","ALAMAT":"Jl.bunga rinte gg.bangun no.22 Simpang Selayang Medan","EMAIL":"rayleonardo73@yahoo.com","TELP":"081360154907","EXPIRED":null},{"NIM":"151402062","PRODI":"1011","TGL_REGISTRASI":"2015-06-26","KATEGORI":"S-1","NAMA":"Amherstia Fazira Kanza","TGL_LAHIR":"1997-12-08","JENIS_KELAMIN":"P","ALAMAT":"Jl. Stella Raya Villa Setia Budi Makmur 1 Blok E No.17 Medan","EMAIL":"amherstiakanza@gmail.com","TELP":"081260509769","EXPIRED":null},{"NIM":"151402063","PRODI":"1011","TGL_REGISTRASI":"2015-06-26","KATEGORI":"S-1","NAMA":"Lisa Arraufah","TGL_LAHIR":"1997-02-11","JENIS_KELAMIN":"P","ALAMAT":"Sipaku Area , Dusun 01, Kec. Simpang Empat , Kab .Asahan","EMAIL":"lisaarraufah@gmail.com","TELP":"082370061145","EXPIRED":null},{"NIM":"151402064","PRODI":"1011","TGL_REGISTRASI":"2015-06-26","KATEGORI":"S-1","NAMA":"Sindi Lioni Aritonang","TGL_LAHIR":"1998-03-08","JENIS_KELAMIN":"P","ALAMAT":"JL. S.PARMAN NO. 39 LK.III WEK. I  PADANGSIDIMPUAN UTARA ","EMAIL":"sindilioni.SL@gmail.com","TELP":"085235332189","EXPIRED":null},{"NIM":"151402065","PRODI":"1011","TGL_REGISTRASI":"2015-06-26","KATEGORI":"S-1","NAMA":"Luqmanul Hakim","TGL_LAHIR":"1998-01-24","JENIS_KELAMIN":"L","ALAMAT":"Jl.oswald siahaan kelurahan pandan kecamatan pandan kabupaten tapanuli tengah","EMAIL":"Lukmanhakim008@yahoo.com","TELP":"081264015550","EXPIRED":null},{"NIM":"151402066","PRODI":"1011","TGL_REGISTRASI":"2015-06-26","KATEGORI":"S-1","NAMA":"Marissa Dinda Audia Abdul Mukti","TGL_LAHIR":"1997-10-18","JENIS_KELAMIN":"P","ALAMAT":"komplek tamora indah 1, jln. matahari no.55, tanjung morawa","EMAIL":"dinda_marissa18@yahoo.com","TELP":"085762101684","EXPIRED":null},{"NIM":"151402067","PRODI":"1011","TGL_REGISTRASI":"2015-06-26","KATEGORI":"S-1","NAMA":"Mita Tri Mulyani","TGL_LAHIR":"1997-09-24","JENIS_KELAMIN":"P","ALAMAT":"JL. KABU-KABU NO.33, KEL. KAHEAN, KEC. SIANTAR UTARA","EMAIL":"mitatrimulyani24@gmail.com","TELP":"081396300489","EXPIRED":null},{"NIM":"151402068","PRODI":"1011","TGL_REGISTRASI":"2015-06-26","KATEGORI":"S-1","NAMA":"Rezkinah Rambe","TGL_LAHIR":"1997-08-07","JENIS_KELAMIN":"P","ALAMAT":"Jalan Danau Singkarak No.36 F Padangsidimpuan Selatan","EMAIL":"rezkinah.rambe@yahoo.com","TELP":"081362360788","EXPIRED":null},{"NIM":"151402069","PRODI":"1011","TGL_REGISTRASI":"2015-06-26","KATEGORI":"S-1","NAMA":"M. Hanafi Azra Arif","TGL_LAHIR":"1999-04-24","JENIS_KELAMIN":"L","ALAMAT":"Jl Pintu Air IV Jl.Qubah Gg Pribadi No 23","EMAIL":"hanafiazra@gmail.com","TELP":"0618368828","EXPIRED":null},{"NIM":"151402070","PRODI":"1011","TGL_REGISTRASI":"2015-06-26","KATEGORI":"S-1","NAMA":"Tika Anjulina Manik","TGL_LAHIR":"1997-07-03","JENIS_KELAMIN":"P","ALAMAT":"Huta Irigasi Nagori Pardomuan Nauli Kec. Pematang Bandar","EMAIL":"tikaanjulinamanik@gmail.com","TELP":"081262877175","EXPIRED":null},{"NIM":"151402071","PRODI":"1011","TGL_REGISTRASI":"2015-06-26","KATEGORI":"S-1","NAMA":"Aufa Munzir","TGL_LAHIR":"1998-08-04","JENIS_KELAMIN":"L","ALAMAT":"Jalan Karya Kasih Komplek Bukit Johor Mas Blok A No. 18","EMAIL":"officialaufa@gmail.com","TELP":"085278701423","EXPIRED":null},{"NIM":"151402074","PRODI":"1011","TGL_REGISTRASI":"2015-08-04","KATEGORI":"S-1","NAMA":"TAMA GUNA NAINGGOLAN","TGL_LAHIR":"1997-03-18","JENIS_KELAMIN":"L","ALAMAT":"JALAN D.I. PANJAITAN NO. 105 - TARUTUNG","EMAIL":"tamanainggolan@gmail.com","TELP":"063320864","EXPIRED":null},{"NIM":"151402075","PRODI":"1011","TGL_REGISTRASI":"2015-08-04","KATEGORI":"S-1","NAMA":"FARIS ZHARFAN ALIF","TGL_LAHIR":"1997-05-16","JENIS_KELAMIN":"L","ALAMAT":"JALAN DAMAI NO.50 STM","EMAIL":"zharfan_ais@yahoo.co.id","TELP":"082273783077","EXPIRED":null},{"NIM":"151402076","PRODI":"1011","TGL_REGISTRASI":"2015-08-04","KATEGORI":"S-1","NAMA":"VIRLIANSI ADRISA UTAMI","TGL_LAHIR":"1998-09-26","JENIS_KELAMIN":"P","ALAMAT":"JL. BAJAK 2H KOMP. VILLA MUTIARA 3 BLOK. H NO. 20 Kota Medan   Sumatera Utara 20147","EMAIL":"virliansiadrisa@yahoo.com","TELP":"061-7861250","EXPIRED":null},{"NIM":"151402077","PRODI":"1011","TGL_REGISTRASI":"2015-08-04","KATEGORI":"S-1","NAMA":"KELVIN PACHIRA TANDI","TGL_LAHIR":"1997-12-26","JENIS_KELAMIN":"L","ALAMAT":"JLN.KOTA PINANG NO.01 RANTAUPRAPAT Kab. Labuhanbatu   Sumatera Utara 21418","EMAIL":"kelvin.pachira.tandi@gmail.com","TELP":"082368897743","EXPIRED":null},{"NIM":"151402078","PRODI":"1011","TGL_REGISTRASI":"2015-08-04","KATEGORI":"S-1","NAMA":"WILLY MARDIANTO","TGL_LAHIR":"1997-03-02","JENIS_KELAMIN":"L","ALAMAT":"JALAN JAPARIS NO 338 E \/ 6   Kota Medan   Sumatera Utara 20215","EMAIL":"willymardianto@rocketmail.com","TELP":"8126524218","EXPIRED":null},{"NIM":"151402079","PRODI":"1011","TGL_REGISTRASI":"2015-08-04","KATEGORI":"S-1","NAMA":"FENTA GRATA","TGL_LAHIR":"1997-06-11","JENIS_KELAMIN":"P","ALAMAT":"JALAN PUKAT BANTING IV NO 64   Kota Medan   Sumatera Utara 20224","EMAIL":"fentazgrataz@yahoo.com","TELP":"811610965","EXPIRED":null},{"NIM":"151402080","PRODI":"1011","TGL_REGISTRASI":"2015-08-04","KATEGORI":"S-1","NAMA":"FRANSISKA KIRANA","TGL_LAHIR":"1997-06-21","JENIS_KELAMIN":"P","ALAMAT":"JLN. GATOT SUBROTO KOMP.TAPIAN MAS NO.19   Kota Medan   Sumatera Utara 20123","EMAIL":"Fransiskakirana@gmail.com","TELP":"85760720200","EXPIRED":null},{"NIM":"151402081","PRODI":"1011","TGL_REGISTRASI":"2015-08-04","KATEGORI":"S-1","NAMA":"MUHAMMAD ARKA KHARISMA","TGL_LAHIR":"1998-02-11","JENIS_KELAMIN":"L","ALAMAT":"JL. MARELAN III NO.111   Kota Medan   Sumatera Utara 20255","EMAIL":"mkharisma11@gmail.com","TELP":"081284343303","EXPIRED":null},{"NIM":"151402082","PRODI":"1011","TGL_REGISTRASI":"2015-08-04","KATEGORI":"S-1","NAMA":"RESI MUHAMMAD Z.P","TGL_LAHIR":"1997-11-15","JENIS_KELAMIN":"L","ALAMAT":"JALAN PELITA II NOMOR 11 MEDAN   Sumatera Utara 20236","EMAIL":"resi.muhammad.zp@gmail.com","TELP":"6611231","EXPIRED":null},{"NIM":"151402083","PRODI":"1011","TGL_REGISTRASI":"2015-08-04","KATEGORI":"S-1","NAMA":"ZEHESKIEL SEMBIRING","TGL_LAHIR":"1996-05-21","JENIS_KELAMIN":"L","ALAMAT":"DESA MUNTE DUSUN 2 KEC. MUNTE   Kab. Karo   Sumatera Utara 22161","EMAIL":"zeheskiel.366@gmail.com","TELP":"08566164975","EXPIRED":null},{"NIM":"151402084","PRODI":"1011","TGL_REGISTRASI":"2015-08-04","KATEGORI":"S-1","NAMA":"NICOLAS LOJIE","TGL_LAHIR":"1997-03-05","JENIS_KELAMIN":"L","ALAMAT":"JLN. K. L. YOS SUDARSO LING. VIII NO 1-H   Kota Medan   Sumatera Utara 20112","EMAIL":"nicolas.lojie@yahoo.com","TELP":"6620916","EXPIRED":null},{"NIM":"151402087","PRODI":"1011","TGL_REGISTRASI":"2015-08-04","KATEGORI":"S-1","NAMA":"DENNY KURNIAWAN","TGL_LAHIR":"1998-01-14","JENIS_KELAMIN":"L","ALAMAT":"JL. B. KATAMSO KOMP SEPAKAT LESTARI B-18   Kota Medan   Sumatera Utara 20146","EMAIL":"dennykurniawanjr@gmail.com","TELP":"82274978080","EXPIRED":null},{"NIM":"151402088","PRODI":"1011","TGL_REGISTRASI":"2015-08-04","KATEGORI":"S-1","NAMA":"HANAFI","TGL_LAHIR":"1997-11-10","JENIS_KELAMIN":"L","ALAMAT":"JALAN SEI PADANG DALAM II NO.6   Kota Medan   Sumatera Utara 20154","EMAIL":"hanafinasution77@gmail.com","TELP":"614561290","EXPIRED":null},{"NIM":"151402089","PRODI":"1011","TGL_REGISTRASI":"2015-08-05","KATEGORI":"S-1","NAMA":"YUSUF RAJA TAMBA","TGL_LAHIR":"1997-11-27","JENIS_KELAMIN":"L","ALAMAT":"Tanjung leidong","EMAIL":"yusuf.tamba27@gmail.com","TELP":"82276471331","EXPIRED":null},{"NIM":"151402090","PRODI":"1011","TGL_REGISTRASI":"2015-08-05","KATEGORI":"S-1","NAMA":"HADI ADRIANSYAH","TGL_LAHIR":"1997-05-23","JENIS_KELAMIN":"L","ALAMAT":"JALAN SAMPINUR NO. 18   Kota Sibolga   Sumatera Utara 22535","EMAIL":"adriansyah.hadi@yahoo.com","TELP":"82166229219","EXPIRED":null},{"NIM":"151402091","PRODI":"1011","TGL_REGISTRASI":"2015-08-05","KATEGORI":"S-1","NAMA":"FARHAN SINDY","TGL_LAHIR":"1999-01-25","JENIS_KELAMIN":"L","ALAMAT":"LORONG ABADI NO.17B KEL. BELAWAN1 SUMATERA UTARA","EMAIL":"farhan.sendy25@gmail.com","TELP":"081245560356","EXPIRED":null},{"NIM":"151402092","PRODI":"1011","TGL_REGISTRASI":"2015-08-05","KATEGORI":"S-1","NAMA":"REZA DHIA ULHAQ","TGL_LAHIR":"1997-11-07","JENIS_KELAMIN":"L","ALAMAT":"PERUMNAS RAWA KECAMATAN PIDIE   Kab. Pidie   Aceh 24112","EMAIL":"rezadulhaq@gmail.com","TELP":"82162807486","EXPIRED":null},{"NIM":"151402093","PRODI":"1011","TGL_REGISTRASI":"2015-08-05","KATEGORI":"S-1","NAMA":"ADIPUTRA SINAGA","TGL_LAHIR":"1997-11-05","JENIS_KELAMIN":"L","ALAMAT":"PASARAN, DESA PASARAN 1 KECAMATAN NAINGGOLAN ","EMAIL":"sinagaa32@gmail.com","TELP":"+6282363986828","EXPIRED":null},{"NIM":"151402095","PRODI":"1011","TGL_REGISTRASI":"2015-08-05","KATEGORI":"S-1","NAMA":"ANGGA SUBARU HUTAGAOL","TGL_LAHIR":"1997-10-21","JENIS_KELAMIN":"L","ALAMAT":"JL. KEMUNING 3 NO 246 PERUMNAS HELVETIA   Kota Medan   Sumatera Utara 20124","EMAIL":"anscans@yahoo.com","TELP":"08527050436","EXPIRED":null},{"NIM":"151402096","PRODI":"1011","TGL_REGISTRASI":"2015-08-05","KATEGORI":"S-1","NAMA":"SELVINA RETLY YUANDA","TGL_LAHIR":"1998-03-14","JENIS_KELAMIN":"P","ALAMAT":"JL. JERMAL 6 GG BIDAN 2   Kota Medan   Sumatera Utara 20227","EMAIL":"selvinaretly@yahoo.com","TELP":"082368280340","EXPIRED":null},{"NIM":"151402097","PRODI":"1011","TGL_REGISTRASI":"2015-08-05","KATEGORI":"S-1","NAMA":"SILVIA MAWARNI","TGL_LAHIR":"1998-11-26","JENIS_KELAMIN":"P","ALAMAT":"KOMP. GRAHA SUNGGAL BLOK E NO. 6   Kota Medan   Sumatera Utara 20128","EMAIL":"silvia.mawarni@yahoo.com","TELP":"+6285277664532","EXPIRED":null},{"NIM":"151402098","PRODI":"1011","TGL_REGISTRASI":"2015-08-05","KATEGORI":"S-1","NAMA":"RASKA ALMASHURA","TGL_LAHIR":"1999-03-13","JENIS_KELAMIN":"P","ALAMAT":"JL. SEROJA 1 NO. 9 MEDAN JL. SEROJA 1 NO. 9 MEDAN Kota Medan   Sumatera Utara 20128","EMAIL":"raskalmasyhura@gmail.com","TELP":"81361611983","EXPIRED":null},{"NIM":"151402099","PRODI":"1011","TGL_REGISTRASI":"2015-08-05","KATEGORI":"S-1","NAMA":"DODY PRASKA JAYA","TGL_LAHIR":"1997-11-26","JENIS_KELAMIN":"L","ALAMAT":"JL. KARYA BAKTI II NO.26   Kota Medan   Sumatera Utara 20157","EMAIL":"","TELP":"85276536713","EXPIRED":null},{"NIM":"151402101","PRODI":"1011","TGL_REGISTRASI":"2015-08-05","KATEGORI":"S-1","NAMA":"ALYAD ULYA IMAN","TGL_LAHIR":"1997-07-29","JENIS_KELAMIN":"L","ALAMAT":"Jorong Kubang Panjang, Nagari IV Koto Pulau Punjung, Kecamatan Pulau Punjung, Kab. Dharmasraya, Sumatera Barat 27573","EMAIL":"auiyayat@gmail.com","TELP":"082388306880","EXPIRED":null},{"NIM":"151402103","PRODI":"1011","TGL_REGISTRASI":"2015-08-05","KATEGORI":"S-1","NAMA":"PUTRI FILDZAH SAFIRAH","TGL_LAHIR":"1997-03-19","JENIS_KELAMIN":"P","ALAMAT":"PONDOK BAHAGIA PERUMAHAN SMP NO. 6 KELURAHAN BAH JAMBI I KECAMATAN JAWA MARAJA BAH JAMBI","EMAIL":"safirahfildzah193@gmail.com","TELP":"082272192073","EXPIRED":null},{"NIM":"151402104","PRODI":"1011","TGL_REGISTRASI":"2015-08-05","KATEGORI":"S-1","NAMA":"JEREMY DOSDO PURBA","TGL_LAHIR":"1997-04-05","JENIS_KELAMIN":"L","ALAMAT":"JL. BUBU NO 151, MEDAN 20222 MEDAN TEMBUNG Kota Medan   Sumatera Utara 20222","EMAIL":"jerryavengedsevenfold@gmail.com","TELP":"081370915098","EXPIRED":null},{"NIM":"151402105","PRODI":"1011","TGL_REGISTRASI":"2015-08-05","KATEGORI":"S-1","NAMA":"ARIF RAHMAN HAKIM","TGL_LAHIR":"1997-04-07","JENIS_KELAMIN":"L","ALAMAT":"DS.MESJID, KEUDE ACEH,  IDI RAYEUK   Kab. Aceh Timur   Aceh 24454","EMAIL":"harifrahman8@gmail.com","TELP":"085260754118","EXPIRED":null},{"NIM":"151402106","PRODI":"1011","TGL_REGISTRASI":"2015-08-05","KATEGORI":"S-1","NAMA":"KEVIN NATANAEL PURBA","TGL_LAHIR":"1997-11-01","JENIS_KELAMIN":"L","ALAMAT":"Jl. Perwira No. 2 A Medan","EMAIL":"kevintnatant@gmail.com","TELP":"081376328880","EXPIRED":null},{"NIM":"151402108","PRODI":"1011","TGL_REGISTRASI":"2015-08-05","KATEGORI":"S-1","NAMA":"AAN CHRISTIAN PRANATA","TGL_LAHIR":"1997-12-04","JENIS_KELAMIN":"L","ALAMAT":"JL. GITAR NO. 11 TITI RANTAI MEDAN   Kota Medan   Sumatera Utara 20156","EMAIL":"aan.christian66@windowslive.com","TELP":"+6285361038424","EXPIRED":null},{"NIM":"151402109","PRODI":"1011","TGL_REGISTRASI":"2015-08-05","KATEGORI":"S-1","NAMA":"MARIA MAGDALENA SIMAMORA","TGL_LAHIR":"1996-08-08","JENIS_KELAMIN":"P","ALAMAT":"JALAN FLAMBOYAN 2 NO 16 MENTENG 7 20228   Kota Medan   Sumatera Utara 20228","EMAIL":"simamoramaria40@yahoo.com","TELP":"81360181920","EXPIRED":null},{"NIM":"151402110","PRODI":"1011","TGL_REGISTRASI":"2015-08-05","KATEGORI":"S-1","NAMA":"LASTRI DEBORA SITORUS","TGL_LAHIR":"1997-02-01","JENIS_KELAMIN":"P","ALAMAT":"PORSEA   Kab. Toba Samosir   Sumatera Utara 22384","EMAIL":"lastri.sitorus53@yahoo.co.id","TELP":"082363275465","EXPIRED":null},{"NIM":"151402111","PRODI":"1011","TGL_REGISTRASI":"2015-08-05","KATEGORI":"S-1","NAMA":"MUHAMMAD IQBAL FAJAR","TGL_LAHIR":"1997-11-07","JENIS_KELAMIN":"L","ALAMAT":"JL. EKA WARNI IX B NO. 27   Kota Medan   Sumatera Utara 20144","EMAIL":"iqbalibalbal@gmail.com","TELP":"0617853357","EXPIRED":null},{"NIM":"151402115","PRODI":"1011","TGL_REGISTRASI":"2015-08-05","KATEGORI":"S-1","NAMA":"MUHAMMAD ANDI YUSRAN","TGL_LAHIR":"1997-05-11","JENIS_KELAMIN":"L","ALAMAT":"JL. DR. KUMPULAN PANE NO.12   Kota Tebing Tinggi   Sumatera Utara 20621","EMAIL":"muhammadandi26@gmail.com","TELP":"083196607565","EXPIRED":null},{"NIM":"151402116","PRODI":"1011","TGL_REGISTRASI":"2015-08-05","KATEGORI":"S-1","NAMA":"ANNADYA RIFANI SINAGA","TGL_LAHIR":"1998-03-27","JENIS_KELAMIN":"P","ALAMAT":"JL. Eka warni 3 No. 3D Medan, Johor","EMAIL":"nadyas130@gmail.com","TELP":"87867565466","EXPIRED":null},{"NIM":"151402117","PRODI":"1011","TGL_REGISTRASI":"2015-08-06","KATEGORI":"S-1","NAMA":"MUHAMMAD RIZWAN ANFA","TGL_LAHIR":"1996-08-13","JENIS_KELAMIN":"L","ALAMAT":"DUSUN II DESA PAGAR MERBAU I KECAMATAN PAGAR MERBAU Kab. Deli Serdang   Sumatera Utara 20551","EMAIL":"rizwananfayahoo.co.id","TELP":"85296593773","EXPIRED":null},{"NIM":"151402118","PRODI":"1011","TGL_REGISTRASI":"2015-08-06","KATEGORI":"S-1","NAMA":"MUHAMMAD FARIS","TGL_LAHIR":"1998-05-11","JENIS_KELAMIN":"L","ALAMAT":"JL. SUKA EKA NO.10 STM UJUNG   Kota Medan   Sumatera Utara 20146","EMAIL":"farisses@gmail.com","TELP":"6281260202729","EXPIRED":null},{"NIM":"151402119","PRODI":"1011","TGL_REGISTRASI":"2015-08-06","KATEGORI":"S-1","NAMA":"FADHLI MUHAMMAD","TGL_LAHIR":"1997-05-15","JENIS_KELAMIN":"L","ALAMAT":"JL. PURI GG. KHALEK NO.18 KELURAHAN KOTA MATSUM II KECAMATAN MEDAN AREA Kota Medan   Sumatera Utara 20215","EMAIL":"fadhlimuhammad15@yahoo.com","TELP":"085270800975","EXPIRED":null},{"NIM":"151402120","PRODI":"1011","TGL_REGISTRASI":"2015-08-06","KATEGORI":"S-1","NAMA":"DIANA SYAFIRA","TGL_LAHIR":"1997-09-07","JENIS_KELAMIN":"P","ALAMAT":"JL. MATAHARI 7 LK VII NO.156 BLOK VI PERUMNAS HELVETIA MEDAN","EMAIL":"dianasyafira66@gmail.com","TELP":"81248904850","EXPIRED":null},{"NIM":"151402122","PRODI":"1011","TGL_REGISTRASI":"2015-08-19","KATEGORI":"S-1","NAMA":"DHANY DWI S M","TGL_LAHIR":"1996-10-06","JENIS_KELAMIN":"L","ALAMAT":"JL. Setia Budi Perumahan The Prime Nomor 24A","EMAIL":"dhanyjavadd@yahoo.co.id","TELP":"082166910778","EXPIRED":null},{"NIM":"151402123","PRODI":"1011","TGL_REGISTRASI":"2015-08-19","KATEGORI":"S-1","NAMA":"M DHEAN FAUZAN","TGL_LAHIR":"1997-10-23","JENIS_KELAMIN":"L","ALAMAT":"PERUMAHAN PALEM ASRI BLOK F1, PEKANBARU","EMAIL":"dheanfauzan@gmail.com","TELP":"82288496418","EXPIRED":null},{"NIM":"151402124","PRODI":"1011","TGL_REGISTRASI":"2015-08-19","KATEGORI":"S-1","NAMA":"INDIRWAN IHSAN HSB","TGL_LAHIR":"1997-10-14","JENIS_KELAMIN":"L","ALAMAT":"JL. LISTRIK,KECAMATAN RANTAU UTARA, RANTAU PRAPAT","EMAIL":"indirwan_ihsan@yahoo.co.id","TELP":"082276871997","EXPIRED":null},{"NIM":"151402125","PRODI":"1011","TGL_REGISTRASI":"2015-08-19","KATEGORI":"S-1","NAMA":"PUTRI ADINA","TGL_LAHIR":"1998-03-22","JENIS_KELAMIN":"P","ALAMAT":"JALAN TAUD NO.105 MEDAN","EMAIL":"dinafrately@yahoo.com","TELP":"081377182287","EXPIRED":null},{"NIM":"151402126","PRODI":"1011","TGL_REGISTRASI":"2015-08-19","KATEGORI":"S-1","NAMA":"KEVIN CHRISTOPER A","TGL_LAHIR":"1996-11-19","JENIS_KELAMIN":"L","ALAMAT":"Jalan Lapangan Koni 2 No : 5 RT\/RW : 02\/02 , Cagar alam - Depok","EMAIL":"christopherkevin62@gmail.com","TELP":"081932594436","EXPIRED":null},{"NIM":"151402127","PRODI":"1011","TGL_REGISTRASI":"2015-08-19","KATEGORI":"S-1","NAMA":"HOTNIDA MEGAWATY M","TGL_LAHIR":"1997-05-30","JENIS_KELAMIN":"P","ALAMAT":"JL.DANAU SINGKARAK NO.134C MEDAN","EMAIL":"megamanurung5@gmail.com","TELP":"85762240855","EXPIRED":null},{"NIM":"151402128","PRODI":"1011","TGL_REGISTRASI":"2015-08-19","KATEGORI":"S-1","NAMA":"M HADYURRAHMAN","TGL_LAHIR":"1997-08-06","JENIS_KELAMIN":"L","ALAMAT":"JL KARYA WISATA PERUMAHAN J CITY, CLUSTER J METROPOLIS NO.9","EMAIL":"hadi.muhammad37@hotmail.com","TELP":"082274248646","EXPIRED":null},{"NIM":"151402129","PRODI":"1011","TGL_REGISTRASI":"2015-08-19","KATEGORI":"S-1","NAMA":"YESI ANGRAINY","TGL_LAHIR":"1998-03-22","JENIS_KELAMIN":"P","ALAMAT":"JALAN SIMANGAMBAT KOMPLEK KATOLIK KEC. SIPIROK KAB. TAPANULI SELATAN","EMAIL":"yesiangrainy_sihombing@yahoo.com","TELP":"082360280461","EXPIRED":null},{"NIM":"151402130","PRODI":"1011","TGL_REGISTRASI":"2015-08-19","KATEGORI":"S-1","NAMA":"MELISSA TRIXIE HUTAPEA","TGL_LAHIR":"1997-08-23","JENIS_KELAMIN":"P","ALAMAT":"JALAN S.PARMAN NO.192 A","EMAIL":"melissa_hutapea@yahoo.com","TELP":"0614559856","EXPIRED":null},{"NIM":"151402131","PRODI":"1011","TGL_REGISTRASI":"2015-08-19","KATEGORI":"S-1","NAMA":"NICO H SILALAHI","TGL_LAHIR":"1997-09-24","JENIS_KELAMIN":"L","ALAMAT":"JALAN DANAU TOBA NO. 11 A SIDIKALANG","EMAIL":"nicosilalahi59@yahoo.co.id","TELP":"82160768703","EXPIRED":null},{"NIM":"151402132","PRODI":"1011","TGL_REGISTRASI":"2015-08-19","KATEGORI":"S-1","NAMA":"HABIBI ALKHAIRI DLY","TGL_LAHIR":"1996-11-23","JENIS_KELAMIN":"L","ALAMAT":"JALAN VETERAN GANG UTAMA NO. 50","EMAIL":"daulayhabibialkhairi96@yahoo.com","TELP":"081262269595","EXPIRED":null},{"NIM":"151402134","PRODI":"1011","TGL_REGISTRASI":"2015-08-21","KATEGORI":"S-1","NAMA":"EMIR AHMAD MUSTAFA","TGL_LAHIR":"1997-03-07","JENIS_KELAMIN":"L","ALAMAT":"JALAN PELAJAR TIMUR UJUNG GANG MAWAR NO. 26","EMAIL":"emirahmadmustafa@gmail.com","TELP":"85922116484","EXPIRED":null},{"NIM":"151402136","PRODI":"1011","TGL_REGISTRASI":"2015-08-21","KATEGORI":"S-1","NAMA":"SEKAR PUTRI ANYELIR","TGL_LAHIR":"1996-11-08","JENIS_KELAMIN":"P","ALAMAT":"KOMPLEK DELI RAYA JL JUMBO NO 136 TITIPAPAN","EMAIL":"sekar_chanz@yahoo.co.id","TELP":"82272459294","EXPIRED":null},{"NIM":"151402137","PRODI":"1011","TGL_REGISTRASI":"2015-08-21","KATEGORI":"S-1","NAMA":"KARINA BR TANGGANG","TGL_LAHIR":"1996-12-19","JENIS_KELAMIN":"P","ALAMAT":"JALAN BY PASS BUKITTINGGI","EMAIL":"karinabrtanggang@gmail.com","TELP":"85669134143","EXPIRED":null},{"NIM":"151402138","PRODI":"1011","TGL_REGISTRASI":"2015-08-21","KATEGORI":"S-1","NAMA":"MUHAMMAD SATTAR","TGL_LAHIR":"1997-05-07","JENIS_KELAMIN":"L","ALAMAT":"JL. KARYA WISATA KOMP. CITRA WISATA BLOK VII NO.48","EMAIL":"sattaralhadi77@yahoo.com","TELP":"82366799907","EXPIRED":null}]