[{"NIM":"161402001","PRODI":"1011","TGL_REGISTRASI":"2016-06-14","KATEGORI":"S-1","NAMA":"Leli Herma Yanti","TGL_LAHIR":"1998-11-12","JENIS_KELAMIN":"P","ALAMAT":"Huta E 3 Dolok Merangir 1 Kec. Dolok Batu Nanggar","EMAIL":"lely123299@gmail.com","TELP":"082218688214","EXPIRED":null},{"NIM":"161402002","PRODI":"1011","TGL_REGISTRASI":"2016-06-14","KATEGORI":"S-1","NAMA":"Hanna Rabitha Hasni","TGL_LAHIR":"1998-07-27","JENIS_KELAMIN":"P","ALAMAT":"Jalan Bersama No.67 Bandar Selamat Medan Tembung","EMAIL":"h.rabitha@gmail.com","TELP":"081361128776","EXPIRED":null},{"NIM":"161402003","PRODI":"1011","TGL_REGISTRASI":"2016-06-14","KATEGORI":"S-1","NAMA":"Khairunnisa Husin Nasution","TGL_LAHIR":"1999-06-28","JENIS_KELAMIN":"P","ALAMAT":"jL. Sidomulyo psar IX Gang Gelatik No. 57 Sei Rotn Kecamatan Percut Sei Tuan","EMAIL":"cnissah@gmail.com","TELP":"087846100784","EXPIRED":null},{"NIM":"161402004","PRODI":"1011","TGL_REGISTRASI":"2016-06-14","KATEGORI":"S-1","NAMA":"Muhibuddin","TGL_LAHIR":"1998-05-01","JENIS_KELAMIN":"L","ALAMAT":"Jln. Ara Keumudi Desa Trieng Teupin Keubeu Kecamatan Matangkuli","EMAIL":"muhibuddinb@gmail.com","TELP":"082273239924","EXPIRED":null},{"NIM":"161402005","PRODI":"1011","TGL_REGISTRASI":"2016-06-14","KATEGORI":"S-1","NAMA":"Desi B. Tambunan","TGL_LAHIR":"1997-12-31","JENIS_KELAMIN":"P","ALAMAT":"Desa Sigotom, Kec. Pangaribuan","EMAIL":"tambunandesi70@yahoo.co.id","TELP":"082273626632","EXPIRED":null},{"NIM":"161402006","PRODI":"1011","TGL_REGISTRASI":"2016-06-14","KATEGORI":"S-1","NAMA":"Reyhan Hafizt Harahap","TGL_LAHIR":"1998-05-28","JENIS_KELAMIN":"L","ALAMAT":"Jln. Meuligoe No.9 Komplek PT.PIM Krueng Geukueh","EMAIL":"rey_hafizt@yahoo.co.id","TELP":"085275820658","EXPIRED":null},{"NIM":"161402007","PRODI":"1011","TGL_REGISTRASI":"2016-06-14","KATEGORI":"S-1","NAMA":"Ilham Kurnia Wahyudi Rusli","TGL_LAHIR":"1998-11-05","JENIS_KELAMIN":"L","ALAMAT":"Jl. Panglima Denai Gg. Hj. Hamimah No. 6 Medan","EMAIL":"ilhamkwr@gmail.com","TELP":"085360556679","EXPIRED":null},{"NIM":"161402008","PRODI":"1011","TGL_REGISTRASI":"2016-06-14","KATEGORI":"S-1","NAMA":"Dewi Safrida Telambanua","TGL_LAHIR":"1997-11-09","JENIS_KELAMIN":"P","ALAMAT":"Jln.Sudirman eks Merdeka kmp.kelapa II LK. III","EMAIL":"dewisafrida09@yahoo.com","TELP":"085358101949","EXPIRED":null},{"NIM":"161402009","PRODI":"1011","TGL_REGISTRASI":"2016-06-14","KATEGORI":"S-1","NAMA":"Dwi Arief Adityah","TGL_LAHIR":"1998-10-02","JENIS_KELAMIN":"L","ALAMAT":"Jl. Imam Bonjol Gg Nami , Padang matinggi , Padangsidimpuan Selatan , Padangsidimpuan","EMAIL":"dwiarief227@yahoo.com","TELP":"082368815565","EXPIRED":null},{"NIM":"161402010","PRODI":"1011","TGL_REGISTRASI":"2016-06-14","KATEGORI":"S-1","NAMA":"Deddy F. Sihombing","TGL_LAHIR":"1997-12-23","JENIS_KELAMIN":"L","ALAMAT":"JL.Rajawali No.9 Aek Tolang,Pandan","EMAIL":"deddypoeng@gmail.com","TELP":"085206693999","EXPIRED":null},{"NIM":"161402011","PRODI":"1011","TGL_REGISTRASI":"2016-06-14","KATEGORI":"S-1","NAMA":"Elwin Duha","TGL_LAHIR":"1999-06-14","JENIS_KELAMIN":"L","ALAMAT":"Jalan Golkar Telukdalam","EMAIL":"elwinduha.ed@gmail.com","TELP":"082272426737","EXPIRED":null},{"NIM":"161402012","PRODI":"1011","TGL_REGISTRASI":"2016-06-14","KATEGORI":"S-1","NAMA":"Ikhwanul Khoir Pulungan","TGL_LAHIR":"1999-03-17","JENIS_KELAMIN":"L","ALAMAT":"Jl.Perjuangan no 7 Kampung Marancar\nPadangsidimpuan Utara","EMAIL":"ikhwan_pulungan@yahoo.com","TELP":"082166852469","EXPIRED":null},{"NIM":"161402013","PRODI":"1011","TGL_REGISTRASI":"2016-06-14","KATEGORI":"S-1","NAMA":"Rizal Firdaus","TGL_LAHIR":"1998-03-19","JENIS_KELAMIN":"L","ALAMAT":"DESA HABINCARAN KECAMATAN ULUPUNGKUT ","EMAIL":"rizalfirdaus@yahoo.co.id","TELP":"085206487989","EXPIRED":null},{"NIM":"161402014","PRODI":"1011","TGL_REGISTRASI":"2016-06-14","KATEGORI":"S-1","NAMA":"Khairunnisa Sitanggang","TGL_LAHIR":"1998-01-02","JENIS_KELAMIN":"P","ALAMAT":"Desa Pasar Terandam, Kecamatan Barus","EMAIL":"khairunnisasitanggang19@gmail.com","TELP":"085207970221","EXPIRED":null},{"NIM":"161402015","PRODI":"1011","TGL_REGISTRASI":"2016-06-14","KATEGORI":"S-1","NAMA":"Sri Kurnia Nurhikmah","TGL_LAHIR":"1997-11-15","JENIS_KELAMIN":"P","ALAMAT":"Dusun II Silau Rakyat","EMAIL":"srikurnia_nurhikmah@yahoo.co.id","TELP":"-","EXPIRED":null},{"NIM":"161402016","PRODI":"1011","TGL_REGISTRASI":"2016-06-15","KATEGORI":"S-1","NAMA":"Hamzali","TGL_LAHIR":"1998-09-03","JENIS_KELAMIN":"L","ALAMAT":"jalan gatot subroto gg. warga no.12a Medan","EMAIL":"newhamzali39@gmail.com","TELP":"081375372485","EXPIRED":null},{"NIM":"161402017","PRODI":"1011","TGL_REGISTRASI":"2016-06-15","KATEGORI":"S-1","NAMA":"Jhon Rendy Sortono","TGL_LAHIR":"1998-09-04","JENIS_KELAMIN":"L","ALAMAT":"Jalan Sutan Soripada Mulia Gg. Sepakat No. 7","EMAIL":"jhonrendisortono@gmail.com","TELP":"082273161875","EXPIRED":null},{"NIM":"161402018","PRODI":"1011","TGL_REGISTRASI":"2016-06-15","KATEGORI":"S-1","NAMA":"Mujahid Akbar","TGL_LAHIR":"1997-11-11","JENIS_KELAMIN":"L","ALAMAT":"Kelurahan Tanobato","EMAIL":"mujahidakbar20@gmail.com","TELP":"081362929907","EXPIRED":null},{"NIM":"161402019","PRODI":"1011","TGL_REGISTRASI":"2016-06-15","KATEGORI":"S-1","NAMA":"Muhammad Yuda Pratama","TGL_LAHIR":"1998-12-04","JENIS_KELAMIN":"L","ALAMAT":"Pangkalan Brandan Jl. Dempo GG. Methodist No. 24","EMAIL":"myuda000@gmail.com","TELP":"081262358249","EXPIRED":null},{"NIM":"161402020","PRODI":"1011","TGL_REGISTRASI":"2016-06-15","KATEGORI":"S-1","NAMA":"Bora Sejati Siboro","TGL_LAHIR":"1998-11-11","JENIS_KELAMIN":"L","ALAMAT":"Jl. Bunga Sakura No.3 LK-II","EMAIL":"borasejati11@gmail.com","TELP":"(061)8221603","EXPIRED":null},{"NIM":"161402022","PRODI":"1011","TGL_REGISTRASI":"2016-06-15","KATEGORI":"S-1","NAMA":"Feisal Fahmi","TGL_LAHIR":"1998-07-02","JENIS_KELAMIN":"L","ALAMAT":"Jalan Cut Nyak Dien No.P5 ","EMAIL":"feisalfahmi@gmail.com","TELP":"081991332998","EXPIRED":null},{"NIM":"161402023","PRODI":"1011","TGL_REGISTRASI":"2016-06-15","KATEGORI":"S-1","NAMA":"Handita Mutia","TGL_LAHIR":"1998-10-30","JENIS_KELAMIN":"P","ALAMAT":"PERUMNAS BILAH DAMAI NO.03\nJLN. TELUK MEKU\nP. BERANDAN","EMAIL":"handitamutia@gmail.com","TELP":"082364739372","EXPIRED":null},{"NIM":"161402024","PRODI":"1011","TGL_REGISTRASI":"2016-06-15","KATEGORI":"S-1","NAMA":"Widang Muttaqin","TGL_LAHIR":"1998-10-30","JENIS_KELAMIN":"L","ALAMAT":"Jl. Pasar Lama Gg. Asli No.1 Kampung Lalang","EMAIL":"","TELP":"082294331375","EXPIRED":null},{"NIM":"161402025","PRODI":"1011","TGL_REGISTRASI":"2016-06-15","KATEGORI":"S-1","NAMA":"Teguh Kirana Berutu","TGL_LAHIR":"1998-10-12","JENIS_KELAMIN":"L","ALAMAT":"DUSUN VII JALAN.GAMBIR PSR VIII NO.19 TEMBUNG","EMAIL":"teguhvmc@gmail.com","TELP":"081370357045","EXPIRED":null},{"NIM":"161402026","PRODI":"1011","TGL_REGISTRASI":"2016-06-15","KATEGORI":"S-1","NAMA":"Enike Dewinta Sembiring","TGL_LAHIR":"1998-08-30","JENIS_KELAMIN":"P","ALAMAT":"Jl. Aster No. 49 Blok D Perumnas Kalang Simbara, Kec. Sidikalang, Kab. Dairi","EMAIL":"gvandyaevit@gmail.com","TELP":"082362290981","EXPIRED":null},{"NIM":"161402027","PRODI":"1011","TGL_REGISTRASI":"2016-06-15","KATEGORI":"S-1","NAMA":"Fitri Nanda Yani","TGL_LAHIR":"1998-01-31","JENIS_KELAMIN":"P","ALAMAT":"Jl. Lintas timur, Panyabungan","EMAIL":"FitrinandayaniL31@gmail.com","TELP":"085262440189","EXPIRED":null},{"NIM":"161402028","PRODI":"1011","TGL_REGISTRASI":"2016-06-15","KATEGORI":"S-1","NAMA":"Febria Sahrina","TGL_LAHIR":"1999-02-09","JENIS_KELAMIN":"P","ALAMAT":"kompel villa palem kencana blok q-31","EMAIL":"febriasahrina@gmail.com","TELP":"085358966808","EXPIRED":null},{"NIM":"161402029","PRODI":"1011","TGL_REGISTRASI":"2016-06-15","KATEGORI":"S-1","NAMA":"Ilham Syahputra","TGL_LAHIR":"1998-08-09","JENIS_KELAMIN":"L","ALAMAT":"Jl.Kapten Koima 130 B Padangsidimpuan Utara","EMAIL":"dtraitor@gmail.com","TELP":"+62 812 6096 1868","EXPIRED":null},{"NIM":"161402030","PRODI":"1011","TGL_REGISTRASI":"2016-06-15","KATEGORI":"S-1","NAMA":"Ruth Irene Pasaribu","TGL_LAHIR":"1997-12-11","JENIS_KELAMIN":"P","ALAMAT":"simpang tangsi balimbingan,   kec. tanah jawa","EMAIL":"ruthirene97@gmail.com","TELP":"082276711978","EXPIRED":null},{"NIM":"161402031","PRODI":"1011","TGL_REGISTRASI":"2016-06-15","KATEGORI":"S-1","NAMA":"Cici Paramita","TGL_LAHIR":"1997-03-03","JENIS_KELAMIN":"P","ALAMAT":"Kp.lalang kec.kualuh selatan kab.labuhanbatu utara","EMAIL":"ciciparamita363@yahoo.co.id","TELP":"081264604204","EXPIRED":null},{"NIM":"161402032","PRODI":"1011","TGL_REGISTRASI":"2016-06-15","KATEGORI":"S-1","NAMA":"M. Ramzi Khauri","TGL_LAHIR":"1999-07-25","JENIS_KELAMIN":"L","ALAMAT":"Jl. Rawa I Gg. Sedar III No 5","EMAIL":"udaramzi113@gmail.com","TELP":"087766162795","EXPIRED":null},{"NIM":"161402033","PRODI":"1011","TGL_REGISTRASI":"2016-06-15","KATEGORI":"S-1","NAMA":"Fachry Muhamad Anantama Tarigan","TGL_LAHIR":"1998-08-11","JENIS_KELAMIN":"L","ALAMAT":"Dusun  II  Tembengan Desa Kwala Lau Bicik Kecamatan  Kutalimbaru","EMAIL":"fachry.tarigan@gmail.com","TELP":"082163812634","EXPIRED":null},{"NIM":"161402034","PRODI":"1011","TGL_REGISTRASI":"2016-06-15","KATEGORI":"S-1","NAMA":"Harry Islami Habibi Silalahi","TGL_LAHIR":"1999-06-30","JENIS_KELAMIN":"L","ALAMAT":"Jl H M Thaher no.36 Singkil","EMAIL":"meklahi360@gmail.com","TELP":"065821515","EXPIRED":null},{"NIM":"161402035","PRODI":"1011","TGL_REGISTRASI":"2016-06-16","KATEGORI":"S-1","NAMA":"Bayu Aji Nurmansah","TGL_LAHIR":"1998-09-16","JENIS_KELAMIN":"L","ALAMAT":"JL. SEI TANJUNG No. 5 KISARAN","EMAIL":"uyabaji98@gmail.com","TELP":"082365461537","EXPIRED":null},{"NIM":"161402036","PRODI":"1011","TGL_REGISTRASI":"2016-06-16","KATEGORI":"S-1","NAMA":"Hanisa Fauziani","TGL_LAHIR":"1996-12-11","JENIS_KELAMIN":"P","ALAMAT":"Ulak Makmur Desa Tanjung Mulia Kecamatan kampung rakyat ","EMAIL":"hanisafauziani@yahoo.co.id","TELP":"082166272325","EXPIRED":null},{"NIM":"161402037","PRODI":"1011","TGL_REGISTRASI":"2016-06-16","KATEGORI":"S-1","NAMA":"Syawaldi Ilham","TGL_LAHIR":"1998-02-27","JENIS_KELAMIN":"L","ALAMAT":"jln.kongsi gg.syukur no.307b dsn 3b desa marindal-1 kec.patumbak","EMAIL":"syawaldiilham@gmail.com","TELP":"081370645576","EXPIRED":null},{"NIM":"161402038","PRODI":"1011","TGL_REGISTRASI":"2016-06-16","KATEGORI":"S-1","NAMA":"Bayu Prasetyo","TGL_LAHIR":"1998-07-03","JENIS_KELAMIN":"L","ALAMAT":"Burni Bius Baru","EMAIL":"bayuprasetyo@gmail.com","TELP":"0813-3949-9700","EXPIRED":null},{"NIM":"161402039","PRODI":"1011","TGL_REGISTRASI":"2016-06-16","KATEGORI":"S-1","NAMA":"Annisa Ardina","TGL_LAHIR":"1999-01-31","JENIS_KELAMIN":"P","ALAMAT":"JL. DUSUN BALAM\nRT 002 RW 001\nKEL.BALAM SEMPURNA\nKEC.BAGAN SINEMBAH","EMAIL":"annisaardina1999@gmail.com","TELP":"","EXPIRED":null},{"NIM":"161402040","PRODI":"1011","TGL_REGISTRASI":"2016-06-16","KATEGORI":"S-1","NAMA":"Maryani","TGL_LAHIR":"1997-12-19","JENIS_KELAMIN":"P","ALAMAT":"PTPN IV SOSA II AFD IX","EMAIL":"maryani9717@gmail.com","TELP":"082276184889","EXPIRED":null},{"NIM":"161402041","PRODI":"1011","TGL_REGISTRASI":"2016-06-16","KATEGORI":"S-1","NAMA":"Gabriela Dwi Lady Br. Sembiring","TGL_LAHIR":"1998-05-05","JENIS_KELAMIN":"P","ALAMAT":"Dusun I-A Serba Jadi Desa Serbajadi Kecamatan Sunggal Deli Serdang","EMAIL":"gabriela.dwilady@gmail.com","TELP":"082165038806","EXPIRED":null},{"NIM":"161402042","PRODI":"1011","TGL_REGISTRASI":"2016-06-16","KATEGORI":"S-1","NAMA":"Sutan Mahalalel Ritonga","TGL_LAHIR":"1999-01-13","JENIS_KELAMIN":"L","ALAMAT":"jl. Anyelir 4 no.102 perumnas helvetia medan","EMAIL":"sutanimut451@gmail.com","TELP":"081362617036","EXPIRED":null},{"NIM":"161402043","PRODI":"1011","TGL_REGISTRASI":"2016-06-16","KATEGORI":"S-1","NAMA":"Pentari Trimita Pakpahan","TGL_LAHIR":"1999-02-05","JENIS_KELAMIN":"P","ALAMAT":"JL. MERANTI NO. 13 PEMATANGSIANTAR","EMAIL":"pentari_pakpahan@yahoo.co.id","TELP":"085276476924","EXPIRED":null},{"NIM":"161402045","PRODI":"1011","TGL_REGISTRASI":"2016-06-16","KATEGORI":"S-1","NAMA":"Sonia Elisa Telaumbanua","TGL_LAHIR":"1998-06-17","JENIS_KELAMIN":"P","ALAMAT":"Jl. Raharja Gg. kembaren No. 1 Lk.XII Medan","EMAIL":"soniaelisa98@yahoo.com","TELP":"085207999398","EXPIRED":null},{"NIM":"161402046","PRODI":"1011","TGL_REGISTRASI":"2016-06-17","KATEGORI":"S-1","NAMA":"Evanson Sihotang","TGL_LAHIR":"1998-12-16","JENIS_KELAMIN":"L","ALAMAT":"Jalan Pematang Siantar Dusun VI Pagar Jati Lubuk Pakam","EMAIL":"evansonsihotang@gmail.com","TELP":"082276824600","EXPIRED":null},{"NIM":"161402047","PRODI":"1011","TGL_REGISTRASI":"2016-06-17","KATEGORI":"S-1","NAMA":"Haryati","TGL_LAHIR":"1998-08-25","JENIS_KELAMIN":"P","ALAMAT":"DUSUN I DESA KARANG TENGAH KEC. SERBA JADI KAB. SERDANG BEDAGAI","EMAIL":"hariyati970@yahoo.co.id","TELP":"081260006163","EXPIRED":null},{"NIM":"161402048","PRODI":"1011","TGL_REGISTRASI":"2016-06-17","KATEGORI":"S-1","NAMA":"Boby Kurniawan","TGL_LAHIR":"1998-06-20","JENIS_KELAMIN":"L","ALAMAT":"Lingkungan V Melati seberang Kelurahan sidangkal \nkecamatan padangsidimpuan selatan \nkota padangsidimpuan","EMAIL":"bobykurniawan8991@gmail.com","TELP":"081375733543","EXPIRED":null},{"NIM":"161402049","PRODI":"1011","TGL_REGISTRASI":"2016-06-17","KATEGORI":"S-1","NAMA":"Ramadhan Pratama Putra","TGL_LAHIR":"1998-04-01","JENIS_KELAMIN":"L","ALAMAT":"Jalan batee timoh dusun B Arongan Panggoi","EMAIL":"veronestep2@gmail.com","TELP":"085275210847","EXPIRED":null},{"NIM":"161402050","PRODI":"1011","TGL_REGISTRASI":"2016-06-17","KATEGORI":"S-1","NAMA":"Mayang Dyah Azurah","TGL_LAHIR":"1999-05-06","JENIS_KELAMIN":"P","ALAMAT":"Dusun X RSTS Desa Tebing Tanjung Selamat Kec Padang Tualang","EMAIL":"Mayangazurah@gmail.com","TELP":"085297002604","EXPIRED":null},{"NIM":"161402051","PRODI":"1011","TGL_REGISTRASI":"2016-06-17","KATEGORI":"S-1","NAMA":"Nofri Lasmarito Sianturi","TGL_LAHIR":"1998-11-14","JENIS_KELAMIN":"P","ALAMAT":"Jalan medan binjai km 13 gg horas no 108","EMAIL":"novrisianturi14@gmail.com","TELP":"082381381585","EXPIRED":null},{"NIM":"161402053","PRODI":"1011","TGL_REGISTRASI":"2016-06-17","KATEGORI":"S-1","NAMA":"Rizki Wallige Purba","TGL_LAHIR":"1998-05-19","JENIS_KELAMIN":"L","ALAMAT":"Desa Doloksaribu kec.Pagaran kab.Tapanuli Utara kota Siborong-borong","EMAIL":"rizkypurba998@gmail.com","TELP":"082294075462","EXPIRED":null},{"NIM":"161402054","PRODI":"1011","TGL_REGISTRASI":"2016-06-17","KATEGORI":"S-1","NAMA":"Mauriza Hidayatush Shaliha Selian","TGL_LAHIR":"1998-10-13","JENIS_KELAMIN":"P","ALAMAT":"DESA PERAPAT HIILIR","EMAIL":"maurizashila@yahoo.com","TELP":"","EXPIRED":null},{"NIM":"161402055","PRODI":"1011","TGL_REGISTRASI":"2016-06-17","KATEGORI":"S-1","NAMA":"Renata Padang","TGL_LAHIR":"1997-09-26","JENIS_KELAMIN":"P","ALAMAT":"NAPASENGKUT SALAK 2","EMAIL":"padangrenata@gmail.com","TELP":"06277433014","EXPIRED":null},{"NIM":"161402056","PRODI":"1011","TGL_REGISTRASI":"2016-07-19","KATEGORI":"S-1","NAMA":"MUHAMMAD FAUZI MASAHIRO MUNTHE","TGL_LAHIR":"1998-10-05","JENIS_KELAMIN":"L","ALAMAT":"JLN. LAE PINANG NO. 15 DESA BINTANG MERSADA, KEC. SIDIKALANG, KAB. DAIRI","EMAIL":"","TELP":"062722814","EXPIRED":null},{"NIM":"161402057","PRODI":"1011","TGL_REGISTRASI":"2016-07-19","KATEGORI":"S-1","NAMA":"MUHAMMAD ARIF AZIZI","TGL_LAHIR":"1998-10-20","JENIS_KELAMIN":"L","ALAMAT":"Jorong Cingkariang, Desa Cingkariang ","EMAIL":"arifazizi1212","TELP":"085274698812","EXPIRED":null},{"NIM":"161402058","PRODI":"1011","TGL_REGISTRASI":"2016-07-19","KATEGORI":"S-1","NAMA":"TIMOTHY CHRISTIAN PUTRA","TGL_LAHIR":"1998-12-08","JENIS_KELAMIN":"L","ALAMAT":"Jl. Garuda Sakti Perum Bumi Asta Karya 1 Blok F3 ","EMAIL":"herlinayanita@gmail.com","TELP":"081314863657","EXPIRED":null},{"NIM":"161402059","PRODI":"1011","TGL_REGISTRASI":"2016-07-19","KATEGORI":"S-1","NAMA":"SAHAT GEBIMA SIHOTANG","TGL_LAHIR":"1998-05-05","JENIS_KELAMIN":"L","ALAMAT":"Komplex PT. Riau Andalan Pulp and Paper (RAPP) Type DM 9B\nPangkalan Kerinci - Pekanbaru Riau","EMAIL":"gebimasht@gmail.com","TELP":"0761 5900312","EXPIRED":null},{"NIM":"161402060","PRODI":"1011","TGL_REGISTRASI":"2016-07-19","KATEGORI":"S-1","NAMA":"DESSY ATIKA","TGL_LAHIR":"1998-12-16","JENIS_KELAMIN":"P","ALAMAT":"Jln. Makmur No.19 Sei Agul Medan","EMAIL":"Dessyatika16@yahoo.com","TELP":"082292198628","EXPIRED":null},{"NIM":"161402061","PRODI":"1011","TGL_REGISTRASI":"2016-07-19","KATEGORI":"S-1","NAMA":"RAFIKA LUMONGGA PURBA","TGL_LAHIR":"1999-06-16","JENIS_KELAMIN":"P","ALAMAT":"Jl. Swadaya Komp. Taman Ubud Medan","EMAIL":"rafikalumonggap@yahoo.com","TELP":"081361717487","EXPIRED":null},{"NIM":"161402062","PRODI":"1011","TGL_REGISTRASI":"2016-07-19","KATEGORI":"S-1","NAMA":"MUHAMMAD ALISIRAJ FACHREZA SIREGAR","TGL_LAHIR":"1998-08-05","JENIS_KELAMIN":"L","ALAMAT":"Jalan Pasar Rodi Baru No. 19 Dusun 2 Firdaus Kecamatan Sei Rampah\nKabupaten Serdang Bedagai Provinsi Sumatera Utara","EMAIL":"semuatentangdunia@gmail.com","TELP":"08126539819","EXPIRED":null},{"NIM":"161402063","PRODI":"1011","TGL_REGISTRASI":"2016-07-19","KATEGORI":"S-1","NAMA":"HARI PURNOMO AJI","TGL_LAHIR":"1999-12-16","JENIS_KELAMIN":"L","ALAMAT":"Jl. Gatot Subroto Km 8,5 No 331","EMAIL":"hariaji16.12@gmail.com","TELP":"081362778894","EXPIRED":null},{"NIM":"161402064","PRODI":"1011","TGL_REGISTRASI":"2016-07-19","KATEGORI":"S-1","NAMA":"DIDI SEPTIAWAN LUBIS","TGL_LAHIR":"1997-09-11","JENIS_KELAMIN":"L","ALAMAT":"ASRAMA POLISI SEKTOR RAO","EMAIL":"dee2lubis@gmail.com","TELP":"082385935105","EXPIRED":null},{"NIM":"161402065","PRODI":"1011","TGL_REGISTRASI":"2016-07-19","KATEGORI":"S-1","NAMA":"ALDO STEPANUS SIMARMATA","TGL_LAHIR":"1998-11-25","JENIS_KELAMIN":"L","ALAMAT":"Jl. Persatuan Dusun XIII Kp. Kristen Desa Pasar Melintang, Lubuk Pakam","EMAIL":"aldostepanussimarmata@gmail.com","TELP":"082160583843","EXPIRED":null},{"NIM":"161402066","PRODI":"1011","TGL_REGISTRASI":"2016-07-19","KATEGORI":"S-1","NAMA":"MUHAMMAD RAIHAN","TGL_LAHIR":"1998-07-09","JENIS_KELAMIN":"L","ALAMAT":"komp.tasbih 2 blok 3 no.146","EMAIL":"mumuraihan@yahoo.com","TELP":"087868986355","EXPIRED":null},{"NIM":"161402067","PRODI":"1011","TGL_REGISTRASI":"2016-07-19","KATEGORI":"S-1","NAMA":"RAY SYADERA LINGGA","TGL_LAHIR":"1997-11-01","JENIS_KELAMIN":"L","ALAMAT":"Jalan Garuda 3 No.19 Perumnas Mandala","EMAIL":"Syadera_ray@yahoo.com","TELP":"082225664421","EXPIRED":null},{"NIM":"161402068","PRODI":"1011","TGL_REGISTRASI":"2016-07-19","KATEGORI":"S-1","NAMA":"AUDRY WELVIRA","TGL_LAHIR":"1999-03-22","JENIS_KELAMIN":"P","ALAMAT":"Jalan Santun No.27","EMAIL":"audry_welvira@yahoo.com","TELP":"082390994199","EXPIRED":null},{"NIM":"161402069","PRODI":"1011","TGL_REGISTRASI":"2016-07-19","KATEGORI":"S-1","NAMA":"RUNGGU CARI SIANTURI","TGL_LAHIR":"1997-01-26","JENIS_KELAMIN":"P","ALAMAT":"Dusun Lau Rambong II, Desa Lau Pakpak, Kecamatan Tigalingga","EMAIL":"rungguchari@gmail.com","TELP":"081361501828","EXPIRED":null},{"NIM":"161402070","PRODI":"1011","TGL_REGISTRASI":"2016-07-19","KATEGORI":"S-1","NAMA":"DIRAWATI SIANTURI","TGL_LAHIR":"1998-11-11","JENIS_KELAMIN":"P","ALAMAT":"Dusun Lau Rambong II, Desa Lau Pakpak, Kecamatan Tigalingga","EMAIL":"dirawatisianturi@gmail.com","TELP":"081361501828","EXPIRED":null},{"NIM":"161402071","PRODI":"1011","TGL_REGISTRASI":"2016-07-20","KATEGORI":"S-1","NAMA":"YOSEPIN KAWALTA GINTING","TGL_LAHIR":"1998-09-22","JENIS_KELAMIN":"L","ALAMAT":"JL. BUNGA SEDAP MALAM 3C NO.3","EMAIL":"epinginting@gmail.com","TELP":"081265196387","EXPIRED":null},{"NIM":"161402072","PRODI":"1011","TGL_REGISTRASI":"2016-07-20","KATEGORI":"S-1","NAMA":"NOVIA MARITO","TGL_LAHIR":"1998-11-04","JENIS_KELAMIN":"P","ALAMAT":"Jalan imam bonjol no. 223 padangsidimpuan","EMAIL":"noviasibarani@gmail.com","TELP":"081370283077","EXPIRED":null},{"NIM":"161402073","PRODI":"1011","TGL_REGISTRASI":"2016-07-20","KATEGORI":"S-1","NAMA":"STEVEN LEONARDY","TGL_LAHIR":"1998-12-19","JENIS_KELAMIN":"L","ALAMAT":"Jl. Asia Baru No. 46","EMAIL":"Leocholas465@gmail.com","TELP":"0617364955","EXPIRED":null},{"NIM":"161402075","PRODI":"1011","TGL_REGISTRASI":"2016-07-20","KATEGORI":"S-1","NAMA":"JOSEPRI PADANG","TGL_LAHIR":"1998-06-10","JENIS_KELAMIN":"L","ALAMAT":"Prongil Julu","EMAIL":"josepripadang@gmail.com","TELP":"085275559854","EXPIRED":null},{"NIM":"161402076","PRODI":"1011","TGL_REGISTRASI":"2016-07-20","KATEGORI":"S-1","NAMA":"CREDICHIO REDEMTUS TUA SIHOMBING","TGL_LAHIR":"1998-12-01","JENIS_KELAMIN":"L","ALAMAT":"Jln.D.I.Panjaitan no.149","EMAIL":"credichio@gmail.com","TELP":"082361577665","EXPIRED":null},{"NIM":"161402077","PRODI":"1011","TGL_REGISTRASI":"2016-07-20","KATEGORI":"S-1","NAMA":"NOVALINA SIMBOLON","TGL_LAHIR":"1997-11-29","JENIS_KELAMIN":"P","ALAMAT":"Simarsoit Parbuluan VI, Kecamatan Parbuluan, Kabupaten Dairi","EMAIL":"novalina351@gmail.com","TELP":"082274767059","EXPIRED":null},{"NIM":"161402078","PRODI":"1011","TGL_REGISTRASI":"2016-07-20","KATEGORI":"S-1","NAMA":"YASMIN NABILAH DETA","TGL_LAHIR":"1999-03-18","JENIS_KELAMIN":"P","ALAMAT":"JL.SETIA LUHUR NO 117 MEDAN HELVETIA\nKELURAHAN DWIKORA","EMAIL":"yasminnabilahd@gmail.com","TELP":"082165317273","EXPIRED":null},{"NIM":"161402079","PRODI":"1011","TGL_REGISTRASI":"2016-07-20","KATEGORI":"S-1","NAMA":"T.AHSANI TAQWIM WIRAZAMAN  A.","TGL_LAHIR":"1998-01-20","JENIS_KELAMIN":"L","ALAMAT":"Jl. Selamat Gg. Sejahtera No. 05-C RT 005\/ RW 009 Kelurahan Labuhbaru Timur, Kecamatan Payung Sekaki, Kota Pekanbaru.","EMAIL":"trollface9598@gmail.com","TELP":"085363620410","EXPIRED":null},{"NIM":"161402080","PRODI":"1011","TGL_REGISTRASI":"2016-07-20","KATEGORI":"S-1","NAMA":"MARISA RAUDIAH","TGL_LAHIR":"1998-08-31","JENIS_KELAMIN":"P","ALAMAT":"Jl. Mampang Prapatan XI Rt 10\/01 no 29 Jakarta Selatan","EMAIL":"fikacecil@gmail.com","TELP":"02179197257","EXPIRED":null},{"NIM":"161402081","PRODI":"1011","TGL_REGISTRASI":"2016-07-20","KATEGORI":"S-1","NAMA":"RAHMAD AULIA P.B.P NASUTION","TGL_LAHIR":"1998-12-11","JENIS_KELAMIN":"L","ALAMAT":"JL.KARYA JAYA GG.KARYA IKHLAS II NO.8 PANGKALAN MASYUR MEDAN JOHOR","EMAIL":"","TELP":"087768057651","EXPIRED":null},{"NIM":"161402082","PRODI":"1011","TGL_REGISTRASI":"2016-07-20","KATEGORI":"S-1","NAMA":"INDANA FARIZA HIDAYAT","TGL_LAHIR":"1998-11-22","JENIS_KELAMIN":"P","ALAMAT":"Jalan Durung No.151, Sidorejo, Medan Tembung","EMAIL":"indanafariza22@gmail.com","TELP":"085211431264","EXPIRED":null},{"NIM":"161402083","PRODI":"1011","TGL_REGISTRASI":"2016-07-20","KATEGORI":"S-1","NAMA":"ANWAR IRAWAN MENDROFA","TGL_LAHIR":"1998-12-07","JENIS_KELAMIN":"L","ALAMAT":"LINGKUNGAN II PRANCIS, KELURAHAN ALBION PRANCIS, KECAMATAN PINANGSORI","EMAIL":"anwarmendrof@gmail.com","TELP":"0","EXPIRED":null},{"NIM":"161402084","PRODI":"1011","TGL_REGISTRASI":"2016-07-20","KATEGORI":"S-1","NAMA":"RIKI RAMADHAN SYAHPUTRA","TGL_LAHIR":"1997-12-31","JENIS_KELAMIN":"L","ALAMAT":"JL. MALIKUL SLEH KEC. SIMPANG KIRI KOTA SUBULUSSALAM","EMAIL":"rikii.ramadhans","TELP":"085762111556","EXPIRED":null},{"NIM":"161402085","PRODI":"1011","TGL_REGISTRASI":"2016-07-20","KATEGORI":"S-1","NAMA":"M.ROMZI HUMAM","TGL_LAHIR":"1998-07-09","JENIS_KELAMIN":"L","ALAMAT":"Jl. Sei Putih Baru No.21\/28\nMedan","EMAIL":"romzi_humam@yahoo.com","TELP":"089526098459","EXPIRED":null},{"NIM":"161402086","PRODI":"1011","TGL_REGISTRASI":"2016-07-20","KATEGORI":"S-1","NAMA":"M. YUDHA KURNIAWAN","TGL_LAHIR":"1998-03-17","JENIS_KELAMIN":"L","ALAMAT":"Jl. Gugus Depan no. 19, Binjai Kota","EMAIL":"yudhakurniawanx2@gmail.com","TELP":"081370383621","EXPIRED":null},{"NIM":"161402087","PRODI":"1011","TGL_REGISTRASI":"2016-07-21","KATEGORI":"S-1","NAMA":"TALITHA AZURA PUTRI AULIA","TGL_LAHIR":"1998-10-10","JENIS_KELAMIN":"P","ALAMAT":"Jl. Suka Elok (Komp. Puri Suka Elok Permai) no.4E","EMAIL":"rara.arisandi@yahoo.com","TELP":"085218204035","EXPIRED":null},{"NIM":"161402088","PRODI":"1011","TGL_REGISTRASI":"2016-07-21","KATEGORI":"S-1","NAMA":"ANDINI PRATIWI","TGL_LAHIR":"1998-12-04","JENIS_KELAMIN":"P","ALAMAT":"Jl. Kemuning LK III","EMAIL":"andini.cs22@yahoo.com","TELP":"085361518590","EXPIRED":null},{"NIM":"161402089","PRODI":"1011","TGL_REGISTRASI":"2016-07-21","KATEGORI":"S-1","NAMA":"MUHAMMAD FADLI","TGL_LAHIR":"1997-12-22","JENIS_KELAMIN":"L","ALAMAT":"Jln. Sutrisno no 732 kec.Medan are","EMAIL":"muhammad_fadli_2212@yahoo.com","TELP":"082210568670","EXPIRED":null},{"NIM":"161402090","PRODI":"1011","TGL_REGISTRASI":"2016-07-21","KATEGORI":"S-1","NAMA":"MIKHAEL ELIFELE NAPITUPULU","TGL_LAHIR":"1999-01-23","JENIS_KELAMIN":"L","ALAMAT":"Jl. D.I. Panjaitan no. 2A, Belakang Veteran, Tarutung","EMAIL":"mikael.napitupulu@gmail.com","TELP":"082367144322","EXPIRED":null},{"NIM":"161402091","PRODI":"1011","TGL_REGISTRASI":"2016-07-21","KATEGORI":"S-1","NAMA":"SAMUEL TARIO SITEPU","TGL_LAHIR":"1998-06-01","JENIS_KELAMIN":"L","ALAMAT":"JALAN KARYA WISATA ujung No.35","EMAIL":"tario.s@yahoo.com","TELP":"0617882077","EXPIRED":null},{"NIM":"161402093","PRODI":"1011","TGL_REGISTRASI":"2016-07-21","KATEGORI":"S-1","NAMA":"HAGEL BAGUSTIAWAN S","TGL_LAHIR":"1998-08-30","JENIS_KELAMIN":"L","ALAMAT":"KOMP PERUM BRR PULAU SAROK JALUIR 8 NO. 699","EMAIL":"hagel.bagustiawan@gmail.com","TELP":"085206735440","EXPIRED":null},{"NIM":"161402094","PRODI":"1011","TGL_REGISTRASI":"2016-07-21","KATEGORI":"S-1","NAMA":"GISTYA FAKHRANI","TGL_LAHIR":"1999-08-30","JENIS_KELAMIN":"P","ALAMAT":"Jalan Raja Inal Siregar Perumahan Dinas Tenaga Kerja Transmigrasi dan Sosial Batunadua Padangsidimpuan","EMAIL":"fakhranig@yahoo.com","TELP":"082273455773","EXPIRED":null},{"NIM":"161402095","PRODI":"1011","TGL_REGISTRASI":"2016-07-21","KATEGORI":"S-1","NAMA":"RAY HANDRI KESUMA SINAGA","TGL_LAHIR":"1996-10-15","JENIS_KELAMIN":"L","ALAMAT":"Jalan Nagahuta, Gang Rukun, Pematangsiantar","EMAIL":"rayhandrik.sinaga@yahoo.com","TELP":"081260136839","EXPIRED":null},{"NIM":"161402096","PRODI":"1011","TGL_REGISTRASI":"2016-07-21","KATEGORI":"S-1","NAMA":"MELATI ANASTASYA","TGL_LAHIR":"1998-09-12","JENIS_KELAMIN":"P","ALAMAT":"Jalan Sunggal Komplek Sunggal Indah C5","EMAIL":"menantuidaman88@gmail.com","TELP":"081264852338","EXPIRED":null},{"NIM":"161402097","PRODI":"1011","TGL_REGISTRASI":"2016-07-21","KATEGORI":"S-1","NAMA":"RINA AYU WULAN SARI","TGL_LAHIR":"1999-06-09","JENIS_KELAMIN":"P","ALAMAT":"JL SEKSAMA GG IKHLAS NO 20 MEDAN","EMAIL":"rinaayu1999@gmail.com","TELP":"081362110311","EXPIRED":null},{"NIM":"161402098","PRODI":"1011","TGL_REGISTRASI":"2016-07-21","KATEGORI":"S-1","NAMA":"YOSEPH HENDRIKS SIRINGORINGO","TGL_LAHIR":"1998-02-28","JENIS_KELAMIN":"L","ALAMAT":"Jl. Nias Ujung No 67","EMAIL":"siringoringo.y@yahoo.com","TELP":"081360010009","EXPIRED":null},{"NIM":"161402099","PRODI":"1011","TGL_REGISTRASI":"2016-07-21","KATEGORI":"S-1","NAMA":"JESSICA","TGL_LAHIR":"1998-10-04","JENIS_KELAMIN":"P","ALAMAT":"stabat jl. perdamaian gg melati ","EMAIL":"","TELP":"087713813868","EXPIRED":null},{"NIM":"161402100","PRODI":"1011","TGL_REGISTRASI":"2016-07-22","KATEGORI":"S-1","NAMA":"SINTA ANJELINA","TGL_LAHIR":"1998-08-04","JENIS_KELAMIN":"P","ALAMAT":"Jl. Sukajadi no. 61","EMAIL":"sinta.anjelina3930@gmail.com","TELP":"08980802145","EXPIRED":null},{"NIM":"161402101","PRODI":"1011","TGL_REGISTRASI":"2016-07-22","KATEGORI":"S-1","NAMA":"CHYNTIA CLAUDIA","TGL_LAHIR":"1998-07-13","JENIS_KELAMIN":"P","ALAMAT":"JALAN MENTENG II GANG PEMBANGUNAN NO.20 MEDAN","EMAIL":"chyntiaclaudia13@yahoo.co.id","TELP":"082274993844","EXPIRED":null},{"NIM":"161402103","PRODI":"1011","TGL_REGISTRASI":"2016-07-22","KATEGORI":"S-1","NAMA":"MICHAEL YAFDA MARBUN","TGL_LAHIR":"1998-04-21","JENIS_KELAMIN":"L","ALAMAT":"Jalan Perkutut No. 193","EMAIL":"michaelyafda13@gmail.com","TELP":"0618451130","EXPIRED":null},{"NIM":"161402104","PRODI":"1011","TGL_REGISTRASI":"2016-07-22","KATEGORI":"S-1","NAMA":"MUHAMMAD IMAM AL-AMIN","TGL_LAHIR":"1998-09-23","JENIS_KELAMIN":"L","ALAMAT":"Jalan Halat Gang Makmur No.9 Medan","EMAIL":"","TELP":"081269680561","EXPIRED":null},{"NIM":"161402105","PRODI":"1011","TGL_REGISTRASI":"2016-07-22","KATEGORI":"S-1","NAMA":"DEDY SAPUTRA SIREGAR","TGL_LAHIR":"1998-06-05","JENIS_KELAMIN":"L","ALAMAT":"Desa batunanggar kec.batang onang kab.padang lawas utara","EMAIL":"dedysaputrasrgr@gmail.com","TELP":"085373183410","EXPIRED":null},{"NIM":"161402106","PRODI":"1011","TGL_REGISTRASI":"2016-08-09","KATEGORI":"S-1","NAMA":"EMMANUELLA ANGGI SIALLAGAN","TGL_LAHIR":"1999-06-29","JENIS_KELAMIN":"P","ALAMAT":"Jl. Ahmad Yani No. 11 Kupang, Nusa Tenggara Timur","EMAIL":"emma.anggi@gmail.com","TELP":"08129136614","EXPIRED":null},{"NIM":"161402107","PRODI":"1011","TGL_REGISTRASI":"2016-08-09","KATEGORI":"S-1","NAMA":"SYARIFAH ATIKA","TGL_LAHIR":"1998-11-12","JENIS_KELAMIN":"P","ALAMAT":"KOMPLEK TASBIH 2 BLOK 3 NO 91","EMAIL":"saripahatika@gmail.com","TELP":"081376066719","EXPIRED":null},{"NIM":"161402108","PRODI":"1011","TGL_REGISTRASI":"2016-08-09","KATEGORI":"S-1","NAMA":"RANDI EKKLESIA GINTING","TGL_LAHIR":"1997-03-24","JENIS_KELAMIN":"L","ALAMAT":"DUSUN VI BEKULAP DS.BEKULAP KEC.SELESAI","EMAIL":"cthhbb@gmail.com","TELP":"82174305104","EXPIRED":null},{"NIM":"161402109","PRODI":"1011","TGL_REGISTRASI":"2016-08-09","KATEGORI":"S-1","NAMA":"YUDHA PANDU PERKASA","TGL_LAHIR":"1998-06-18","JENIS_KELAMIN":"L","ALAMAT":"jln Granat IV No G-58 Lk I , Komp Pamen\nMedan","EMAIL":"yudhapandu34@gmail.com","TELP":"081260587991","EXPIRED":null},{"NIM":"161402110","PRODI":"1011","TGL_REGISTRASI":"2016-08-09","KATEGORI":"S-1","NAMA":"TIRZA PRISKILA KINANTI SIBUEA","TGL_LAHIR":"1999-03-03","JENIS_KELAMIN":"P","ALAMAT":"Komp. Tata Alam Asri Gaperta Ujung \nJl. Bakti Indah VII No. 108","EMAIL":"tirzasibuea@gmail.com","TELP":"82165747304","EXPIRED":null},{"NIM":"161402111","PRODI":"1011","TGL_REGISTRASI":"2016-08-09","KATEGORI":"S-1","NAMA":"AMANDA NOVIADHINI","TGL_LAHIR":"1998-11-16","JENIS_KELAMIN":"P","ALAMAT":"JL.AMALIUN NO.127","EMAIL":"noviadhinia@yahoo.com","TELP":"087867090044","EXPIRED":null},{"NIM":"161402112","PRODI":"1011","TGL_REGISTRASI":"2016-08-09","KATEGORI":"S-1","NAMA":"DINA TYA ERAWATI SITUMORANG","TGL_LAHIR":"1998-01-04","JENIS_KELAMIN":"P","ALAMAT":"JALAN AZKI ARIS GG BOUGENVILLE","EMAIL":"dinatyaerawaty@gmail.com","TELP":"82174283085","EXPIRED":null},{"NIM":"161402114","PRODI":"1011","TGL_REGISTRASI":"2016-08-10","KATEGORI":"S-1","NAMA":"FAHDI SAIDI LUBIS","TGL_LAHIR":"1998-11-07","JENIS_KELAMIN":"L","ALAMAT":"JLN LAKSANA NO. 15","EMAIL":"saidifahdi@yahoo.com","TELP":"82233957233","EXPIRED":null},{"NIM":"161402115","PRODI":"1011","TGL_REGISTRASI":"2016-08-10","KATEGORI":"S-1","NAMA":"PHILIP HALOMOAN SIMAMORA","TGL_LAHIR":"1998-03-15","JENIS_KELAMIN":"L","ALAMAT":"JL. MERDEKA DESA PASARIBU DOLOKSANGGUL","EMAIL":"simamoraphilip14@gmail.com","TELP":"81263541299","EXPIRED":null},{"NIM":"161402116","PRODI":"1011","TGL_REGISTRASI":"2016-08-10","KATEGORI":"S-1","NAMA":"MUHAMMAD REZA IRSYAD HARAHAP","TGL_LAHIR":"1998-04-29","JENIS_KELAMIN":"L","ALAMAT":"JALAN S.M.RAJA NO.53, KISARAN TIMUR, ASAHAN","EMAIL":"rezairsyad96@gmail.com","TELP":"82179417423","EXPIRED":null},{"NIM":"161402117","PRODI":"1011","TGL_REGISTRASI":"2016-08-10","KATEGORI":"S-1","NAMA":"AMALIA KHAIRINA","TGL_LAHIR":"1998-10-14","JENIS_KELAMIN":"P","ALAMAT":"JLN. SEKIP NO. 61","EMAIL":"amalia_khairina14@yahoo.com","TELP":"081260647610","EXPIRED":null},{"NIM":"161402118","PRODI":"1011","TGL_REGISTRASI":"2016-08-10","KATEGORI":"S-1","NAMA":"DEA AMANDA","TGL_LAHIR":"1998-10-18","JENIS_KELAMIN":"P","ALAMAT":"JLN RAWA CANGKUK 4 NO.50","EMAIL":"dheaamanda18@gmail.com","TELP":"8115123678","EXPIRED":null},{"NIM":"161402119","PRODI":"1011","TGL_REGISTRASI":"2016-08-10","KATEGORI":"S-1","NAMA":"HADHE PANJI KASTOWO","TGL_LAHIR":"1998-04-05","JENIS_KELAMIN":"L","ALAMAT":"JL.BANTENG DUSUN III MEKARSARI, DELISERDANG","EMAIL":"hadhepanji@gmail.com","TELP":"087766331127","EXPIRED":null},{"NIM":"161402120","PRODI":"1011","TGL_REGISTRASI":"2016-08-10","KATEGORI":"S-1","NAMA":"FITRIA ADINE YASMINE BELINDA","TGL_LAHIR":"1997-02-08","JENIS_KELAMIN":"P","ALAMAT":"DUSUN II GG. ABADI NO. 28G DISKI","EMAIL":"adinebelinda@gmail.com","TELP":"082370843306","EXPIRED":null},{"NIM":"161402121","PRODI":"1011","TGL_REGISTRASI":"2016-08-10","KATEGORI":"S-1","NAMA":"BARNABAS JIAN VENTUS SITUMORANG","TGL_LAHIR":"1998-08-07","JENIS_KELAMIN":"L","ALAMAT":"JALAN NEGRI BOSAR NO.35 KELURAHAN NAGAHUTA\nKECAMATAN SIANTAR MARIMBUN. PEMATANG SIANTAR","EMAIL":"barnabassitumorang@gmail.com","TELP":"+6282294190036","EXPIRED":null},{"NIM":"161402122","PRODI":"1011","TGL_REGISTRASI":"2016-08-10","KATEGORI":"S-1","NAMA":"SARAH CHARISA YOSEPHIN PASARIBU","TGL_LAHIR":"1999-05-11","JENIS_KELAMIN":"P","ALAMAT":"JL. ANJELIR NO. 25 BINJAI","EMAIL":"sarahcharisa@gmail.com","TELP":"081376510332","EXPIRED":null},{"NIM":"161402124","PRODI":"1011","TGL_REGISTRASI":"2016-08-10","KATEGORI":"S-1","NAMA":"RAHMADHITA TRI MU ARIFAH","TGL_LAHIR":"1998-12-31","JENIS_KELAMIN":"P","ALAMAT":"JALAN KARYA WISATA KOMPLEK CITRA WISATA BLOK 7\/8","EMAIL":"rahmadhitatrim@yahoo.co.id","TELP":"081336552805","EXPIRED":null},{"NIM":"161402125","PRODI":"1011","TGL_REGISTRASI":"2016-08-10","KATEGORI":"S-1","NAMA":"MUHAMMAD TEGUH SYAHVIRA NASUTION","TGL_LAHIR":"1998-08-05","JENIS_KELAMIN":"L","ALAMAT":"PERUM.JOHOR INDAH PERMAI 1 BLOK K NO.4","EMAIL":"teguh.hartig@gmail.com","TELP":"82272400498","EXPIRED":null},{"NIM":"161402126","PRODI":"1011","TGL_REGISTRASI":"2016-08-10","KATEGORI":"S-1","NAMA":"JISRON MALIK","TGL_LAHIR":"1998-11-05","JENIS_KELAMIN":"L","ALAMAT":"JL.GG RANDU NO.02 RT\/RW.003\/02 JAKARTA TIMUR","EMAIL":"jisron94@gmail.com","TELP":"087784333385","EXPIRED":null},{"NIM":"161402127","PRODI":"1011","TGL_REGISTRASI":"2016-08-10","KATEGORI":"S-1","NAMA":"PRATIWI ROHNOLA RESTU SINAMO","TGL_LAHIR":"1998-04-03","JENIS_KELAMIN":"P","ALAMAT":"JL. AIR BERSIH KOMPLEK SENTRUM GKPPD, SIDIKALANG","EMAIL":"pratiwisinamo@yahoo.com","TELP":"081361330797","EXPIRED":null},{"NIM":"161402128","PRODI":"1011","TGL_REGISTRASI":"2016-08-10","KATEGORI":"S-1","NAMA":"LESTI REIHAN SIREGAR","TGL_LAHIR":"1998-11-13","JENIS_KELAMIN":"P","ALAMAT":"Jl. Madrasah No. 150 Desa Purwodadi Kec. P.Sidimpuan Batunadua","EMAIL":"lestireihan825@gmail.com","TELP":"081269326579","EXPIRED":null},{"NIM":"161402129","PRODI":"1011","TGL_REGISTRASI":"2016-08-11","KATEGORI":"S-1","NAMA":"NADYA SARI DAMANIK","TGL_LAHIR":"1998-11-04","JENIS_KELAMIN":"P","ALAMAT":"JALAN SETIA BUDI PASAR 2 KOMPLEK THI BLOK A-16","EMAIL":"nadya.sari@rocketmail.com","TELP":"0618216834","EXPIRED":null},{"NIM":"161402130","PRODI":"1011","TGL_REGISTRASI":"2016-08-11","KATEGORI":"S-1","NAMA":"YUNITA S MARITO PANE","TGL_LAHIR":"1998-06-22","JENIS_KELAMIN":"P","ALAMAT":"JL. WJAYA KUSUMA D1","EMAIL":"yunitasmaritop@yahoo.com","TELP":"82177500816","EXPIRED":null},{"NIM":"161402131","PRODI":"1011","TGL_REGISTRASI":"2016-08-11","KATEGORI":"S-1","NAMA":"AGNES MANURUNG","TGL_LAHIR":"1998-08-04","JENIS_KELAMIN":"P","ALAMAT":"JL. VIYATA YUDHA NO 261 B","EMAIL":"agnesnesa0408@gmail.com","TELP":"082167743747","EXPIRED":null},{"NIM":"161402133","PRODI":"1011","TGL_REGISTRASI":"2016-08-11","KATEGORI":"S-1","NAMA":"SONDANG TESALONIKA SIMANJUNTAK","TGL_LAHIR":"1998-03-31","JENIS_KELAMIN":"P","ALAMAT":"JALAN TAPANULI NO.21","EMAIL":"sondang_tessa@yahoo.com","TELP":"82367774295","EXPIRED":null},{"NIM":"161402134","PRODI":"1011","TGL_REGISTRASI":"2016-08-11","KATEGORI":"S-1","NAMA":"GRACE FLORENCE","TGL_LAHIR":"1999-01-12","JENIS_KELAMIN":"P","ALAMAT":"JL. PENDONGKELAN BARU RT 008\/016 NO. 45","EMAIL":"graceflo99@yahoo.com","TELP":"087780818258","EXPIRED":null},{"NIM":"161402135","PRODI":"1011","TGL_REGISTRASI":"2016-08-11","KATEGORI":"S-1","NAMA":"RAFLI AKBAR ARSYAD","TGL_LAHIR":"1998-05-16","JENIS_KELAMIN":"L","ALAMAT":"TASBI 1 BLOK JJ NOMOR 14","EMAIL":"rafliakbararsyad@gmail.com","TELP":"081260660817","EXPIRED":null},{"NIM":"161402137","PRODI":"1011","TGL_REGISTRASI":"2016-08-11","KATEGORI":"S-1","NAMA":"RICARDO RANDAL PANDIA","TGL_LAHIR":"1998-09-28","JENIS_KELAMIN":"L","ALAMAT":"JALAN MURNI NO.6 TANJUNG REJO MEDAN","EMAIL":"ricardorandal32@gmail.com","TELP":"82165611203","EXPIRED":null},{"NIM":"161402138","PRODI":"1011","TGL_REGISTRASI":"2016-08-11","KATEGORI":"S-1","NAMA":"LIANA PARAS MITA","TGL_LAHIR":"1997-10-27","JENIS_KELAMIN":"P","ALAMAT":"JL. MT HARYONO BINJAI UTARA","EMAIL":"lyanaparas@yahoo.co.id","TELP":"82276092399","EXPIRED":null},{"NIM":"161402139","PRODI":"1011","TGL_REGISTRASI":"2016-08-11","KATEGORI":"S-1","NAMA":"KORNELIUS ARDIANTA PURBA","TGL_LAHIR":"1997-04-05","JENIS_KELAMIN":"L","ALAMAT":"JL.lintas timur komplek PTPN 5 Bukit Selasih Riau","EMAIL":"purbacornelius22@yahoo.com","TELP":"81270804349","EXPIRED":null},{"NIM":"161402140","PRODI":"1011","TGL_REGISTRASI":"2016-08-11","KATEGORI":"S-1","NAMA":"RIZKA YULIA RAHMI","TGL_LAHIR":"1997-07-23","JENIS_KELAMIN":"P","ALAMAT":"JALAN VETERAN PASAR X GG KELUARGA NO.106 HELVETIA","EMAIL":"rizkayuliarahmi@gmail.com","TELP":"+6285358996912","EXPIRED":null},{"NIM":"161402141","PRODI":"1011","TGL_REGISTRASI":"2016-08-11","KATEGORI":"S-1","NAMA":"CHRISTINE PRISCILIA SIGALINGGING","TGL_LAHIR":"1998-04-21","JENIS_KELAMIN":"P","ALAMAT":"JLN.PELITA 4 MEDAN PERJUANGAN","EMAIL":"prisciliachristine21@yahoo.com","TELP":"82291537297","EXPIRED":null},{"NIM":"161402142","PRODI":"1011","TGL_REGISTRASI":"2016-08-11","KATEGORI":"S-1","NAMA":"MUHAMMAD RAJAUL GHUFRAN","TGL_LAHIR":"1998-11-14","JENIS_KELAMIN":"L","ALAMAT":"JLN. SETIAJADI NO. 67","EMAIL":"rajaulghufran@gmail.com","TELP":"08113302996","EXPIRED":null},{"NIM":"161402143","PRODI":"1011","TGL_REGISTRASI":"2016-08-11","KATEGORI":"S-1","NAMA":"GEBRIEL JULIENDI SITORUS","TGL_LAHIR":"1998-07-03","JENIS_KELAMIN":"L","ALAMAT":"JALAN BIOLA GANG PIANO NO 11 SELAMBO AMPLAS","EMAIL":"gebrielsitorus@gmail.com","TELP":"08126352754","EXPIRED":null},{"NIM":"161402144","PRODI":"1011","TGL_REGISTRASI":"2016-08-11","KATEGORI":"S-1","NAMA":"JOHANNA AULIA","TGL_LAHIR":"1998-05-14","JENIS_KELAMIN":"P","ALAMAT":"JLN. ASRAMA KOMPLEK BUMI ASRI BLOK B 192","EMAIL":"johanna_aulia@yahoo.com","TELP":"811656091","EXPIRED":null},{"NIM":"161402145","PRODI":"1011","TGL_REGISTRASI":"2016-08-12","KATEGORI":"S-1","NAMA":"SORAYA HUMAIRA","TGL_LAHIR":"1997-03-10","JENIS_KELAMIN":"P","ALAMAT":"DUSUN II CEMPAKA DESA PAYA PERUPUK KECAMATAN TANJUNG PURA LANGKAT","EMAIL":"soraya_humaira@yahoo.com","TELP":"81370920467","EXPIRED":null},{"NIM":"161402146","PRODI":"1011","TGL_REGISTRASI":"2016-08-12","KATEGORI":"S-1","NAMA":"ZICO ENRIQUE BUKIT","TGL_LAHIR":"1997-12-06","JENIS_KELAMIN":"L","ALAMAT":"JL. BALAI DESA NO.61","EMAIL":"aswet556@gmail.com","TELP":"081325914974","EXPIRED":null}]