[{"NIM":"171402001","PRODI":"1011","TGL_REGISTRASI":"2017-05-30","KATEGORI":"S-1","NAMA":"Nadia Nasywa Lubis","TGL_LAHIR":"1999-05-25","JENIS_KELAMIN":"P","ALAMAT":"Jl. Marelan VII Gg. Amal I No. 20 Pasar I Tengah, Kel. Tanah 600, Kec. Medan Marelan","EMAIL":"nadianasywa99@gmail.com","TELP":"085261038494","EXPIRED":null},{"NIM":"171402002","PRODI":"1011","TGL_REGISTRASI":"2017-05-30","KATEGORI":"S-1","NAMA":"Grace Sella Br. Ginting","TGL_LAHIR":"1999-11-01","JENIS_KELAMIN":"P","ALAMAT":"Jalan Kapitan Purba No.28, Perumnas Simalingkar","EMAIL":"gracesella63@gmail.com","TELP":"082267136523","EXPIRED":null},{"NIM":"171402003","PRODI":"1011","TGL_REGISTRASI":"2017-05-30","KATEGORI":"S-1","NAMA":"FIFI ANGRENI BR.GTG","TGL_LAHIR":"1999-08-30","JENIS_KELAMIN":"P","ALAMAT":"Jalan. Bunga Turi 1 Blok C 4 No. 4","EMAIL":"fifiangreni30@gmail.com","TELP":"081376936826","EXPIRED":null},{"NIM":"171402004","PRODI":"1011","TGL_REGISTRASI":"2017-05-30","KATEGORI":"S-1","NAMA":"Jackie Chandra","TGL_LAHIR":"2000-04-07","JENIS_KELAMIN":"L","ALAMAT":"Jalan Medan-Kisaran Desa Tanjung Gading Dusun Anggrek Lingkungan 3 No 13 Kecamatan Sei Suka","EMAIL":"jackiechandra70@gmail.com","TELP":"082368121574","EXPIRED":null},{"NIM":"171402005","PRODI":"1011","TGL_REGISTRASI":"2017-05-30","KATEGORI":"S-1","NAMA":"Nabila Sagita","TGL_LAHIR":"1999-12-01","JENIS_KELAMIN":"P","ALAMAT":"Jalan Bandar Jawa perluasan kp.jawa  Perdagangan 3","EMAIL":"n.sagita47@gmail.com","TELP":"082267961957","EXPIRED":null},{"NIM":"171402006","PRODI":"1011","TGL_REGISTRASI":"2017-05-30","KATEGORI":"S-1","NAMA":"Teddy Ferdinand Lubis","TGL_LAHIR":"1999-07-27","JENIS_KELAMIN":"L","ALAMAT":"Perum Paya Sari No. 123 Dusun III Paya Geli Sunggal","EMAIL":"teddylubis27@gmail.com","TELP":"082165657645","EXPIRED":null},{"NIM":"171402007","PRODI":"1011","TGL_REGISTRASI":"2017-05-30","KATEGORI":"S-1","NAMA":"Melati Yulvira Salsabila","TGL_LAHIR":"1999-10-19","JENIS_KELAMIN":"P","ALAMAT":"Dusun X RSTS Desa Tebing Tj. Selamat Kec. Padang Tualang","EMAIL":"salsabilyume19@gmail.com","TELP":"082297057403","EXPIRED":null},{"NIM":"171402008","PRODI":"1011","TGL_REGISTRASI":"2017-05-30","KATEGORI":"S-1","NAMA":"Lisa Ayuning Tias","TGL_LAHIR":"1999-05-13","JENIS_KELAMIN":"P","ALAMAT":"DUSUN V DAMULI KEBUN KEC.KUALUH SELATAN KAB.LABUHANBATU UTARA","EMAIL":"tiassyu945@gmail.com","TELP":"085296772319","EXPIRED":null},{"NIM":"171402009","PRODI":"1011","TGL_REGISTRASI":"2017-05-30","KATEGORI":"S-1","NAMA":"Miftah Aulia","TGL_LAHIR":"1999-09-25","JENIS_KELAMIN":"L","ALAMAT":"Jl. Sekata Lingk. XVI No. 10 Kel. Sei Agul, Kec. Medan Barat","EMAIL":"miftahaulia77@gmail.com","TELP":"089617680926","EXPIRED":null},{"NIM":"171402010","PRODI":"1011","TGL_REGISTRASI":"2017-06-05","KATEGORI":"S-1","NAMA":"Adelia Salmah Siregar","TGL_LAHIR":"1999-04-12","JENIS_KELAMIN":"P","ALAMAT":"JL VINUS RAYA NO 04 PERUMNAS PIJORKOLING,PADANGSIDIMPUAN TENGGARA","EMAIL":"elviharahap98@gmail.com","TELP":null,"EXPIRED":null},{"NIM":"171402011","PRODI":"1011","TGL_REGISTRASI":"2017-05-30","KATEGORI":"S-1","NAMA":"Nabila Azzahra","TGL_LAHIR":"2000-02-19","JENIS_KELAMIN":"P","ALAMAT":"Jalan Karya 2 Komplek Helvetia Indah No. 26","EMAIL":"nabilaazzhr00@gmail.com","TELP":"081396926920","EXPIRED":null},{"NIM":"171402012","PRODI":"1011","TGL_REGISTRASI":"2017-05-30","KATEGORI":"S-1","NAMA":"Aflah Mutsanni Pulungan","TGL_LAHIR":"1999-09-02","JENIS_KELAMIN":"P","ALAMAT":"Jl. Bakti Abri, Panyabungan, Mandailing Natal","EMAIL":"aflahmutsanni01@yahoo.com","TELP":"081263334181","EXPIRED":null},{"NIM":"171402013","PRODI":"1011","TGL_REGISTRASI":"2017-05-30","KATEGORI":"S-1","NAMA":"Rezky Febry Dawanti","TGL_LAHIR":"2000-02-25","JENIS_KELAMIN":"P","ALAMAT":"JL KL YOS SUDARSO LK V","EMAIL":"febrydawanti@yahoo.com","TELP":"082274309452","EXPIRED":null},{"NIM":"171402014","PRODI":"1011","TGL_REGISTRASI":"2017-05-30","KATEGORI":"S-1","NAMA":"Muhammad Farras Siraj Polem","TGL_LAHIR":"1999-03-26","JENIS_KELAMIN":"L","ALAMAT":"Jalan Pattimura  no.38 Gunungsitoli","EMAIL":"farraspolem77@gmail.com","TELP":"082273001640","EXPIRED":null},{"NIM":"171402015","PRODI":"1011","TGL_REGISTRASI":"2017-05-30","KATEGORI":"S-1","NAMA":"M. Rizky Imanta Sitepu","TGL_LAHIR":"1999-11-18","JENIS_KELAMIN":"L","ALAMAT":"Jl. Jamin Ginting no.448a, Padang Bulan","EMAIL":"zirroblack@gmail.com","TELP":"081362374969","EXPIRED":null},{"NIM":"171402016","PRODI":"1011","TGL_REGISTRASI":"2017-05-30","KATEGORI":"S-1","NAMA":"Tria Riskiani","TGL_LAHIR":"1998-12-10","JENIS_KELAMIN":"P","ALAMAT":"DUSUN I SIDORUKUN","EMAIL":"imatria77@gmail.com","TELP":"081263190085","EXPIRED":null},{"NIM":"171402017","PRODI":"1011","TGL_REGISTRASI":"2017-05-30","KATEGORI":"S-1","NAMA":"Muhammad Reza","TGL_LAHIR":"1999-05-18","JENIS_KELAMIN":"L","ALAMAT":"Jl. Pengabdian, Gg. Saga","EMAIL":"rezaslow18@gmail.com","TELP":"082194748611","EXPIRED":null},{"NIM":"171402018","PRODI":"1011","TGL_REGISTRASI":"2017-05-31","KATEGORI":"S-1","NAMA":"Farhan Abdillah","TGL_LAHIR":"1999-10-17","JENIS_KELAMIN":"L","ALAMAT":"JL. VETERAN BIP.LK.III Kelurahan Sinaksak kecamatan Tapian Dolok Kab Simalungun","EMAIL":"abdillahfarhan357@gmail.com","TELP":"085658122349","EXPIRED":null},{"NIM":"171402019","PRODI":"1011","TGL_REGISTRASI":"2017-05-31","KATEGORI":"S-1","NAMA":"Ali Hidayat","TGL_LAHIR":"1999-05-04","JENIS_KELAMIN":"L","ALAMAT":"JALAN PERTAHANAN PATUMBAK GANG MANGGIS","EMAIL":"alihidayat278@gmail.com","TELP":"085262101816","EXPIRED":null},{"NIM":"171402020","PRODI":"1011","TGL_REGISTRASI":"2017-05-31","KATEGORI":"S-1","NAMA":"Riyo Santo Yosep","TGL_LAHIR":"1999-10-17","JENIS_KELAMIN":"L","ALAMAT":"desa lawe kulok, kecamatan lawe bulan","EMAIL":"iyosantoyosep@gmail.com","TELP":"083190425790","EXPIRED":null},{"NIM":"171402021","PRODI":"1011","TGL_REGISTRASI":"2017-05-31","KATEGORI":"S-1","NAMA":"Rizki Noprianita","TGL_LAHIR":"1998-11-21","JENIS_KELAMIN":"P","ALAMAT":"JL. MEDAN-BINJAI KM12,5 NO.108B","EMAIL":"rizkynoprianita998@gmail.com","TELP":"082168570817","EXPIRED":null},{"NIM":"171402022","PRODI":"1011","TGL_REGISTRASI":"2017-05-31","KATEGORI":"S-1","NAMA":"Miranda Damayanti Rambe","TGL_LAHIR":"2000-01-14","JENIS_KELAMIN":"P","ALAMAT":"JL. IKAN BANDENG K-162","EMAIL":"mirandadamayanti0@gmail.com","TELP":"082391969170","EXPIRED":null},{"NIM":"171402023","PRODI":"1011","TGL_REGISTRASI":"2017-05-31","KATEGORI":"S-1","NAMA":"Muhammad Rizki Fatihah","TGL_LAHIR":"2000-01-30","JENIS_KELAMIN":"L","ALAMAT":"Jln.M.Akub Hasibuan,Tj Marulak,Rambutan,Tebing Tinggi","EMAIL":"rizkifatihah42@yahoo.com","TELP":"082165944227","EXPIRED":null},{"NIM":"171402025","PRODI":"1011","TGL_REGISTRASI":"2017-05-31","KATEGORI":"S-1","NAMA":"Ibnu Maulana","TGL_LAHIR":"1999-10-11","JENIS_KELAMIN":"L","ALAMAT":"Jln. Ibrahim Umar No.12 kecamatan Medan Perjuangan, Kota Medan","EMAIL":"maulanaibnu562@yahoo.com","TELP":"085275305872","EXPIRED":null},{"NIM":"171402026","PRODI":"1011","TGL_REGISTRASI":"2017-05-31","KATEGORI":"S-1","NAMA":"Karmila Sinaga","TGL_LAHIR":"1999-05-10","JENIS_KELAMIN":"P","ALAMAT":"JLN. SUNGAI MATI","EMAIL":"millamilla397@gmail.com","TELP":"081370753449","EXPIRED":null},{"NIM":"171402029","PRODI":"1011","TGL_REGISTRASI":"2017-05-31","KATEGORI":"S-1","NAMA":"Indah Ramadani","TGL_LAHIR":"1999-01-25","JENIS_KELAMIN":"P","ALAMAT":"Dusun VIII Desa Aek Korsik Kec. Aek Ledong","EMAIL":" indahramadani265@gmail.com ","TELP":"081375134946","EXPIRED":null},{"NIM":"171402030","PRODI":"1011","TGL_REGISTRASI":"2017-05-31","KATEGORI":"S-1","NAMA":"Taufiq Rourkyendo","TGL_LAHIR":"1998-12-11","JENIS_KELAMIN":"L","ALAMAT":"Jalan Piturah , Gg.Bakti , Pangkalan Berandan, Kab.Langkat, Kec.sei lepan, Kel.Alur Dua","EMAIL":"robinhd300@gmail.com","TELP":"082276648478","EXPIRED":null},{"NIM":"171402031","PRODI":"1011","TGL_REGISTRASI":"2017-05-31","KATEGORI":"S-1","NAMA":"Imam Penggowo Darojatun Sufa","TGL_LAHIR":"1999-07-27","JENIS_KELAMIN":"L","ALAMAT":"JL PELAJAR NO 117 MEDAN","EMAIL":"imampenggowo@gmail.com","TELP":"0","EXPIRED":null},{"NIM":"171402032","PRODI":"1011","TGL_REGISTRASI":"2017-05-31","KATEGORI":"S-1","NAMA":"Muhammad Wahyu Pratama","TGL_LAHIR":"1999-09-23","JENIS_KELAMIN":"L","ALAMAT":"Jln. Sentosa Lama Gg. Antara No. 20","EMAIL":"wahyutama910@yahoo.co.id","TELP":"082272550310","EXPIRED":null},{"NIM":"171402033","PRODI":"1011","TGL_REGISTRASI":"2017-05-31","KATEGORI":"S-1","NAMA":"DAISY SERE DAMARA SIMANGUNSONG","TGL_LAHIR":"1999-05-29","JENIS_KELAMIN":"P","ALAMAT":"JL. Menteng II Gg. Pembangunan No.11","EMAIL":"daisyseredams@gmail.com","TELP":"082360219600","EXPIRED":null},{"NIM":"171402034","PRODI":"1011","TGL_REGISTRASI":"2017-06-02","KATEGORI":"S-1","NAMA":"Fadhilah Annisa","TGL_LAHIR":"1999-06-01","JENIS_KELAMIN":"P","ALAMAT":"Jl.Garu 6 Gg.Kakak Tua No.54 B Medan","EMAIL":"fadhilahannisa16@gmail.com","TELP":"085275414416","EXPIRED":null},{"NIM":"171402035","PRODI":"1011","TGL_REGISTRASI":"2017-06-02","KATEGORI":"S-1","NAMA":"Yusman Tri Klavier Banjarnahor","TGL_LAHIR":"1999-04-30","JENIS_KELAMIN":"L","ALAMAT":"Jl. C. Simanjuntak No. 1 E","EMAIL":"yusman_tri@yahoo.com","TELP":"081260809494 \/ 082272840072","EXPIRED":null},{"NIM":"171402036","PRODI":"1011","TGL_REGISTRASI":"2017-06-02","KATEGORI":"S-1","NAMA":"Ari Rahmansyah Putra","TGL_LAHIR":"1999-01-04","JENIS_KELAMIN":"L","ALAMAT":"Dusun Inpres Desa Sidomakmur Kec. Kuala","EMAIL":"arirahmansyahputra8741@gmail.com","TELP":"082276326556","EXPIRED":null},{"NIM":"171402037","PRODI":"1011","TGL_REGISTRASI":"2017-06-02","KATEGORI":"S-1","NAMA":"M. Rafif Rasyidi","TGL_LAHIR":"1999-09-26","JENIS_KELAMIN":"L","ALAMAT":"JALAN MELUR NOMOR 09 KEL KISARAN NAGA KEC KISARAN TIMUR","EMAIL":"uchiha.rafif@gmail.com","TELP":"082276100081","EXPIRED":null},{"NIM":"171402038","PRODI":"1011","TGL_REGISTRASI":"2017-06-02","KATEGORI":"S-1","NAMA":"Winari Anggani","TGL_LAHIR":"1999-05-28","JENIS_KELAMIN":"P","ALAMAT":"Jalan Tanjung Pura Km 29,5 Tandam Hulu II lorong Purnama Sari Dusun I kecematan Hamparan Perak","EMAIL":"winarikyungsoo28@gmail.com","TELP":"085260747366","EXPIRED":null},{"NIM":"171402039","PRODI":"1011","TGL_REGISTRASI":"2017-06-02","KATEGORI":"S-1","NAMA":"Okky Nadiya","TGL_LAHIR":"1999-10-11","JENIS_KELAMIN":"P","ALAMAT":"JL GATOT SUBROTO KOMPLEK KIWAL LK VII NO B-6","EMAIL":"okkynadiya@yahoo.com","TELP":"082276435342","EXPIRED":null},{"NIM":"171402041","PRODI":"1011","TGL_REGISTRASI":"2017-06-02","KATEGORI":"S-1","NAMA":"Mhd. Amin","TGL_LAHIR":"1999-07-11","JENIS_KELAMIN":"L","ALAMAT":"Jalan Batu No.4C","EMAIL":"muhammadaminn11@gmail.com","TELP":"081536521699","EXPIRED":null},{"NIM":"171402042","PRODI":"1011","TGL_REGISTRASI":"2017-06-02","KATEGORI":"S-1","NAMA":"Zakkarias Siringoringo","TGL_LAHIR":"1999-01-08","JENIS_KELAMIN":"L","ALAMAT":"Lumban Gorat, Desa Simatibung, Kecamatan Laguboti","EMAIL":"zsiringoringo@gmail.com","TELP":"085260493855","EXPIRED":null},{"NIM":"171402043","PRODI":"1011","TGL_REGISTRASI":"2017-06-02","KATEGORI":"S-1","NAMA":"Fakhri Rizha Ananda","TGL_LAHIR":"2001-03-27","JENIS_KELAMIN":"L","ALAMAT":"Jl. Sidodadi Komplek Johor Regency Blok B6","EMAIL":"mr.fakhririzhaa@gmail.com","TELP":"085398652346","EXPIRED":null},{"NIM":"171402045","PRODI":"1011","TGL_REGISTRASI":"2017-07-18","KATEGORI":"S-1","NAMA":"NIA ULAN SARI","TGL_LAHIR":"2000-02-24","JENIS_KELAMIN":"P","ALAMAT":"Jalan Bromo Gang Aman No.20 D , Kelurahan Tegal Sari Mandala III, Kecamatan Medan Denai","EMAIL":"niaulansari24@gmail.com","TELP":"081375059323","EXPIRED":null},{"NIM":"171402046","PRODI":"1011","TGL_REGISTRASI":"2017-07-18","KATEGORI":"S-1","NAMA":"NURUL ANDINI","TGL_LAHIR":"1999-10-18","JENIS_KELAMIN":"P","ALAMAT":"Jalan Beringin Gg. Melinjo No.9 Pasar 7 Tembung","EMAIL":"nurulandini96@gmail.com","TELP":"085836496968","EXPIRED":null},{"NIM":"171402047","PRODI":"1011","TGL_REGISTRASI":"2017-07-18","KATEGORI":"S-1","NAMA":"BELLA OLIVIA PUTRISANNI","TGL_LAHIR":"2000-01-19","JENIS_KELAMIN":"P","ALAMAT":"Jl. Beringin pasar v Gg.Salak 29 No.6 Tembung","EMAIL":"bellaolipsgmail.com","TELP":"085261944922","EXPIRED":null},{"NIM":"171402048","PRODI":"1011","TGL_REGISTRASI":"2017-07-18","KATEGORI":"S-1","NAMA":"ANNISA","TGL_LAHIR":"1999-01-13","JENIS_KELAMIN":"P","ALAMAT":"Jalan Marelan VII Gang Amal Baru No. 16B Medan Marelan","EMAIL":"nisa990113@gmail.com","TELP":"082370456890","EXPIRED":null},{"NIM":"171402049","PRODI":"1011","TGL_REGISTRASI":"2017-07-18","KATEGORI":"S-1","NAMA":"MIFTAH RAFID SYAHRIAL","TGL_LAHIR":"1999-11-10","JENIS_KELAMIN":"L","ALAMAT":"Perum Dasana Indah Blok SJ 4 No. 26-27","EMAIL":"miftahrafid@gmail.com","TELP":"0215463754","EXPIRED":null},{"NIM":"171402050","PRODI":"1011","TGL_REGISTRASI":"2017-07-18","KATEGORI":"S-1","NAMA":"SYARFAN HASRIANSYAH M","TGL_LAHIR":"1999-06-04","JENIS_KELAMIN":"L","ALAMAT":"Jln.Pertahan Gg.Mesjid DSN IV Patumbak","EMAIL":"syarfanhm@yahoo.com","TELP":"0823 6023 1474","EXPIRED":null},{"NIM":"171402051","PRODI":"1011","TGL_REGISTRASI":"2017-07-18","KATEGORI":"S-1","NAMA":"PRATTY JESICA PUTRI PARHUSIP","TGL_LAHIR":"1999-09-20","JENIS_KELAMIN":"P","ALAMAT":"Jalan flamboyan raya gg.jambu no A4 tanjung selamat Medan","EMAIL":"Pratty_jesica@yahoo.com","TELP":"082398702910","EXPIRED":null},{"NIM":"171402052","PRODI":"1011","TGL_REGISTRASI":"2017-07-18","KATEGORI":"S-1","NAMA":"ANANDA MUHARRIZ SINAGA","TGL_LAHIR":"1999-04-18","JENIS_KELAMIN":"L","ALAMAT":"Jl. Pala Raya No. 77 PERUMNAS SIMALINGKAR KEC. PANCUR BATU","EMAIL":"anand.sinaga@gmail.com","TELP":"8361541","EXPIRED":null},{"NIM":"171402053","PRODI":"1011","TGL_REGISTRASI":"2017-07-18","KATEGORI":"S-1","NAMA":"MHD IRFAN FAJAR NST","TGL_LAHIR":"2000-09-05","JENIS_KELAMIN":"L","ALAMAT":"JL.Willem Iskandar No 217\nKel.Sipolu-polu\nKec.Panyabungan\nKab.Mandailing Natal\n","EMAIL":"lovontabersama088@gmail.com","TELP":"082167628129","EXPIRED":null},{"NIM":"171402054","PRODI":"1011","TGL_REGISTRASI":"2017-07-18","KATEGORI":"S-1","NAMA":"ARYA PRATAMA TARIGAN","TGL_LAHIR":"1999-02-19","JENIS_KELAMIN":"L","ALAMAT":"jl. bunga sakura raya komp. MBC NO.C22","EMAIL":"aryaptarigan@yahoo.com","TELP":"0815348045","EXPIRED":null},{"NIM":"171402055","PRODI":"1011","TGL_REGISTRASI":"2017-07-18","KATEGORI":"S-1","NAMA":"SULTAN ALAMSYAH PULUNGAN","TGL_LAHIR":"2000-01-10","JENIS_KELAMIN":"L","ALAMAT":"Jl. Losungbatu-Sabungan Jae Kel. Sabungan Jae Kec. Padangsidimpuan Hutaimbaru","EMAIL":"sultanalamsyah.00psp@gmail.com","TELP":"082233898781","EXPIRED":null},{"NIM":"171402056","PRODI":"1011","TGL_REGISTRASI":"2017-07-18","KATEGORI":"S-1","NAMA":"VARREL PRESTON HERMAN JR","TGL_LAHIR":"1999-12-13","JENIS_KELAMIN":"L","ALAMAT":"jalan sei batu rata no.1 \nkelurahan babura 1\nkecamatan medan baru\nkota medan","EMAIL":"p.11@icloud.com","TELP":"087868610649","EXPIRED":null},{"NIM":"171402057","PRODI":"1011","TGL_REGISTRASI":"2017-07-18","KATEGORI":"S-1","NAMA":"EKA KHAIRANI HUTAURUK","TGL_LAHIR":"1999-10-07","JENIS_KELAMIN":"P","ALAMAT":"Jl. Sempurna Gg. Baru No.72 Kel. Sudirejo 1 Kec. Medan Kota","EMAIL":"ekakhahut10@gmail.com","TELP":"082166363732","EXPIRED":null},{"NIM":"171402058","PRODI":"1011","TGL_REGISTRASI":"2017-07-19","KATEGORI":"S-1","NAMA":"MORIS MARTUA SORMIN","TGL_LAHIR":"1999-03-21","JENIS_KELAMIN":"L","ALAMAT":"Jl.Pelopor Gg.Buntu \nNo.101\nLingkungan XX\nTanjung Mulia \nMedan","EMAIL":"","TELP":"081260345194","EXPIRED":null},{"NIM":"171402059","PRODI":"1011","TGL_REGISTRASI":"2017-07-19","KATEGORI":"S-1","NAMA":"FRANS RICKY RINALDY SAMOSIR","TGL_LAHIR":"1999-07-29","JENIS_KELAMIN":"L","ALAMAT":"Jl. Platina I Lk. IX Gg. Inpres, Titi Papan, Medan Deli","EMAIL":"rickysamosir435@gmail.com","TELP":"0895387713753","EXPIRED":null},{"NIM":"171402061","PRODI":"1011","TGL_REGISTRASI":"2017-07-19","KATEGORI":"S-1","NAMA":"FANI THERESA HUTABARAT","TGL_LAHIR":"1999-10-10","JENIS_KELAMIN":"P","ALAMAT":"Jl. Pelita IV gang Natio No 32","EMAIL":"fanitheresa@gmail.com","TELP":"085296923420","EXPIRED":null},{"NIM":"171402062","PRODI":"1011","TGL_REGISTRASI":"2017-07-19","KATEGORI":"S-1","NAMA":"FREDERIKO HUTAHAEAN","TGL_LAHIR":"1999-06-03","JENIS_KELAMIN":"L","ALAMAT":"Jl.Sang Nau Aluh no.15 Kel.Siopat Suhu, Kec.Siantar Timur, Pematang Siantar","EMAIL":"phansivanderpistar@ymail.com","TELP":"082277410976","EXPIRED":null},{"NIM":"171402064","PRODI":"1011","TGL_REGISTRASI":"2017-07-19","KATEGORI":"S-1","NAMA":"ARLYN PAULUS TELAUMBANUA","TGL_LAHIR":"2000-01-25","JENIS_KELAMIN":"L","ALAMAT":"Jalan Sudirman, Kompleks GKPS , Sarudik, Sibolga Selatan","EMAIL":"arlynpaulus39@yahoo.com","TELP":"085360446500","EXPIRED":null},{"NIM":"171402065","PRODI":"1011","TGL_REGISTRASI":"2017-07-19","KATEGORI":"S-1","NAMA":"DEO PRANATA SILITONGA","TGL_LAHIR":"1997-12-29","JENIS_KELAMIN":"L","ALAMAT":"Jln. Murai No.188 Perbaungan","EMAIL":"deosilitonga999@gmail.com","TELP":"082368585770","EXPIRED":null},{"NIM":"171402066","PRODI":"1011","TGL_REGISTRASI":"2017-07-19","KATEGORI":"S-1","NAMA":"CHATARINA S FRANSISKA SAMOSIR","TGL_LAHIR":"1999-09-12","JENIS_KELAMIN":"P","ALAMAT":"jalan gunung pusuk buhit no.82 kelurahan karo,kecamatan siantar selatan","EMAIL":"samosirchatarina@gmail.com","TELP":"082368301492","EXPIRED":null},{"NIM":"171402067","PRODI":"1011","TGL_REGISTRASI":"2017-07-19","KATEGORI":"S-1","NAMA":"MUHAMMAD BAYHAQI DAULAY","TGL_LAHIR":"1999-04-04","JENIS_KELAMIN":"L","ALAMAT":"Jalan Prof. Dr. Hamka NO.56 Tebing Tinggi","EMAIL":"bayhaqi101@gmail.com","TELP":"081264443338","EXPIRED":null},{"NIM":"171402068","PRODI":"1011","TGL_REGISTRASI":"2017-07-19","KATEGORI":"S-1","NAMA":"MHD. SYAFRIANSYAH","TGL_LAHIR":"1999-01-26","JENIS_KELAMIN":"L","ALAMAT":"JL. A. Yani No. 12 , Kelurahan Kartini Kecamatan Rantau Utara Kabupaten Labuhan Batu, Rantauprapat.","EMAIL":"muhammadsyafriansyah41@gmail.com","TELP":"081365293711","EXPIRED":null},{"NIM":"171402069","PRODI":"1011","TGL_REGISTRASI":"2017-07-19","KATEGORI":"S-1","NAMA":"RIO PRATAMA KARO-KARO","TGL_LAHIR":"1999-09-16","JENIS_KELAMIN":"L","ALAMAT":"Desa Merdeka Kec. Merdeka Kab. Karo","EMAIL":"riobeje87@gmail.com","TELP":"085836470840","EXPIRED":null},{"NIM":"171402071","PRODI":"1011","TGL_REGISTRASI":"2017-07-19","KATEGORI":"S-1","NAMA":"GILBERT SORAI ARO SIHURA","TGL_LAHIR":"2000-03-06","JENIS_KELAMIN":"L","ALAMAT":"JL. Raya Menteng GG. Mangga II No.36A\n","EMAIL":"gilbertsihura@yahoo.com","TELP":"085225201863","EXPIRED":null},{"NIM":"171402072","PRODI":"1011","TGL_REGISTRASI":"2017-07-20","KATEGORI":"S-1","NAMA":"ELTON EDROBELLO PAKPAHAN","TGL_LAHIR":"1998-02-11","JENIS_KELAMIN":"L","ALAMAT":"Batunajagar Kec.Sijamapolang Kab.Humbang Hasundutan","EMAIL":"elton.dryuki1@gmail.com","TELP":"082189676085","EXPIRED":null},{"NIM":"171402073","PRODI":"1011","TGL_REGISTRASI":"2017-07-20","KATEGORI":"S-1","NAMA":"FAKHIRAH MENTAYA","TGL_LAHIR":"1999-08-02","JENIS_KELAMIN":"P","ALAMAT":"Perumahan Menteng Indah Blok E-1 nomor 15","EMAIL":"fakhirahmentaya@gmail.com","TELP":"061-7874508","EXPIRED":null},{"NIM":"171402074","PRODI":"1011","TGL_REGISTRASI":"2017-07-20","KATEGORI":"S-1","NAMA":"ARINDA BELLA PUTRI MANIK","TGL_LAHIR":"2000-07-25","JENIS_KELAMIN":"P","ALAMAT":"Jalan Sidorukun Gang Dollah No.8","EMAIL":"arindabella28@gmail.com","TELP":"085370359435","EXPIRED":null},{"NIM":"171402075","PRODI":"1011","TGL_REGISTRASI":"2017-07-20","KATEGORI":"S-1","NAMA":"JAVIC ROTANSON","TGL_LAHIR":"1999-07-30","JENIS_KELAMIN":"L","ALAMAT":"Jln.Jenggala No.72","EMAIL":"jvc.rotanson@gmail.com","TELP":"081375296540","EXPIRED":null},{"NIM":"171402076","PRODI":"1011","TGL_REGISTRASI":"2017-07-20","KATEGORI":"S-1","NAMA":"JUWITA SARI","TGL_LAHIR":"2000-03-17","JENIS_KELAMIN":"P","ALAMAT":"Jl. Bersama Gg. Keluarga no.10 b","EMAIL":"sarijuwita01@gmail.com","TELP":"082366816954","EXPIRED":null},{"NIM":"171402077","PRODI":"1011","TGL_REGISTRASI":"2017-07-20","KATEGORI":"S-1","NAMA":"MAULANA PRAMISYA RAMADHAN","TGL_LAHIR":"1999-12-28","JENIS_KELAMIN":"L","ALAMAT":"Jalan Lembaga Pemasyarakatan No. 275-B","EMAIL":"pram43@ymail.com","TELP":"085362765769","EXPIRED":null},{"NIM":"171402079","PRODI":"1011","TGL_REGISTRASI":"2017-07-20","KATEGORI":"S-1","NAMA":"AYU LAILA BR. HUTAGALUNG","TGL_LAHIR":"1999-02-15","JENIS_KELAMIN":"P","ALAMAT":"JL.PINTU AIR IV GG.KOLAM JAKA NO.19 MEDAN JOHOR","EMAIL":"ayulaila00@gmail.com","TELP":"082232908170","EXPIRED":null},{"NIM":"171402080","PRODI":"1011","TGL_REGISTRASI":"2017-07-20","KATEGORI":"S-1","NAMA":"VANIA PUTRI SARYANDRA","TGL_LAHIR":"1999-11-23","JENIS_KELAMIN":"P","ALAMAT":"komp.Taman Citra Blok HH no.24 Medan","EMAIL":"vaniaputrisaryandra1999@gmail.com","TELP":"082167895753","EXPIRED":null},{"NIM":"171402081","PRODI":"1011","TGL_REGISTRASI":"2017-07-20","KATEGORI":"S-1","NAMA":"AHMAD ADIL","TGL_LAHIR":"1999-01-08","JENIS_KELAMIN":"L","ALAMAT":"Perumahan Adella 2 C-24, Jl.MT.Haryono, Kelurahan Jati Karya,Kota Binjai 20746","EMAIL":"ahmad.adil819@gmail.com","TELP":"081362985676","EXPIRED":null},{"NIM":"171402082","PRODI":"1011","TGL_REGISTRASI":"2017-07-20","KATEGORI":"S-1","NAMA":"FAHMI RIZAL","TGL_LAHIR":"1998-06-04","JENIS_KELAMIN":"L","ALAMAT":"Jalan Sembada XI Terusan No.11 Koserna, P.Bulan","EMAIL":"fahmirizal55@yahoo.com","TELP":"061-8215966","EXPIRED":null},{"NIM":"171402083","PRODI":"1011","TGL_REGISTRASI":"2017-07-20","KATEGORI":"S-1","NAMA":"TALITHA ASHVI RAYHAN","TGL_LAHIR":"1999-06-24","JENIS_KELAMIN":"P","ALAMAT":"Jl. Flamboyan Raya, Komp. Griya Nusa Tiga, Blok F No 12","EMAIL":"krystalitha@yahoo.com","TELP":"081361575761","EXPIRED":null},{"NIM":"171402084","PRODI":"1011","TGL_REGISTRASI":"2017-07-20","KATEGORI":"S-1","NAMA":"EKA WULANDARI","TGL_LAHIR":"1999-02-20","JENIS_KELAMIN":"P","ALAMAT":"DUSUN I PONCO WARNO","EMAIL":"ekawulandari940@gmail.com","TELP":"082294324604","EXPIRED":null},{"NIM":"171402085","PRODI":"1011","TGL_REGISTRASI":"2017-07-20","KATEGORI":"S-1","NAMA":"NADIA SITI NAMIRA","TGL_LAHIR":"2000-05-14","JENIS_KELAMIN":"P","ALAMAT":"Jl. Rahmadsyah No. 320 Medan\nKel. Kotamatsum I Kec. Medan Area","EMAIL":"nadiasitinamira@yahoo.com","TELP":"081397198741","EXPIRED":null},{"NIM":"171402086","PRODI":"1011","TGL_REGISTRASI":"2017-07-20","KATEGORI":"S-1","NAMA":"M. TAUFIK BASKORO","TGL_LAHIR":"2000-03-20","JENIS_KELAMIN":"L","ALAMAT":"Jalan Kol. M. Haiyar No. 3 Binjai","EMAIL":"baskomro46@gmail.com","TELP":"085260055966","EXPIRED":null},{"NIM":"171402087","PRODI":"1011","TGL_REGISTRASI":"2017-07-20","KATEGORI":"S-1","NAMA":"ARSIL NUGRAHA","TGL_LAHIR":"2000-08-12","JENIS_KELAMIN":"L","ALAMAT":"JL LAKSANA GG GANI NO 17 MEDAN","EMAIL":"nugrahaarsil@gmail.com","TELP":"081260025656","EXPIRED":null},{"NIM":"171402088","PRODI":"1011","TGL_REGISTRASI":"2017-07-20","KATEGORI":"S-1","NAMA":"ARVALINNO","TGL_LAHIR":"1998-07-15","JENIS_KELAMIN":"L","ALAMAT":"Jln. Iskandar Muda No. 57 E","EMAIL":"Arvalinno@gmail.com","TELP":"082316394503","EXPIRED":null},{"NIM":"171402089","PRODI":"1011","TGL_REGISTRASI":"2017-07-20","KATEGORI":"S-1","NAMA":"ALVIN FEBRIANDO","TGL_LAHIR":"2000-03-17","JENIS_KELAMIN":"L","ALAMAT":"Jalan K.H. Wahid Hasyim 15 Binjai","EMAIL":"alvinfebriando@outlook.com","TELP":"085261819944","EXPIRED":null},{"NIM":"171402090","PRODI":"1011","TGL_REGISTRASI":"2017-07-20","KATEGORI":"S-1","NAMA":"MUHAMMAD BAGUS SYAHPUTRA TAMBUNAN","TGL_LAHIR":"1999-07-30","JENIS_KELAMIN":"L","ALAMAT":"Air Genting Dusun 2, Kec. Air Batu","EMAIL":"mhdbagus78@gmail.com","TELP":"082276593144","EXPIRED":null},{"NIM":"171402092","PRODI":"1011","TGL_REGISTRASI":"2017-07-21","KATEGORI":"S-1","NAMA":"MUHAMMAD ULWAN AZMI","TGL_LAHIR":"1998-11-01","JENIS_KELAMIN":"L","ALAMAT":"Jl. Padang No 80a, Lk. VI, Kel. Rambung Dalam, Kec. Binjai Selatan, Kota Binjai","EMAIL":"ulwan.style@gmail.com","TELP":"081362102090","EXPIRED":null},{"NIM":"171402094","PRODI":"1011","TGL_REGISTRASI":"2017-07-21","KATEGORI":"S-1","NAMA":"MHD EGGIA SEBAYANG","TGL_LAHIR":"1999-04-14","JENIS_KELAMIN":"L","ALAMAT":"JL.BUNGA MAWAR XVIII NO.5A P.BULAN SELAYANG II MEDAN.","EMAIL":"emuhammad33@yahoo.com","TELP":"081288351134","EXPIRED":null},{"NIM":"171402095","PRODI":"1011","TGL_REGISTRASI":"2017-07-21","KATEGORI":"S-1","NAMA":"RIZKI AMANDA PUTRI","TGL_LAHIR":"1999-07-21","JENIS_KELAMIN":"P","ALAMAT":"Jl. Medan Tenggara 3 Gg. Silaturrahim No. 15 Medan","EMAIL":"rizkiamandaputri.xiipa1@gmail.com","TELP":"081383761092","EXPIRED":null},{"NIM":"171402096","PRODI":"1011","TGL_REGISTRASI":"2017-07-21","KATEGORI":"S-1","NAMA":"AGUS FERNANDO NAINGGOLAN","TGL_LAHIR":"1999-08-15","JENIS_KELAMIN":"L","ALAMAT":"Medan, Jl Binjai Km 10,8 ","EMAIL":"nagusfernando@gmail.com","TELP":"085261561703","EXPIRED":null},{"NIM":"171402097","PRODI":"1011","TGL_REGISTRASI":"2017-07-21","KATEGORI":"S-1","NAMA":"DINUL IMAN","TGL_LAHIR":"2000-01-12","JENIS_KELAMIN":"L","ALAMAT":"Jl. Mamiyai no.23","EMAIL":"ramadhaniinurul@gmail.com","TELP":"-","EXPIRED":null},{"NIM":"171402099","PRODI":"1011","TGL_REGISTRASI":"2017-07-26","KATEGORI":"S-1","NAMA":"RIO ADITYA","TGL_LAHIR":"1999-11-25","JENIS_KELAMIN":"L","ALAMAT":"JL TUBA IV GG. KELUARGA NO.59B","EMAIL":"rioadm10@gmail.com","TELP":"081360213450","EXPIRED":null},{"NIM":"171402100","PRODI":"1011","TGL_REGISTRASI":"2017-08-02","KATEGORI":"S-1","NAMA":"JESSIE GABRIELLA SILALAHI","TGL_LAHIR":"2000-01-10","JENIS_KELAMIN":"P","ALAMAT":"Jl.Dahlia Perumahan Diamond Residence B-3 Panam , Kecamatan Tampan, Kelurahan Delima, Kota Pekanbaru","EMAIL":"jessiegabriella10@yahoo.com","TELP":"08126305682","EXPIRED":null},{"NIM":"171402101","PRODI":"1011","TGL_REGISTRASI":"2017-08-02","KATEGORI":"S-1","NAMA":"ALWI ARFIZEIN LUBIS","TGL_LAHIR":"1999-06-09","JENIS_KELAMIN":"L","ALAMAT":"Jl. Setia Budi Pasar 1 No. 19 D  Kel. Tanjung Sari Medan","EMAIL":"alwilubis99@gmail.com","TELP":"081362380432","EXPIRED":null},{"NIM":"171402102","PRODI":"1011","TGL_REGISTRASI":"2017-08-02","KATEGORI":"S-1","NAMA":"MERRY VIERCE PURBA","TGL_LAHIR":"1999-05-09","JENIS_KELAMIN":"P","ALAMAT":"Jalan Pelita I Lr. Sepakat No.88","EMAIL":"merryvierce9@gmail.com","TELP":"081260366599","EXPIRED":null},{"NIM":"171402103","PRODI":"1011","TGL_REGISTRASI":"2017-08-02","KATEGORI":"S-1","NAMA":"VINCENSIUS SIMANJUNTAK","TGL_LAHIR":"1999-10-27","JENIS_KELAMIN":"L","ALAMAT":"Jl.Bahagia Gg.Meranti No.76 Medan","EMAIL":"simanjuntak878@gmail.com","TELP":"081285923858","EXPIRED":null},{"NIM":"171402104","PRODI":"1011","TGL_REGISTRASI":"2017-08-02","KATEGORI":"S-1","NAMA":"AZMITHA AZNI","TGL_LAHIR":"1999-05-17","JENIS_KELAMIN":"P","ALAMAT":"DUSUN II KP LALANG","EMAIL":"azmithaazni456@yahoo.com","TELP":"085359908427","EXPIRED":null},{"NIM":"171402105","PRODI":"1011","TGL_REGISTRASI":"2017-08-02","KATEGORI":"S-1","NAMA":"SOPHIA NOLA AMANDA OTTASIO BINTANG","TGL_LAHIR":"2000-08-22","JENIS_KELAMIN":"P","ALAMAT":"Jl jawa komp. Java Nirwana Residence no.48 A","EMAIL":"Sophiabintang22@gmail.com","TELP":"082168487383","EXPIRED":null},{"NIM":"171402106","PRODI":"1011","TGL_REGISTRASI":"2017-08-02","KATEGORI":"S-1","NAMA":"JONATHAN SIMANJUNTAK","TGL_LAHIR":"1999-09-01","JENIS_KELAMIN":"L","ALAMAT":"Jl.Danau Toba Pasar Hasang","EMAIL":"simanjuntakjonathan@yahoo.com","TELP":"082213168474","EXPIRED":null},{"NIM":"171402107","PRODI":"1011","TGL_REGISTRASI":"2017-08-02","KATEGORI":"S-1","NAMA":"ALFI RAYHANANDA","TGL_LAHIR":"1999-05-13","JENIS_KELAMIN":"L","ALAMAT":"Jl. Sutan Soripada Mulia Gg. Serasi No.18","EMAIL":"Alfirayhananda@gmail.com","TELP":"085398312802","EXPIRED":null},{"NIM":"171402108","PRODI":"1011","TGL_REGISTRASI":"2017-08-02","KATEGORI":"S-1","NAMA":"GEUBRIE ROSANNA","TGL_LAHIR":"1999-05-12","JENIS_KELAMIN":"P","ALAMAT":"Jl.Kenari Komplek Bank Duta Ceudah, Uteunbayi No.11 ","EMAIL":"geubrierosanna12@gmail.com","TELP":"082274011832","EXPIRED":null},{"NIM":"171402109","PRODI":"1011","TGL_REGISTRASI":"2017-08-02","KATEGORI":"S-1","NAMA":"NAUFAL AZMI","TGL_LAHIR":"1999-07-01","JENIS_KELAMIN":"L","ALAMAT":"Jl. Sutrisno Gang. Rukun II No. 46 Medan","EMAIL":"naufal.agent9807@yahoo.com","TELP":"061-7365582","EXPIRED":null},{"NIM":"171402110","PRODI":"1011","TGL_REGISTRASI":"2017-08-02","KATEGORI":"S-1","NAMA":"JOSHUA ANDREW IMMANUEL","TGL_LAHIR":"1999-09-18","JENIS_KELAMIN":"L","ALAMAT":"Jalan Sungai Kampar X no 695 RT\/ RW : 14\/01","EMAIL":"josuaandre391@gmail.com","TELP":"082123080126","EXPIRED":null},{"NIM":"171402111","PRODI":"1011","TGL_REGISTRASI":"2017-08-02","KATEGORI":"S-1","NAMA":"DHAFFA SAFIRA AYURA","TGL_LAHIR":"1999-12-30","JENIS_KELAMIN":"P","ALAMAT":"jl cempaka no 72 delitua","EMAIL":"piasafirayu@gmail.com","TELP":"085360906402","EXPIRED":null},{"NIM":"171402112","PRODI":"1011","TGL_REGISTRASI":"2017-08-02","KATEGORI":"S-1","NAMA":"M IHSAN MAULANA","TGL_LAHIR":"1999-11-09","JENIS_KELAMIN":"L","ALAMAT":"JL. BOUGENVILL IV NO 4 MEDAN","EMAIL":"muhammadihsanmaulana562@gmail.com","TELP":"081362214708","EXPIRED":null},{"NIM":"171402113","PRODI":"1011","TGL_REGISTRASI":"2017-08-02","KATEGORI":"S-1","NAMA":"FIRDA MEGA TASYA SIREGAR","TGL_LAHIR":"1999-07-24","JENIS_KELAMIN":"P","ALAMAT":"perumahan bukit mas blok B.19 jln.medan binjai km.16,5 Diski","EMAIL":"firdamega24@gmail.com","TELP":"082168199665","EXPIRED":null},{"NIM":"171402114","PRODI":"1011","TGL_REGISTRASI":"2017-08-02","KATEGORI":"S-1","NAMA":"YUNI SONIA SILALAHI","TGL_LAHIR":"1999-06-05","JENIS_KELAMIN":"P","ALAMAT":"Jl. Kartini no 63 Lk. IV Kel. Kisaran Baru Kec. Kisaran Barat","EMAIL":"yunisilalahi246@gmail.com","TELP":"081360261906","EXPIRED":null},{"NIM":"171402115","PRODI":"1011","TGL_REGISTRASI":"2017-08-02","KATEGORI":"S-1","NAMA":"MUHAMMAD REZKY LUBIS","TGL_LAHIR":"1999-04-09","JENIS_KELAMIN":"L","ALAMAT":"desa gunung tua julu kecamatan panyabungan kabupaten mandailing natal","EMAIL":"rezkymuhammad174@gmail.com","TELP":"085358657433","EXPIRED":null},{"NIM":"171402116","PRODI":"1011","TGL_REGISTRASI":"2017-08-02","KATEGORI":"S-1","NAMA":"DINDA CARLISA SURBAKTI","TGL_LAHIR":"2000-06-28","JENIS_KELAMIN":"P","ALAMAT":"Jalan Primadana No. 1 Komplek Danamon Tanjung Anom","EMAIL":"dindacarlisa123@gmail.com","TELP":"08126412758","EXPIRED":null},{"NIM":"171402117","PRODI":"1011","TGL_REGISTRASI":"2017-08-02","KATEGORI":"S-1","NAMA":"ANNISA ASSYA MAWADDAH","TGL_LAHIR":"1999-11-03","JENIS_KELAMIN":"P","ALAMAT":"Jalan Setia Budi komplek Gradenia Village No.2 Helvetia Timur","EMAIL":"annisaassyamawaddah@gmail.com","TELP":"081275580160","EXPIRED":null},{"NIM":"171402118","PRODI":"1011","TGL_REGISTRASI":"2017-08-02","KATEGORI":"S-1","NAMA":"NUR ATIKAH KARIM LUBIS","TGL_LAHIR":"1999-01-29","JENIS_KELAMIN":"P","ALAMAT":"jalan suka cerdas 4 nomor 3","EMAIL":"nuratikahkarimlbs@gmail.com","TELP":"081339313018","EXPIRED":null},{"NIM":"171402119","PRODI":"1011","TGL_REGISTRASI":"2017-08-02","KATEGORI":"S-1","NAMA":"LENNY BR LUMBAN TOBING","TGL_LAHIR":"1999-10-26","JENIS_KELAMIN":"P","ALAMAT":"JL.Tengku Amir Hamzah Pasar 8 , Lk V ","EMAIL":"lenny_tobing@yahoo.com","TELP":"08126556263","EXPIRED":null},{"NIM":"171402120","PRODI":"1011","TGL_REGISTRASI":"2017-08-02","KATEGORI":"S-1","NAMA":"MAJIDAH ATMAYANA PURBA","TGL_LAHIR":"1998-11-28","JENIS_KELAMIN":"P","ALAMAT":"Jalan Willem Iskandar No. 48 A Panyabungan","EMAIL":"majidahatmayana42@gmail.com","TELP":"081361022446","EXPIRED":null},{"NIM":"171402121","PRODI":"1011","TGL_REGISTRASI":"2017-08-03","KATEGORI":"S-1","NAMA":"DESTRI CELCYLIA SILITONGA","TGL_LAHIR":"1999-12-03","JENIS_KELAMIN":"P","ALAMAT":"Jalan Mangga Raya No. 164 Perumnas Batu. VI Kecamatan Siantar","EMAIL":"destrihoran@gmail.com","TELP":"085277022297","EXPIRED":null},{"NIM":"171402122","PRODI":"1011","TGL_REGISTRASI":"2017-08-03","KATEGORI":"S-1","NAMA":"MUHAMMAD BAIHAQI","TGL_LAHIR":"1999-11-15","JENIS_KELAMIN":"L","ALAMAT":"jalan mojopahit no.69 A","EMAIL":"haqis15@yahoo.com","TELP":"087769541155","EXPIRED":null},{"NIM":"171402123","PRODI":"1011","TGL_REGISTRASI":"2017-08-03","KATEGORI":"S-1","NAMA":"YUAN SENARI JP SITEPU","TGL_LAHIR":"1999-06-25","JENIS_KELAMIN":"L","ALAMAT":"JLN. JAMIN GINTING GG.MAKMUR BERASTAGI ","EMAIL":"yuansenari99@gmail.com","TELP":"0","EXPIRED":null},{"NIM":"171402125","PRODI":"1011","TGL_REGISTRASI":"2017-08-03","KATEGORI":"S-1","NAMA":"ARNESA JULIA DAMANIK","TGL_LAHIR":"1999-07-01","JENIS_KELAMIN":"P","ALAMAT":"Griya Bulian Permai Blok A No 46 RT 003 Kel. Pinang Mancung Kec. Bajenis, Tebing Tinggi, Sumatera Utara","EMAIL":"juliaarnesa@yahoo.com","TELP":"081362226492","EXPIRED":null},{"NIM":"171402126","PRODI":"1011","TGL_REGISTRASI":"2017-08-03","KATEGORI":"S-1","NAMA":"WID YA ANGGI PRATIWI","TGL_LAHIR":"1999-01-03","JENIS_KELAMIN":"P","ALAMAT":"Jl. Bengkulu Gg. Pandan Harum No. 1, Kec. Bukita Raya, Tangkerang Utara, Pekanbaru, Riau","EMAIL":"widyaanggipratiwi@ymail.com","TELP":"0761860678","EXPIRED":null},{"NIM":"171402127","PRODI":"1011","TGL_REGISTRASI":"2017-08-03","KATEGORI":"S-1","NAMA":"LEONARDO HALOMOAN SIADARI","TGL_LAHIR":"1999-07-27","JENIS_KELAMIN":"L","ALAMAT":"KOMPLEKS GRIYA ASAM KUMBANG BLOK A NO 23 \nKELURAHAN TANJUNG SELAMAT \nKECAMATAN MEDAN TUNTUNGAN","EMAIL":"leonardokakoi4@gmail.com","TELP":"081260797777","EXPIRED":null},{"NIM":"171402128","PRODI":"1011","TGL_REGISTRASI":"2017-08-03","KATEGORI":"S-1","NAMA":"MELLY MANURUNG","TGL_LAHIR":"1999-10-18","JENIS_KELAMIN":"P","ALAMAT":"Jl. Pelajar Timur No.195","EMAIL":"mellymanurung40@gmail.com","TELP":"081260387653","EXPIRED":null},{"NIM":"171402129","PRODI":"1011","TGL_REGISTRASI":"2017-08-03","KATEGORI":"S-1","NAMA":"AIDA SURYANA RITONGA","TGL_LAHIR":"1999-02-10","JENIS_KELAMIN":"P","ALAMAT":"Ajamu Dusun IV Teluk Sentosa, Kec. Panai Hulu, Kab. Labuhan Batu.","EMAIL":"aidasr9@gmail.com","TELP":"081370742192","EXPIRED":null},{"NIM":"171402130","PRODI":"1011","TGL_REGISTRASI":"2017-08-03","KATEGORI":"S-1","NAMA":"TARUNA PRAYANTA ABADI TARIGAN","TGL_LAHIR":"1999-03-21","JENIS_KELAMIN":"L","ALAMAT":"Jalan Bantara Raya No. 192 Binjai","EMAIL":"abaditarigan21@gmail.com","TELP":"081264928386","EXPIRED":null},{"NIM":"171402131","PRODI":"1011","TGL_REGISTRASI":"2017-08-03","KATEGORI":"S-1","NAMA":"DICKY ARWANDA PUTRA MELIALA","TGL_LAHIR":"1999-08-07","JENIS_KELAMIN":"L","ALAMAT":"Lingk. V Namo Kumbahang, Kel. Tanjung Langkat, Kec. Salapian","EMAIL":"Dickyarwanda366@gmail.com","TELP":"081361347170","EXPIRED":null},{"NIM":"171402132","PRODI":"1011","TGL_REGISTRASI":"2017-08-03","KATEGORI":"S-1","NAMA":"MURNI ANGGELINA DEBATARAJA","TGL_LAHIR":"1999-06-27","JENIS_KELAMIN":"P","ALAMAT":"Desa Sijarango, Kecamatan Pakkat, Kabupaten Humbang Hsundutan, Provinsi Sumatera Utara","EMAIL":"murniangelina27@gmail.com","TELP":"085210515530","EXPIRED":null},{"NIM":"171402133","PRODI":"1011","TGL_REGISTRASI":"2017-08-03","KATEGORI":"S-1","NAMA":"MILINDA KIRANA BR SEMBIRING","TGL_LAHIR":"2000-01-05","JENIS_KELAMIN":"P","ALAMAT":"JALAN KHAIRIL ANWAR KOMPLEK RSU TANJUNG PURA, KELURAHAN PEKAN TANJUNG PURA, KECAMATAN TANJUNG PURA","EMAIL":"Milindapandia@gmail.com","TELP":"081269609090","EXPIRED":null},{"NIM":"171402134","PRODI":"1011","TGL_REGISTRASI":"2017-08-03","KATEGORI":"S-1","NAMA":"ADE RIZKY","TGL_LAHIR":"1999-10-25","JENIS_KELAMIN":"L","ALAMAT":"Jl.binjai km 10,8 gg sama","EMAIL":"aderizky120@gmail.com","TELP":"081355034630","EXPIRED":null},{"NIM":"171402135","PRODI":"1011","TGL_REGISTRASI":"2017-08-03","KATEGORI":"S-1","NAMA":"HARI IHZA HERLAMBANG","TGL_LAHIR":"2000-01-12","JENIS_KELAMIN":"L","ALAMAT":"JL. SM.Raja No 118 A Binjai LK.IV KEL.SM.REJO KEC.Binjai Timur","EMAIL":"hariihza23@gmail.com","TELP":"085361869229","EXPIRED":null},{"NIM":"171402136","PRODI":"1011","TGL_REGISTRASI":"2017-08-03","KATEGORI":"S-1","NAMA":"ALLEN DAVIS JHONATHAN TAMPUBOLON","TGL_LAHIR":"1999-08-12","JENIS_KELAMIN":"L","ALAMAT":"Jalan Sembada 16 no. 8 F","EMAIL":"allentampubolon12@gmail.com","TELP":"081260664203","EXPIRED":null},{"NIM":"171402137","PRODI":"1011","TGL_REGISTRASI":"2017-08-04","KATEGORI":"S-1","NAMA":"TAMA TAMPUBOLON","TGL_LAHIR":"2000-04-22","JENIS_KELAMIN":"L","ALAMAT":"Jln.Dalil Tani Ujung","EMAIL":"tamatampubolon22@gmail.com","TELP":"082277367494","EXPIRED":null},{"NIM":"171402138","PRODI":"1011","TGL_REGISTRASI":"2017-08-04","KATEGORI":"S-1","NAMA":"ROGATE SOLA FIDE","TGL_LAHIR":"1998-01-13","JENIS_KELAMIN":"L","ALAMAT":"Jalan Partahanan Bosi Hutapea No. 1","EMAIL":"gate20.kent@gmail.com","TELP":"081384734988","EXPIRED":null},{"NIM":"171402139","PRODI":"1011","TGL_REGISTRASI":"2017-08-04","KATEGORI":"S-1","NAMA":"INDI TRI UTAMI BATUBARA","TGL_LAHIR":"1999-08-11","JENIS_KELAMIN":"P","ALAMAT":"Jln.Sakura Raya No.272 Perumnas Helvetia Medan","EMAIL":"indytriutami11@gmail.com","TELP":"087799166268","EXPIRED":null},{"NIM":"171402140","PRODI":"1011","TGL_REGISTRASI":"2017-08-04","KATEGORI":"S-1","NAMA":"PRIMA JULAWAL HARTANTA SURBAKTI","TGL_LAHIR":"1999-07-01","JENIS_KELAMIN":"L","ALAMAT":"Jalan selamat ketaren Komp.Ruko Lahi Raja Munthe Blok C No.05 Kab.Karo Kec.Kabanjahe Sumatra Utara","EMAIL":"julawalprima01@gmail.com","TELP":"085835366400","EXPIRED":null},{"NIM":"171402141","PRODI":"1011","TGL_REGISTRASI":"2017-08-04","KATEGORI":"S-1","NAMA":"FEBRY FERNANDO LUBIS","TGL_LAHIR":"1999-02-23","JENIS_KELAMIN":"L","ALAMAT":"JLN MEDAN L PAKAM KM 18,5","EMAIL":"febryfernando99@gmail.com","TELP":"085275517160","EXPIRED":null},{"NIM":"171402142","PRODI":"1011","TGL_REGISTRASI":"2017-08-04","KATEGORI":"S-1","NAMA":"RAMHEVELIO ADVENDEZ TARIGAN","TGL_LAHIR":"1999-12-19","JENIS_KELAMIN":"L","ALAMAT":"Jalan Jamin Ginting No. 201 Simpang Kampus USU","EMAIL":"radvendez@gmail.com","TELP":"081377044240","EXPIRED":null},{"NIM":"171402143","PRODI":"1011","TGL_REGISTRASI":"2017-08-04","KATEGORI":"S-1","NAMA":"THEODORA RINI KETAREN","TGL_LAHIR":"1998-10-22","JENIS_KELAMIN":"P","ALAMAT":"JL SAMURA GANG MERAK KABANJAHE","EMAIL":"theodorarinik@gmail.com","TELP":"062821563","EXPIRED":null},{"NIM":"171402144","PRODI":"1011","TGL_REGISTRASI":"2017-08-04","KATEGORI":"S-1","NAMA":"BELLA SAVIRA","TGL_LAHIR":"1999-04-29","JENIS_KELAMIN":"P","ALAMAT":"jl. veteran pasar VIII kp.banjar helvetia ","EMAIL":"bellasavira294@gmail.com","TELP":"085262283396","EXPIRED":null},{"NIM":"171402145","PRODI":"1011","TGL_REGISTRASI":"2017-08-04","KATEGORI":"S-1","NAMA":"YUSRIANTONI","TGL_LAHIR":"1999-12-27","JENIS_KELAMIN":"L","ALAMAT":"Jalan Kapten Sumarsono Gang Jambu No. 292","EMAIL":"yusriantoni8@gmail.com","TELP":"083175424194","EXPIRED":null},{"NIM":"171402146","PRODI":"1011","TGL_REGISTRASI":"2017-08-04","KATEGORI":"S-1","NAMA":"YONADHAB PRANATA COKROAMINOTO LAOLI","TGL_LAHIR":"1999-06-11","JENIS_KELAMIN":"L","ALAMAT":"Jl.Flamboyan VII no.34, tj.selamat","EMAIL":"yonadabp@yahoo.com","TELP":"08535856719","EXPIRED":null},{"NIM":"171402147","PRODI":"1011","TGL_REGISTRASI":"2017-08-04","KATEGORI":"S-1","NAMA":"MUHAMMAD FAJAR HARAHAP","TGL_LAHIR":"1999-09-24","JENIS_KELAMIN":"L","ALAMAT":"JALAN PELITA 1 GG SAUDARA NO.2A SIDORAME BARAT II","EMAIL":"fajarharahab@gmail.com","TELP":"082166269349","EXPIRED":null},{"NIM":"171402148","PRODI":"1011","TGL_REGISTRASI":"2017-08-07","KATEGORI":"S-1","NAMA":"Nuraini","TGL_LAHIR":"1999-11-07","JENIS_KELAMIN":"P","ALAMAT":"Jurong tanoh buju, gampong cot bau, sukajaya, sabang","EMAIL":"Nuraiinii1999@gmail.com","TELP":"082168157265","EXPIRED":null},{"NIM":"171402149","PRODI":"1011","TGL_REGISTRASI":"2017-08-08","KATEGORI":"S-1","NAMA":"Aldo Yermisanto Ndun","TGL_LAHIR":"1999-03-06","JENIS_KELAMIN":"L","ALAMAT":"DESA OETUTULU, ROTE BARAT LAUT, ROTE NDAO","EMAIL":"44veiro@gmail.com","TELP":"","EXPIRED":null},{"NIM":"171402150","PRODI":"1011","TGL_REGISTRASI":"2017-08-07","KATEGORI":"S-1","NAMA":"Ariel Febrian","TGL_LAHIR":"1998-02-09","JENIS_KELAMIN":"L","ALAMAT":"Jl. Siti ambia, kab. Aceh singkil","EMAIL":"arielsangtenken@gmail.com","TELP":"081269918734","EXPIRED":null},{"NIM":"171402151","PRODI":"1011","TGL_REGISTRASI":"2017-08-16","KATEGORI":"S-1","NAMA":"ALLIA RANIA","TGL_LAHIR":"1999-03-05","JENIS_KELAMIN":"P","ALAMAT":"JALAN KENARI NO 25 B MEDAN","EMAIL":"raniaallia@yahoo.co.id","TELP":"","EXPIRED":null}]