[{"NIM":"181402001","PRODI":"1011","TGL_REGISTRASI":"2018-06-05","KATEGORI":"S-1","NAMA":"Zhafar Salim","TGL_LAHIR":"2000-02-19","JENIS_KELAMIN":"L","ALAMAT":"JL. Pertahanan Patumbak Perumahan Alam Patumbak Permai Blok J No. 15","EMAIL":"zhafarsalim4@gmail.com","TELP":"081268520341","EXPIRED":null},{"NIM":"181402002","PRODI":"1011","TGL_REGISTRASI":"2018-06-05","KATEGORI":"S-1","NAMA":"Muhammad Ridho","TGL_LAHIR":"2000-07-11","JENIS_KELAMIN":"L","ALAMAT":"jalan.lingkungan IX Wonosari . kelurahan perdamaian , kabupaten langkat","EMAIL":"muhammadridho.mr561@gmail.com","TELP":"085762603580","EXPIRED":null},{"NIM":"181402003","PRODI":"1011","TGL_REGISTRASI":"2018-06-05","KATEGORI":"S-1","NAMA":"Ammar Rafi Afandi Hasibuan","TGL_LAHIR":"2000-11-19","JENIS_KELAMIN":"L","ALAMAT":"Jln STM Lubuk Pakam","EMAIL":"ammar.rafi619@gmail.com","TELP":"081260386954","EXPIRED":null},{"NIM":"181402004","PRODI":"1011","TGL_REGISTRASI":"2018-06-05","KATEGORI":"S-1","NAMA":"Muhammad Arib Naufal Marpaung","TGL_LAHIR":"2000-11-11","JENIS_KELAMIN":"L","ALAMAT":"Jl. Sukarame Ledong Timur","EMAIL":"arib.naufal12@gmail.com","TELP":"082272016848","EXPIRED":null},{"NIM":"181402005","PRODI":"1011","TGL_REGISTRASI":"2018-06-05","KATEGORI":"S-1","NAMA":"Farhan Al Zuhri Nasution","TGL_LAHIR":"2000-12-21","JENIS_KELAMIN":"L","ALAMAT":"Jl. KH. A. Karim gg. Ikhlas no.4","EMAIL":"farhan.alzuhri@gmail.com","TELP":"082165398216","EXPIRED":null},{"NIM":"181402006","PRODI":"1011","TGL_REGISTRASI":"2018-06-05","KATEGORI":"S-1","NAMA":"Nurhaliza Syahfitri","TGL_LAHIR":"2000-11-10","JENIS_KELAMIN":"P","ALAMAT":"Jalan Deblod Sundro no.29","EMAIL":"nurhalizasyaf@gmail.com","TELP":"082369179390","EXPIRED":null},{"NIM":"181402007","PRODI":"1011","TGL_REGISTRASI":"2018-06-05","KATEGORI":"S-1","NAMA":"LIZA SILVANI SUHERI","TGL_LAHIR":"2000-06-06","JENIS_KELAMIN":"P","ALAMAT":"JL. PULAU BELITUNG LK. V, RT\/RW :005\/-, KEL. PERSIAKAN, KEC. PADANG HULU","EMAIL":"lizassuheri@gmail.com","TELP":"085761623826","EXPIRED":null},{"NIM":"181402008","PRODI":"1011","TGL_REGISTRASI":"2018-06-05","KATEGORI":"S-1","NAMA":"ALYA FEBRIANI LUBIS","TGL_LAHIR":"2001-02-26","JENIS_KELAMIN":"P","ALAMAT":"Jl rakyat gg blok a no 77","EMAIL":"alyafebrianilubis@gmail.com","TELP":"082162427217","EXPIRED":null},{"NIM":"181402009","PRODI":"1011","TGL_REGISTRASI":"2018-06-05","KATEGORI":"S-1","NAMA":"Amira Nurul Amanda","TGL_LAHIR":"2001-07-28","JENIS_KELAMIN":"P","ALAMAT":"Perumahan Grand Sememe Residence blok.M-06 Jl.Pamah Delitua","EMAIL":"amiraamandanurul@gmail.com","TELP":"081265331808","EXPIRED":null},{"NIM":"181402010","PRODI":"1011","TGL_REGISTRASI":"2018-06-05","KATEGORI":"S-1","NAMA":"M HAIKAL ALFANSYAH","TGL_LAHIR":"2000-05-05","JENIS_KELAMIN":"L","ALAMAT":"Dusun 1 desa Padang tualang","EMAIL":"Haikal_alfansyah@yahoo.com","TELP":"082366166440","EXPIRED":null},{"NIM":"181402011","PRODI":"1011","TGL_REGISTRASI":"2018-06-06","KATEGORI":"S-1","NAMA":"MHD. ALIF FAHMI","TGL_LAHIR":"1999-12-27","JENIS_KELAMIN":"L","ALAMAT":"JL. BILAL GG BAKTI NO.18","EMAIL":"muhammadaliffahmi@yahoo.co.id","TELP":"081361711866","EXPIRED":null},{"NIM":"181402012","PRODI":"1011","TGL_REGISTRASI":"2018-06-06","KATEGORI":"S-1","NAMA":"Muhammad Irsan Maulana","TGL_LAHIR":"2000-01-02","JENIS_KELAMIN":"L","ALAMAT":"Desa Leuge Kecamatan Peureulak","EMAIL":"muhammadirsanmaulana@gmail.com","TELP":"082272321960","EXPIRED":null},{"NIM":"181402013","PRODI":"1011","TGL_REGISTRASI":"2018-06-06","KATEGORI":"S-1","NAMA":"Putri Permata Sari","TGL_LAHIR":"2000-07-08","JENIS_KELAMIN":"P","ALAMAT":"Jl. Alpokat no 8 ","EMAIL":"putsarri@gmail.com","TELP":"081362690067","EXPIRED":null},{"NIM":"181402014","PRODI":"1011","TGL_REGISTRASI":"2018-06-06","KATEGORI":"S-1","NAMA":"PUTRI HANDAYANI MALIK PARINDURI","TGL_LAHIR":"2000-09-27","JENIS_KELAMIN":"P","ALAMAT":"Jalan Bukit Barisan, Kelurahan Kayu Jati, Kecamatan Panyabungan Kota","EMAIL":"putrihandayaniparinduri@gmail.com","TELP":"081360647060","EXPIRED":null},{"NIM":"181402015","PRODI":"1011","TGL_REGISTRASI":"2018-06-06","KATEGORI":"S-1","NAMA":"NADIA FARHANI","TGL_LAHIR":"2000-03-25","JENIS_KELAMIN":"P","ALAMAT":"Dusun VIII, Jl. Benteng, Desa Helvetia, Kec. Labuhan Deli","EMAIL":"hafiz.naura@gmail.com","TELP":"081375359821","EXPIRED":null},{"NIM":"181402016","PRODI":"1011","TGL_REGISTRASI":"2018-06-06","KATEGORI":"S-1","NAMA":"Alya Ananda","TGL_LAHIR":"2000-09-06","JENIS_KELAMIN":"P","ALAMAT":"jalan flamboyan 1 komplek taman asoka asri D 24","EMAIL":"anandalyaaa@gmail.com","TELP":"081397367846","EXPIRED":null},{"NIM":"181402017","PRODI":"1011","TGL_REGISTRASI":"2018-06-06","KATEGORI":"S-1","NAMA":"YEYEN KRISNIANTA TARIGAN","TGL_LAHIR":"1999-09-17","JENIS_KELAMIN":"P","ALAMAT":"JL.KOM.YOS SUDARSO GG.JAMU NO.106 LK.II","EMAIL":"yeyenkrisniantatarigan@gmail.com","TELP":"082298469359","EXPIRED":null},{"NIM":"181402018","PRODI":"1011","TGL_REGISTRASI":"2018-06-06","KATEGORI":"S-1","NAMA":"LOLYVIA KHOIRIA DLY","TGL_LAHIR":"2000-06-29","JENIS_KELAMIN":"P","ALAMAT":"Desa Gunung baringin","EMAIL":"Lolyvia1204@gmail.com","TELP":"085276615000","EXPIRED":null},{"NIM":"181402019","PRODI":"1011","TGL_REGISTRASI":"2018-06-06","KATEGORI":"S-1","NAMA":"Claudia Demita Pasaribu","TGL_LAHIR":"2000-12-16","JENIS_KELAMIN":"P","ALAMAT":"Jl. Jamin ginting km 42, desa batu layang","EMAIL":"","TELP":"085359547997","EXPIRED":null},{"NIM":"181402020","PRODI":"1011","TGL_REGISTRASI":"2018-06-06","KATEGORI":"S-1","NAMA":"Yesika Reni Siregar","TGL_LAHIR":"2000-05-11","JENIS_KELAMIN":"P","ALAMAT":"Jl. Rami IV No. 17","EMAIL":"Yesikareni9@gmail.com","TELP":"081265463191","EXPIRED":null},{"NIM":"181402021","PRODI":"1011","TGL_REGISTRASI":"2018-06-06","KATEGORI":"S-1","NAMA":"RIRIS G.S. GULTOM","TGL_LAHIR":"2001-01-04","JENIS_KELAMIN":"P","ALAMAT":"Tanjung Beringin, Kec.Sumbul.","EMAIL":"ririsgultom412001@gmail.com","TELP":"082162740503","EXPIRED":null},{"NIM":"181402022","PRODI":"1011","TGL_REGISTRASI":"2018-06-06","KATEGORI":"S-1","NAMA":"Astrid Melani Nainggolan","TGL_LAHIR":"2000-07-19","JENIS_KELAMIN":"P","ALAMAT":"Jl. Bajak 2 Villa Gading Mas 3 Blok Q No. 1","EMAIL":"astridmelaninainggolan@gmail.com","TELP":"08126504372","EXPIRED":null},{"NIM":"181402023","PRODI":"1011","TGL_REGISTRASI":"2018-06-06","KATEGORI":"S-1","NAMA":"PUTRI NATASYA","TGL_LAHIR":"2000-07-03","JENIS_KELAMIN":"P","ALAMAT":"DUSUN IV JL.BINJAI KM 10,8 GG.SAMA NO.27","EMAIL":"putrinatasya171@gmail.com","TELP":"081265804855","EXPIRED":null},{"NIM":"181402024","PRODI":"1011","TGL_REGISTRASI":"2018-06-06","KATEGORI":"S-1","NAMA":"SHELLI ATHAYA","TGL_LAHIR":"2000-10-04","JENIS_KELAMIN":"P","ALAMAT":"JL. UTAMA KOMPLEK TAMAN PERMATA BLOK D 131","EMAIL":"Shelli.athaya@gmail.com","TELP":"085260489567","EXPIRED":null},{"NIM":"181402025","PRODI":"1011","TGL_REGISTRASI":"2018-06-06","KATEGORI":"S-1","NAMA":"Alvisyahrin","TGL_LAHIR":"2000-06-20","JENIS_KELAMIN":"L","ALAMAT":"Jl.Lintas sumatera kecamatan Aek Natas Kabupaten LabuhanBatu Utara","EMAIL":"alvialvi2608@gmail.com","TELP":"082272855030","EXPIRED":null},{"NIM":"181402026","PRODI":"1011","TGL_REGISTRASI":"2018-06-06","KATEGORI":"S-1","NAMA":"MHD ARIF PATI PERDANA LUBIS","TGL_LAHIR":"2000-09-13","JENIS_KELAMIN":"L","ALAMAT":"Jl. KH. Zainul Arifin No. 22 Kecamatan Barus","EMAIL":"arifpatilubis@gmail.com","TELP":"085261501564","EXPIRED":null},{"NIM":"181402027","PRODI":"1011","TGL_REGISTRASI":"2018-06-06","KATEGORI":"S-1","NAMA":"Dimas Ridian Supardi","TGL_LAHIR":"2001-05-13","JENIS_KELAMIN":"L","ALAMAT":"Komplek BTN blok b no 8 lingkungan XI","EMAIL":"Farizareza36@yahoo.com","TELP":"082183550065","EXPIRED":null},{"NIM":"181402028","PRODI":"1011","TGL_REGISTRASI":"2018-06-07","KATEGORI":"S-1","NAMA":"ZUHRI ALIM","TGL_LAHIR":"2000-08-30","JENIS_KELAMIN":"L","ALAMAT":"JL.Bunga Kantil VIII N0.89A Sempakata Medan Selayang","EMAIL":"alimzuhri2@gmail.com","TELP":"081361964747","EXPIRED":null},{"NIM":"181402029","PRODI":"1011","TGL_REGISTRASI":"2018-06-07","KATEGORI":"S-1","NAMA":"FIRDHA ISLY RAMADHANI","TGL_LAHIR":"2000-11-30","JENIS_KELAMIN":"P","ALAMAT":"Kota Binjai, Sumatera Utara, Jl. M. T. Haryono, lingkungan 1, Gg. Setia, No. 3","EMAIL":"firdhair30@gmail.com","TELP":"082267263157","EXPIRED":null},{"NIM":"181402030","PRODI":"1011","TGL_REGISTRASI":"2018-06-07","KATEGORI":"S-1","NAMA":"FADEL MAJID MUHAMMAD","TGL_LAHIR":"2000-10-02","JENIS_KELAMIN":"L","ALAMAT":"JL.Bandung , Kelurahan.Pasar Hilir, Kecamatan.Panyabungan.","EMAIL":"Majidray23@gmail.com","TELP":"082272649905","EXPIRED":null},{"NIM":"181402031","PRODI":"1011","TGL_REGISTRASI":"2018-06-07","KATEGORI":"S-1","NAMA":"GARY ALVARO","TGL_LAHIR":"2000-10-01","JENIS_KELAMIN":"L","ALAMAT":"JL. SURAU NO. 11-F MEDAN","EMAIL":"garyalvarowijaya@gmail.com","TELP":"082369573355","EXPIRED":null},{"NIM":"181402032","PRODI":"1011","TGL_REGISTRASI":"2018-06-07","KATEGORI":"S-1","NAMA":"muhammad daifullah","TGL_LAHIR":"2000-06-18","JENIS_KELAMIN":"L","ALAMAT":"jalan rajawali no 55 sei sikambing b medan","EMAIL":"mhddaifullahh@gmail.com","TELP":"085361283636","EXPIRED":null},{"NIM":"181402033","PRODI":"1011","TGL_REGISTRASI":"2018-06-07","KATEGORI":"S-1","NAMA":"Indah Syahputri","TGL_LAHIR":"2000-11-22","JENIS_KELAMIN":"P","ALAMAT":"Jl. Pacul Sendang Rejo Dusun III","EMAIL":"syahputriindah067@gmail.com","TELP":"085835028422","EXPIRED":null},{"NIM":"181402034","PRODI":"1011","TGL_REGISTRASI":"2018-06-07","KATEGORI":"S-1","NAMA":"Muhammad Ridwan Syahputra","TGL_LAHIR":"2000-12-09","JENIS_KELAMIN":"L","ALAMAT":"Jalan Bakti Luhur Gg. Belimbing No. 129D","EMAIL":"readoneneo8@gmail.com","TELP":"081375292041","EXPIRED":null},{"NIM":"181402035","PRODI":"1011","TGL_REGISTRASI":"2018-06-07","KATEGORI":"S-1","NAMA":"MITA AMELIA","TGL_LAHIR":"2001-05-14","JENIS_KELAMIN":"P","ALAMAT":"LINKG SIDO SARI KEL TANJUNG SELAMAT KEC PADANG TUALANG","EMAIL":"mitaammelia07@yahoo.com","TELP":"082277091603","EXPIRED":null},{"NIM":"181402036","PRODI":"1011","TGL_REGISTRASI":"2018-06-07","KATEGORI":"S-1","NAMA":"SITI RAHMA YANI","TGL_LAHIR":"1999-11-27","JENIS_KELAMIN":"P","ALAMAT":"DUSUN MANGGA MAKMUR DESA SINTONG MAKMUR KECAMATAN TANAH PUTIH ","EMAIL":"sitirahmayani557@gmail.com","TELP":"082248929658","EXPIRED":null},{"NIM":"181402037","PRODI":"1011","TGL_REGISTRASI":"2018-06-08","KATEGORI":"S-1","NAMA":"KHAIRUNNISA","TGL_LAHIR":"2001-05-23","JENIS_KELAMIN":"P","ALAMAT":"Jaluk","EMAIL":"","TELP":"082274042327","EXPIRED":null},{"NIM":"181402038","PRODI":"1011","TGL_REGISTRASI":"2018-06-08","KATEGORI":"S-1","NAMA":"Risqina Rahayu Ramadhani","TGL_LAHIR":"2000-12-14","JENIS_KELAMIN":"P","ALAMAT":"Jl. Gatot subroto gg. Damai no. 24","EMAIL":"risqinaramadhani@yahoo.com","TELP":"08113259914","EXPIRED":null},{"NIM":"181402039","PRODI":"1011","TGL_REGISTRASI":"2018-06-08","KATEGORI":"S-1","NAMA":"Nabilah Luthfiyah Nasution","TGL_LAHIR":"2000-11-27","JENIS_KELAMIN":"P","ALAMAT":"Jalan Pukat Banting IV No.27","EMAIL":"nabilahluthfiyah27@gmail.com","TELP":"085362624228","EXPIRED":null},{"NIM":"181402040","PRODI":"1011","TGL_REGISTRASI":"2018-06-08","KATEGORI":"S-1","NAMA":"RAMADHANI","TGL_LAHIR":"2000-01-14","JENIS_KELAMIN":"P","ALAMAT":"KEC. TANJUNG MORAWA, JL.LIMAU MANIS DESA MEDAN SINEMBAH DUSUN IV","EMAIL":"ramadhani4110@gmail.com","TELP":"085361703089","EXPIRED":null},{"NIM":"181402041","PRODI":"1011","TGL_REGISTRASI":"2018-06-08","KATEGORI":"S-1","NAMA":"FUJI ALITA","TGL_LAHIR":"2000-05-15","JENIS_KELAMIN":"P","ALAMAT":"LANGKAT","EMAIL":"fujialita1515@gmail.com","TELP":"085374775142","EXPIRED":null},{"NIM":"181402042","PRODI":"1011","TGL_REGISTRASI":"2018-06-08","KATEGORI":"S-1","NAMA":"MUHAMMAD TAUFIQ HIDAYAT","TGL_LAHIR":"2000-06-07","JENIS_KELAMIN":"L","ALAMAT":"JL. GARU 2A GG. TERATAI NO 42 F, KELURAHAN HARJOSARI 1, KECAMATAN MEDAN AMPLAS","EMAIL":"m.taufikhidayat65@gmail.com","TELP":"085275417412","EXPIRED":null},{"NIM":"181402043","PRODI":"1011","TGL_REGISTRASI":"2018-06-08","KATEGORI":"S-1","NAMA":"MUKHSALMINA","TGL_LAHIR":"2000-03-10","JENIS_KELAMIN":"L","ALAMAT":"JLN KENARI LR. AFFAN YAHYA NO 33B","EMAIL":"","TELP":"081362949961","EXPIRED":null},{"NIM":"181402044","PRODI":"1011","TGL_REGISTRASI":"2018-06-08","KATEGORI":"S-1","NAMA":"Hafiza Azhar","TGL_LAHIR":"2000-10-11","JENIS_KELAMIN":"P","ALAMAT":"Jl. Akub Hasibuan Gg. Triwarga No. 05","EMAIL":"hafizaahr@gmail.com","TELP":"081269393229","EXPIRED":null},{"NIM":"181402045","PRODI":"1011","TGL_REGISTRASI":"2018-07-24","KATEGORI":"S-1","NAMA":"ARYA AHMAD DIANSYAH","TGL_LAHIR":"2000-08-28","JENIS_KELAMIN":"L","ALAMAT":"KOMPLEK GRIYA MARELAN BLOK F NO 11 TITIPAPAN RENGAS PULAU MEDAN","EMAIL":"diansyaharya3@gmail.com","TELP":"0819624521","EXPIRED":null},{"NIM":"181402046","PRODI":"1011","TGL_REGISTRASI":"2018-07-24","KATEGORI":"S-1","NAMA":"PUTRA MULIA RIZKY SELIAN","TGL_LAHIR":"2001-01-24","JENIS_KELAMIN":"L","ALAMAT":"Sabilussalam, Kec. Babul Makmur","EMAIL":"putramulia2001@gmail.com","TELP":"081263133376","EXPIRED":null},{"NIM":"181402047","PRODI":"1011","TGL_REGISTRASI":"2018-07-24","KATEGORI":"S-1","NAMA":"MICHELLE CHRISTINE NATALIA PARDEDE","TGL_LAHIR":"2000-12-08","JENIS_KELAMIN":"P","ALAMAT":"Jl. Tangkul No. 82, Sidorejo Hilir, Medan Tembung","EMAIL":"michellepardede08@gmail.com","TELP":"085261034755","EXPIRED":null},{"NIM":"181402048","PRODI":"1011","TGL_REGISTRASI":"2018-07-24","KATEGORI":"S-1","NAMA":"M BAGOES PRASTYA","TGL_LAHIR":"2000-08-08","JENIS_KELAMIN":"L","ALAMAT":"GRIYA WISATA INDAH BLK G\/285","EMAIL":"bagoesprastya34@gmail.com","TELP":"082274822992","EXPIRED":null},{"NIM":"181402049","PRODI":"1011","TGL_REGISTRASI":"2018-07-24","KATEGORI":"S-1","NAMA":"ANGELI RINAWATI SILABAN","TGL_LAHIR":"2000-02-26","JENIS_KELAMIN":"P","ALAMAT":"Jalan siliwangi no. 3","EMAIL":"26angelsilaban@gmail.com ","TELP":"082273241826","EXPIRED":null},{"NIM":"181402050","PRODI":"1011","TGL_REGISTRASI":"2018-07-24","KATEGORI":"S-1","NAMA":"NALDO YOHARDI","TGL_LAHIR":"2000-04-27","JENIS_KELAMIN":"L","ALAMAT":"Jalan Rachmadsyah No.225\/209","EMAIL":"Naldoyohardi992@gmail.com","TELP":"061 7344623","EXPIRED":null},{"NIM":"181402051","PRODI":"1011","TGL_REGISTRASI":"2018-07-24","KATEGORI":"S-1","NAMA":"ALBERT","TGL_LAHIR":"2000-03-26","JENIS_KELAMIN":"L","ALAMAT":"Komp. Cemara Asri Jl. Violet No. 88H","EMAIL":"albertaries18@gmail.com","TELP":"0895615602585","EXPIRED":null},{"NIM":"181402052","PRODI":"1011","TGL_REGISTRASI":"2018-07-24","KATEGORI":"S-1","NAMA":"LUIS","TGL_LAHIR":"2000-05-29","JENIS_KELAMIN":"L","ALAMAT":"Jalan Brigjend Katamso Komplek Perumahan Baru 2 No. 27","EMAIL":"Luisshu29@gmail.com","TELP":"08126072421","EXPIRED":null},{"NIM":"181402053","PRODI":"1011","TGL_REGISTRASI":"2018-07-24","KATEGORI":"S-1","NAMA":"SORAYA FARIHA","TGL_LAHIR":"2000-08-16","JENIS_KELAMIN":"P","ALAMAT":"Jl. Veteran Gg. Bunga No. 67 Psr. VII Helvetia","EMAIL":"soraya.fariha16@gmail.com","TELP":"082363252440","EXPIRED":null},{"NIM":"181402054","PRODI":"1011","TGL_REGISTRASI":"2018-07-24","KATEGORI":"S-1","NAMA":"ALVIN DAELI","TGL_LAHIR":"2001-02-17","JENIS_KELAMIN":"L","ALAMAT":"Jl. Saudara No. 70","EMAIL":"alvindaeli748@gmail.com","TELP":"085206648373","EXPIRED":null},{"NIM":"181402055","PRODI":"1011","TGL_REGISTRASI":"2018-07-24","KATEGORI":"S-1","NAMA":"LEONARDO WIJAYA","TGL_LAHIR":"2000-08-01","JENIS_KELAMIN":"L","ALAMAT":"Jl.K.H.Z.Arifin No.198 Stabat","EMAIL":"leonardow1800@gmail.com","TELP":"083187986000","EXPIRED":null},{"NIM":"181402056","PRODI":"1011","TGL_REGISTRASI":"2018-07-24","KATEGORI":"S-1","NAMA":"HELMUT SHARON PAKPAHAN","TGL_LAHIR":"1999-10-16","JENIS_KELAMIN":"L","ALAMAT":"Jl.Pertahanan gg.Bandrek Kec.Patumbak","EMAIL":"pakpahan.helmut@gmail.com","TELP":"082170643177","EXPIRED":null},{"NIM":"181402057","PRODI":"1011","TGL_REGISTRASI":"2018-07-24","KATEGORI":"S-1","NAMA":"ULI VALEN HASIANI SINAGA","TGL_LAHIR":"2001-02-13","JENIS_KELAMIN":"P","ALAMAT":"DESA SIMARMATA, KECAMATAN SIMANINDO, KABUPATEN SAMOSIR","EMAIL":"ulivalen01@gmail.com","TELP":"","EXPIRED":null},{"NIM":"181402058","PRODI":"1011","TGL_REGISTRASI":"2018-07-24","KATEGORI":"S-1","NAMA":"INDRIYANI BR SEMBIRING","TGL_LAHIR":"2000-04-25","JENIS_KELAMIN":"P","ALAMAT":"LINK II NAMO DURIAN TANJUNG LANGKAT","EMAIL":"Indriyanisembiring@yahoo.com","TELP":"082370388634","EXPIRED":null},{"NIM":"181402059","PRODI":"1011","TGL_REGISTRASI":"2018-07-24","KATEGORI":"S-1","NAMA":"JEBRI WALYA DEFIT","TGL_LAHIR":"2000-08-12","JENIS_KELAMIN":"L","ALAMAT":"Jalan Bintan gang paris2","EMAIL":"Jebriwalya@gmail.com","TELP":"082284070051","EXPIRED":null},{"NIM":"181402060","PRODI":"1011","TGL_REGISTRASI":"2018-07-24","KATEGORI":"S-1","NAMA":"TIMOTHY SEBASTIAN MARBUN","TGL_LAHIR":"1999-09-14","JENIS_KELAMIN":"L","ALAMAT":"JL PERMAI GG KATIK WALIK NO 16A","EMAIL":"timothysmarbun@yahoo.com","TELP":"085275444963","EXPIRED":null},{"NIM":"181402061","PRODI":"1011","TGL_REGISTRASI":"2018-07-24","KATEGORI":"S-1","NAMA":"ENDITY WASITA ANGKASA","TGL_LAHIR":"2000-07-23","JENIS_KELAMIN":"L","ALAMAT":"Jalan Gunung Krakatau No.64B","EMAIL":"enditywasita@gmail.com","TELP":"08116062115","EXPIRED":null},{"NIM":"181402062","PRODI":"1011","TGL_REGISTRASI":"2018-07-24","KATEGORI":"S-1","NAMA":"YULIA CITRA WARDANI","TGL_LAHIR":"2001-07-10","JENIS_KELAMIN":"P","ALAMAT":"Jl.A.R.Hakim Gg.Kolam No.17","EMAIL":"citrawy@gmail.com","TELP":"08116090616","EXPIRED":null},{"NIM":"181402063","PRODI":"1011","TGL_REGISTRASI":"2018-07-24","KATEGORI":"S-1","NAMA":"DARIUS JASPER MANGARAJAI SIMAMORA","TGL_LAHIR":"2000-06-29","JENIS_KELAMIN":"L","ALAMAT":"Dusun IV Desa Pengalangan , Kec Sei Bamban","EMAIL":"darius.simamora29@gmail.com","TELP":"085280015785","EXPIRED":null},{"NIM":"181402064","PRODI":"1011","TGL_REGISTRASI":"2018-07-25","KATEGORI":"S-1","NAMA":"XIXILLIA SUNARYO","TGL_LAHIR":"2000-11-17","JENIS_KELAMIN":"P","ALAMAT":"Jl. Arif Rahman Hakim no 168","EMAIL":"xixilliasun@gmail.com","TELP":"081973168988","EXPIRED":null},{"NIM":"181402065","PRODI":"1011","TGL_REGISTRASI":"2018-07-25","KATEGORI":"S-1","NAMA":"WILLIAM YUHANDINATA","TGL_LAHIR":"2000-04-12","JENIS_KELAMIN":"L","ALAMAT":"Jln. PukatV no.65D","EMAIL":"william.yuhan@gmail.com","TELP":"082369597774","EXPIRED":null},{"NIM":"181402066","PRODI":"1011","TGL_REGISTRASI":"2018-07-25","KATEGORI":"S-1","NAMA":"JIMMY WIDIANTO","TGL_LAHIR":"2000-08-04","JENIS_KELAMIN":"L","ALAMAT":"Jl. Dr F. L. Tobing no.60E\/72A","EMAIL":"jwidianto48@gmail.com","TELP":"085767803683","EXPIRED":null},{"NIM":"181402067","PRODI":"1011","TGL_REGISTRASI":"2018-07-25","KATEGORI":"S-1","NAMA":"INRY CHELSEA ANIL S","TGL_LAHIR":"2000-09-27","JENIS_KELAMIN":"P","ALAMAT":"JL. GAPERTA UJUNG GG. MARTABE NO. 1","EMAIL":"inrychelsea@gmail.com","TELP":"082267096745","EXPIRED":null},{"NIM":"181402068","PRODI":"1011","TGL_REGISTRASI":"2018-07-25","KATEGORI":"S-1","NAMA":"MHD. LUTHFI YANDIRSYA","TGL_LAHIR":"2000-07-26","JENIS_KELAMIN":"L","ALAMAT":"JL. GAHARU LK. V, JATI MAKMUR, BINJAI UTARA","EMAIL":"luthfiyandirsya48@gmail.com","TELP":"082370056275","EXPIRED":null},{"NIM":"181402069","PRODI":"1011","TGL_REGISTRASI":"2018-07-25","KATEGORI":"S-1","NAMA":"HAFIZH RAFI MUHAMMAD","TGL_LAHIR":"2000-07-28","JENIS_KELAMIN":"L","ALAMAT":"Jl. Damar 1 No. 32","EMAIL":"hafizhrafi28@gmail.com","TELP":"083199806799","EXPIRED":null},{"NIM":"181402070","PRODI":"1011","TGL_REGISTRASI":"2018-07-25","KATEGORI":"S-1","NAMA":"TRI PUTRA","TGL_LAHIR":"2000-10-03","JENIS_KELAMIN":"L","ALAMAT":"Jl. Simalungun Gg. Flamboyan","EMAIL":"","TELP":"085360691920","EXPIRED":null},{"NIM":"181402071","PRODI":"1011","TGL_REGISTRASI":"2018-07-25","KATEGORI":"S-1","NAMA":"YOLENTA PANGGABEAN","TGL_LAHIR":"2000-09-27","JENIS_KELAMIN":"P","ALAMAT":"jalan Batuhoring, Desa Hutagodang, Kec. Batang Toru","EMAIL":"yolentapanggabean4@gmail.com","TELP":"085361688440","EXPIRED":null},{"NIM":"181402072","PRODI":"1011","TGL_REGISTRASI":"2018-07-25","KATEGORI":"S-1","NAMA":"JANRIAN N SIMBOLON","TGL_LAHIR":"2001-01-04","JENIS_KELAMIN":"L","ALAMAT":"Jln. Menteng VII Gg. Simalungun Ujung No. 5","EMAIL":"csryan96@gmail.com","TELP":"085931029669","EXPIRED":null},{"NIM":"181402073","PRODI":"1011","TGL_REGISTRASI":"2018-07-25","KATEGORI":"S-1","NAMA":"RAHMA RAHMAH","TGL_LAHIR":"2000-09-05","JENIS_KELAMIN":"P","ALAMAT":"Dusun 3 Jalan Sei Mencirim Gang Mesjid Payageli ","EMAIL":"rahmarahmah952@gmail.com","TELP":"082166991493","EXPIRED":null},{"NIM":"181402074","PRODI":"1011","TGL_REGISTRASI":"2018-07-25","KATEGORI":"S-1","NAMA":"ALDRICH WILLIAM CHOALES","TGL_LAHIR":"2000-12-03","JENIS_KELAMIN":"L","ALAMAT":"JL. KLY. SUDARSO LK. XI NO. 26G","EMAIL":"liongod452.aw@gmail.com","TELP":"08153515598","EXPIRED":null},{"NIM":"181402075","PRODI":"1011","TGL_REGISTRASI":"2018-07-25","KATEGORI":"S-1","NAMA":"RUTH CALISTA PAULINA SIANIPAR","TGL_LAHIR":"2000-09-20","JENIS_KELAMIN":"P","ALAMAT":"Jalan Setia gang Karya No 7 ","EMAIL":"Ruthcalistas@gmail.com","TELP":"081375716108","EXPIRED":null},{"NIM":"181402076","PRODI":"1011","TGL_REGISTRASI":"2018-07-26","KATEGORI":"S-1","NAMA":"INDAH","TGL_LAHIR":"2000-10-20","JENIS_KELAMIN":"P","ALAMAT":"JLN. IMAM BONJOL NO.258","EMAIL":"pinkzindah@gmail.com","TELP":"","EXPIRED":null},{"NIM":"181402077","PRODI":"1011","TGL_REGISTRASI":"2018-07-26","KATEGORI":"S-1","NAMA":"ABHI RYAN P","TGL_LAHIR":"1999-02-01","JENIS_KELAMIN":"L","ALAMAT":"JL. KARTINI ASPOL NO 30 C\/41 RT. 003 RW 001 KEL. SIMPANG EMPAT KEC. PEKANBARU KOTA","EMAIL":"abhiryan99@gmail.com","TELP":"081363403851","EXPIRED":null},{"NIM":"181402078","PRODI":"1011","TGL_REGISTRASI":"2018-07-26","KATEGORI":"S-1","NAMA":"M ALI AKBAR SINAGA","TGL_LAHIR":"2000-12-08","JENIS_KELAMIN":"L","ALAMAT":"Jl. Setiabudi Pasar 3 Gg Melur 4 No.7","EMAIL":"akbar081200@gmail.com","TELP":"0","EXPIRED":null},{"NIM":"181402079","PRODI":"1011","TGL_REGISTRASI":"2018-07-26","KATEGORI":"S-1","NAMA":"YOEL HEZRON PAULITUA SIMARMATA","TGL_LAHIR":"2001-03-29","JENIS_KELAMIN":"L","ALAMAT":"Jl. Dame Gg. Rela Lk. XV No.3c","EMAIL":"paulituasimarmata9@gmail.com","TELP":"081263506379","EXPIRED":null},{"NIM":"181402080","PRODI":"1011","TGL_REGISTRASI":"2018-07-26","KATEGORI":"S-1","NAMA":"CUT NASYWA YUMNA","TGL_LAHIR":"2000-03-10","JENIS_KELAMIN":"P","ALAMAT":"Jl. Srikandi Gg Aceh","EMAIL":"cutnasywaxmipa6@gmail.com","TELP":"089654365719","EXPIRED":null},{"NIM":"181402081","PRODI":"1011","TGL_REGISTRASI":"2018-07-26","KATEGORI":"S-1","NAMA":"JOYFULL MARTUPA BANJARNAHOR","TGL_LAHIR":"2000-02-09","JENIS_KELAMIN":"L","ALAMAT":"JL. Gereja Jetun","EMAIL":"joymarbun00@gmail.com","TELP":"085362255126","EXPIRED":null},{"NIM":"181402082","PRODI":"1011","TGL_REGISTRASI":"2018-07-26","KATEGORI":"S-1","NAMA":"SUCI KHAIRIAH","TGL_LAHIR":"2001-02-16","JENIS_KELAMIN":"P","ALAMAT":"jln,pringgan ling. IX medan marelan","EMAIL":"sucikhairiah7@gmail.com","TELP":"085762384574","EXPIRED":null},{"NIM":"181402083","PRODI":"1011","TGL_REGISTRASI":"2018-07-26","KATEGORI":"S-1","NAMA":"ERIC SAMUEL SIMBOLON","TGL_LAHIR":"2000-05-03","JENIS_KELAMIN":"L","ALAMAT":"Komplek Perum PT RAPP, Jln Kulim 1 TYPE D.8A, Pangkalan Kerinci, Kabupaten Pelalawan","EMAIL":"ericcrozz@yahoo.com","TELP":"08117688843","EXPIRED":null},{"NIM":"181402084","PRODI":"1011","TGL_REGISTRASI":"2018-07-26","KATEGORI":"S-1","NAMA":"ANDRIAN SEBAYANG","TGL_LAHIR":"2000-11-26","JENIS_KELAMIN":"L","ALAMAT":"Kompleks Puskesmas Sukaraya,Dusun Pembangunan, Desa Sukaraya","EMAIL":"","TELP":"0","EXPIRED":null},{"NIM":"181402085","PRODI":"1011","TGL_REGISTRASI":"2018-07-26","KATEGORI":"S-1","NAMA":"MOHAMAD NIZAM","TGL_LAHIR":"1999-07-17","JENIS_KELAMIN":"L","ALAMAT":"Jl. Platina Raya No. 33 C Marelan","EMAIL":"mohamadnizam137@outlook.com","TELP":"082165432015","EXPIRED":null},{"NIM":"181402086","PRODI":"1011","TGL_REGISTRASI":"2018-07-26","KATEGORI":"S-1","NAMA":"MUHAMMAD ELDWIN PASARIBU","TGL_LAHIR":"2001-04-17","JENIS_KELAMIN":"L","ALAMAT":"Jl. Sei Batang Serangan Komp. Perum. Asabri No.14","EMAIL":"peldwin@gmail.com","TELP":"082272355443","EXPIRED":null},{"NIM":"181402087","PRODI":"1011","TGL_REGISTRASI":"2018-07-26","KATEGORI":"S-1","NAMA":"TIARA AMALIA","TGL_LAHIR":"2000-09-28","JENIS_KELAMIN":"P","ALAMAT":"Jalan kenari nomor 13 Medan","EMAIL":"tiaraamalia18@gmail.com","TELP":"082165285821","EXPIRED":null},{"NIM":"181402088","PRODI":"1011","TGL_REGISTRASI":"2018-07-26","KATEGORI":"S-1","NAMA":"RINI HARYATI","TGL_LAHIR":"1999-07-16","JENIS_KELAMIN":"P","ALAMAT":"JL UTAMA GG TENGAH I NO 7","EMAIL":"rinharyat1607@gmail.com","TELP":"082370733870","EXPIRED":null},{"NIM":"181402089","PRODI":"1011","TGL_REGISTRASI":"2018-07-27","KATEGORI":"S-1","NAMA":"MONIKA LAURENSIA PASARIBU","TGL_LAHIR":"1999-07-20","JENIS_KELAMIN":"P","ALAMAT":"Jl. Setia Budi Tanjung Sari Pasar II Gg. Bunga Dewi VIII No. 112","EMAIL":"monika200799@gmail.com","TELP":"083199161776","EXPIRED":null},{"NIM":"181402090","PRODI":"1011","TGL_REGISTRASI":"2018-07-27","KATEGORI":"S-1","NAMA":"KARINA PUTRI KABAN","TGL_LAHIR":"2001-07-25","JENIS_KELAMIN":"P","ALAMAT":"jln.flamboyan I no.14 medan","EMAIL":"karinakaban01@gmail.com","TELP":"081902397768","EXPIRED":null},{"NIM":"181402091","PRODI":"1011","TGL_REGISTRASI":"2018-07-27","KATEGORI":"S-1","NAMA":"DAVID BACHTIAR SIMBOLON","TGL_LAHIR":"1999-10-06","JENIS_KELAMIN":"L","ALAMAT":"JALAN S.PARMAN, NO. 127, SIBOLGA","EMAIL":"davidbachtiar33@gmail.com","TELP":"081362993769","EXPIRED":null},{"NIM":"181402092","PRODI":"1011","TGL_REGISTRASI":"2018-07-27","KATEGORI":"S-1","NAMA":"ZAKI AFIFI","TGL_LAHIR":"2000-10-31","JENIS_KELAMIN":"L","ALAMAT":"Jalan Garu 2 A No. 52E Medan Amplas","EMAIL":"Zakiafifi.za@gmail.com","TELP":"081283120817","EXPIRED":null},{"NIM":"181402093","PRODI":"1011","TGL_REGISTRASI":"2018-07-27","KATEGORI":"S-1","NAMA":"IAN ARIESSA SITORUS","TGL_LAHIR":"2001-03-29","JENIS_KELAMIN":"L","ALAMAT":"LAE PANGINUMAN DUSUN II","EMAIL":"sitorus1417@gmail.com","TELP":"081362384653","EXPIRED":null},{"NIM":"181402094","PRODI":"1011","TGL_REGISTRASI":"2018-07-27","KATEGORI":"S-1","NAMA":"FIQRI M ZUHAIR POHAN","TGL_LAHIR":"2000-12-05","JENIS_KELAMIN":"L","ALAMAT":"Jl. Sisingamanga Raja XXIII NO.10","EMAIL":"","TELP":"082274376863","EXPIRED":null},{"NIM":"181402095","PRODI":"1011","TGL_REGISTRASI":"2018-07-27","KATEGORI":"S-1","NAMA":"ALASKA NAPITUPULU","TGL_LAHIR":"1999-07-20","JENIS_KELAMIN":"L","ALAMAT":"Jalan Karantina Asrama Singgasana 3 No. K 38","EMAIL":"napitupulu_alaska@yahoo.com","TELP":"082267440445","EXPIRED":null},{"NIM":"181402096","PRODI":"1011","TGL_REGISTRASI":"2018-07-27","KATEGORI":"S-1","NAMA":"DANIEL BAGINDA HASOLOAN MARPAUNG\t","TGL_LAHIR":"1999-01-15","JENIS_KELAMIN":"L","ALAMAT":"Jalan Nyiur Raya 1 Nomor 12H","EMAIL":"danielbaginda1501@gmail.com","TELP":"081266801833","EXPIRED":null},{"NIM":"181402097","PRODI":"1011","TGL_REGISTRASI":"2018-07-27","KATEGORI":"S-1","NAMA":"LELY ANJALI SIMARMATA","TGL_LAHIR":"2000-05-24","JENIS_KELAMIN":"P","ALAMAT":"jalan Trikora II Gg.Bersama no.30 MEDAN","EMAIL":"lely.simarmata24@gmail.com","TELP":"081262046466","EXPIRED":null},{"NIM":"181402098","PRODI":"1011","TGL_REGISTRASI":"2018-07-31","KATEGORI":"S-1","NAMA":"MUHAMMAD ANGGORO KERIS BIMANTORO","TGL_LAHIR":"2001-01-23","JENIS_KELAMIN":"L","ALAMAT":"Komplek TNI-AU Polonia Jln. Elang 3 No. B5","EMAIL":"Mochbima225@gmail.com","TELP":"082294172180","EXPIRED":null},{"NIM":"181402099","PRODI":"1011","TGL_REGISTRASI":"2018-08-06","KATEGORI":"S-1","NAMA":"RASYID HAFIZ","TGL_LAHIR":"2001-02-10","JENIS_KELAMIN":"L","ALAMAT":"Jl.Tanjung Pura, Pasar I (satu) securai utara","EMAIL":"holysyid@gmail.com","TELP":"082167815980","EXPIRED":null},{"NIM":"181402100","PRODI":"1011","TGL_REGISTRASI":"2018-08-06","KATEGORI":"S-1","NAMA":"HARI DARMAWAN","TGL_LAHIR":"2001-02-09","JENIS_KELAMIN":"L","ALAMAT":"JL.H.Ulakma sinaga perum graha harmoni","EMAIL":"hdarmawan472@gmail.com","TELP":"08116269900","EXPIRED":null},{"NIM":"181402101","PRODI":"1011","TGL_REGISTRASI":"2018-08-06","KATEGORI":"S-1","NAMA":"KEVIN PATRICK LEE","TGL_LAHIR":"2001-02-12","JENIS_KELAMIN":"L","ALAMAT":"Komplek Cemara Hijau Blok O Nomor 19","EMAIL":"kevin.patrick.lee.1@gmail.com","TELP":"081241042889","EXPIRED":null},{"NIM":"181402102","PRODI":"1011","TGL_REGISTRASI":"2018-08-06","KATEGORI":"S-1","NAMA":"MUHAMMAD KHAFFI IRWAN","TGL_LAHIR":"2000-09-16","JENIS_KELAMIN":"L","ALAMAT":"Padang Bulan pasar 7 gang kantil 23 Medan","EMAIL":"mkhaffi16@gmail.com","TELP":"082283004160","EXPIRED":null},{"NIM":"181402103","PRODI":"1011","TGL_REGISTRASI":"2018-08-06","KATEGORI":"S-1","NAMA":"ARI PRIMA PANDIANGAN","TGL_LAHIR":"2001-01-04","JENIS_KELAMIN":"L","ALAMAT":"Jl. Sisingamangaraja No.92, Pasar Baru, Simpang Dua, P.Siantar","EMAIL":"ariprimapandiangan@gmail.com","TELP":"082361523904","EXPIRED":null},{"NIM":"181402104","PRODI":"1011","TGL_REGISTRASI":"2018-08-06","KATEGORI":"S-1","NAMA":"SINTYA VERONICA ROTUA MUNTHE","TGL_LAHIR":"2000-06-24","JENIS_KELAMIN":"P","ALAMAT":"Harapan Baru Regency blok B5 no.18 ","EMAIL":"sintyaveronica@gmail.com","TELP":"0214801371","EXPIRED":null},{"NIM":"181402105","PRODI":"1011","TGL_REGISTRASI":"2018-08-06","KATEGORI":"S-1","NAMA":"DIMAS NUGRAHA","TGL_LAHIR":"1999-10-25","JENIS_KELAMIN":"L","ALAMAT":"JL.Utama Gg.melati II No I A MEDAN","EMAIL":"dimasnugraha2510@gmail.com","TELP":"082165559995","EXPIRED":null},{"NIM":"181402106","PRODI":"1011","TGL_REGISTRASI":"2018-08-06","KATEGORI":"S-1","NAMA":"HANDIKA RIYANDAR","TGL_LAHIR":"2001-01-10","JENIS_KELAMIN":"L","ALAMAT":"rimo,jln cut meutia ,kec.gunung meriah ,kab.aceh singkil","EMAIL":"hriyandar@gmail.com","TELP":"082236060325","EXPIRED":null},{"NIM":"181402107","PRODI":"1011","TGL_REGISTRASI":"2018-08-06","KATEGORI":"S-1","NAMA":"HABIB GHAZALI SIBARANI","TGL_LAHIR":"2000-04-25","JENIS_KELAMIN":"L","ALAMAT":"JL.Letjend Jamin Ginting no.271 ","EMAIL":"habibghazali9@gmail.com","TELP":"0618222441","EXPIRED":null},{"NIM":"181402108","PRODI":"1011","TGL_REGISTRASI":"2018-08-06","KATEGORI":"S-1","NAMA":"SASDINDAH MANURUNG","TGL_LAHIR":"2001-10-03","JENIS_KELAMIN":"P","ALAMAT":"jln.Anggrek, sei kamah baru","EMAIL":"sasdinda2@gmail.com","TELP":"085361547962","EXPIRED":null},{"NIM":"181402109","PRODI":"1011","TGL_REGISTRASI":"2018-08-06","KATEGORI":"S-1","NAMA":"JESSICA DORINDA SIMANJUNTAK","TGL_LAHIR":"2000-02-01","JENIS_KELAMIN":"P","ALAMAT":"Jalan Bunga Raya, Komplek Griya Asam Kumbang A\/1 MEDAN","EMAIL":"jessicadorinda@yahoo.co.id","TELP":"087851759995","EXPIRED":null},{"NIM":"181402110","PRODI":"1011","TGL_REGISTRASI":"2018-08-06","KATEGORI":"S-1","NAMA":"MUHAMMAD ZAID MUKSHIT","TGL_LAHIR":"2000-12-25","JENIS_KELAMIN":"L","ALAMAT":"JL PINTU AIR IV GG TERNAK NO 5 B LK XVI MEDAN","EMAIL":"zaidmukshit@gmail.com","TELP":"085270160200","EXPIRED":null},{"NIM":"181402111","PRODI":"1011","TGL_REGISTRASI":"2018-08-06","KATEGORI":"S-1","NAMA":"REGINA THEONI BR PAKPAHAN","TGL_LAHIR":"2000-05-15","JENIS_KELAMIN":"P","ALAMAT":"Jalan Kenanga Raya no:36 Tanjung Sari ","EMAIL":"reginatheoni15@gmai.com","TELP":"085276159989","EXPIRED":null},{"NIM":"181402112","PRODI":"1011","TGL_REGISTRASI":"2018-08-06","KATEGORI":"S-1","NAMA":"YOHANDRIE FELIX PURBA","TGL_LAHIR":"2000-08-22","JENIS_KELAMIN":"L","ALAMAT":"Jalan Soekarno Hatta Gg. Hasibuan No. 174 B Lk. II","EMAIL":"yohandriefelixpurba@gmail.com","TELP":"081265726702","EXPIRED":null},{"NIM":"181402113","PRODI":"1011","TGL_REGISTRASI":"2018-08-06","KATEGORI":"S-1","NAMA":"YEDIJA PRATAMA SIPAYUNG","TGL_LAHIR":"2000-12-04","JENIS_KELAMIN":"L","ALAMAT":"Jln.Arjuna No.57 RT.002 RW.008 kel.Labuh Baru Timur Kec.Payung Sekaki","EMAIL":"Dijapratama4@gmail.com","TELP":"08126394950","EXPIRED":null},{"NIM":"181402114","PRODI":"1011","TGL_REGISTRASI":"2018-08-06","KATEGORI":"S-1","NAMA":"JESSICA RAMEYLIN GULTOM","TGL_LAHIR":"2001-05-09","JENIS_KELAMIN":"P","ALAMAT":"SARIMATONDANG","EMAIL":"jessicargultom09@gmail.com","TELP":"082273895752","EXPIRED":null},{"NIM":"181402115","PRODI":"1011","TGL_REGISTRASI":"2018-08-06","KATEGORI":"S-1","NAMA":"FELIX GLENALDI HUTAHAEAN","TGL_LAHIR":"2000-11-08","JENIS_KELAMIN":"L","ALAMAT":"Jl. Bawang 5 N0.11 Perumnas Simalingkar Medan","EMAIL":"hutahaean777@gmail.com","TELP":"082231028329","EXPIRED":null},{"NIM":"181402116","PRODI":"1011","TGL_REGISTRASI":"2018-08-06","KATEGORI":"S-1","NAMA":"MUHAMMAD RAIHANSYAH LUBIS","TGL_LAHIR":"2000-03-03","JENIS_KELAMIN":"L","ALAMAT":"JL. CEMPAKA IV NO. 8A KOMPLEK PEMDA TK 1 TANJUNG SARI MEDAN","EMAIL":"mraihansyahlubis@gmail.com","TELP":"08116570305","EXPIRED":null},{"NIM":"181402117","PRODI":"1011","TGL_REGISTRASI":"2018-08-06","KATEGORI":"S-1","NAMA":"FIKRI FADHLILLAH","TGL_LAHIR":"2000-12-18","JENIS_KELAMIN":"L","ALAMAT":"Jalan Karya Jaya Gang Eka Budi No.9 Medan Johor","EMAIL":"fikriacel18@gmail.com","TELP":"081360986028","EXPIRED":null},{"NIM":"181402118","PRODI":"1011","TGL_REGISTRASI":"2018-08-06","KATEGORI":"S-1","NAMA":"YEHEZKIEL EDININTA SIMANJUNTAK","TGL_LAHIR":"2000-01-05","JENIS_KELAMIN":"L","ALAMAT":"KOMP. PT RAPP, CM 162, Town Site 1, Pangkalan Kerinci","EMAIL":"yehezkielsimanjuntak6@gmail.com","TELP":"082284476003","EXPIRED":null},{"NIM":"181402119","PRODI":"1011","TGL_REGISTRASI":"2018-08-07","KATEGORI":"S-1","NAMA":"BOY CHARTO PARLINDUNGAN SIHOMBING","TGL_LAHIR":"1999-11-19","JENIS_KELAMIN":"L","ALAMAT":"JL.LETJEN JAMIN GINTING KM9,5 NO.6","EMAIL":"boycharto312@gmail.com","TELP":"42779826","EXPIRED":null},{"NIM":"181402120","PRODI":"1011","TGL_REGISTRASI":"2018-08-07","KATEGORI":"S-1","NAMA":"VANIA CHASIMIRA SIHOTANG","TGL_LAHIR":"2000-05-20","JENIS_KELAMIN":"P","ALAMAT":"Jln Merbau DM 9B Komplek PT RAPP Town Site 1 Pangkalan kerinci Kab. Pelalawan","EMAIL":"vaniachasimira20@gmail.com","TELP":"081364554908","EXPIRED":null},{"NIM":"181402121","PRODI":"1011","TGL_REGISTRASI":"2018-08-07","KATEGORI":"S-1","NAMA":"ALVINO VIANDO PUTRA","TGL_LAHIR":"2000-09-27","JENIS_KELAMIN":"L","ALAMAT":"Komp. Villa Malina Jl. Permata Nusa No.2 Kelurahan Tanjung Sari Kecamatan Medan Selayang ","EMAIL":"alvino_20@yahoo.co.id","TELP":"082165926988","EXPIRED":null},{"NIM":"181402122","PRODI":"1011","TGL_REGISTRASI":"2018-08-07","KATEGORI":"S-1","NAMA":"SONIA RAI","TGL_LAHIR":"1999-01-31","JENIS_KELAMIN":"P","ALAMAT":"Dusun VIII Jl.Bambu Timur Deli Serdang, no:3 Helvetia","EMAIL":"rai.sonia87@gmail.com","TELP":"081397991575","EXPIRED":null},{"NIM":"181402123","PRODI":"1011","TGL_REGISTRASI":"2018-08-07","KATEGORI":"S-1","NAMA":"VANYA WIDYA MEIFARIZKA S","TGL_LAHIR":"2000-05-18","JENIS_KELAMIN":"P","ALAMAT":"LOHSARI JLN. ARJUNA","EMAIL":"vanyarizka@gmail.com","TELP":"082277039297","EXPIRED":null},{"NIM":"181402124","PRODI":"1011","TGL_REGISTRASI":"2018-08-07","KATEGORI":"S-1","NAMA":"RINI ROYANTI MARBUN","TGL_LAHIR":"1999-08-23","JENIS_KELAMIN":"P","ALAMAT":"Komp.Tanah Lapang Lorong III","EMAIL":"rroyantimarbun@gmail.com","TELP":"082252981371","EXPIRED":null},{"NIM":"181402125","PRODI":"1011","TGL_REGISTRASI":"2018-08-07","KATEGORI":"S-1","NAMA":"NAOMI HUTAURUK","TGL_LAHIR":"2000-01-08","JENIS_KELAMIN":"P","ALAMAT":"Jalan Sibolga-Barus km 30\nKelurahan Pargarutan\nKecamatan sorkam","EMAIL":"naomihutauruk08@gmail.com","TELP":"082363168528","EXPIRED":null},{"NIM":"181402126","PRODI":"1011","TGL_REGISTRASI":"2018-08-07","KATEGORI":"S-1","NAMA":"WILLI NARDO","TGL_LAHIR":"1999-03-22","JENIS_KELAMIN":"L","ALAMAT":"Jalan H. M. Said. Sigambal","EMAIL":"willinardo@gmail.com","TELP":"085277056878","EXPIRED":null},{"NIM":"181402127","PRODI":"1011","TGL_REGISTRASI":"2018-08-07","KATEGORI":"S-1","NAMA":"WIKEL BIMA LEONARDO","TGL_LAHIR":"2000-08-13","JENIS_KELAMIN":"L","ALAMAT":"DUSUN III DESA. BANDAR BARU, KEC. SIBOLANGIT, KAB. DELI SERDANG","EMAIL":"wikelbimaleonardo@gmail.com","TELP":"083179746600","EXPIRED":null},{"NIM":"181402128","PRODI":"1011","TGL_REGISTRASI":"2018-08-07","KATEGORI":"S-1","NAMA":"ANGGITRI SIHOMBING","TGL_LAHIR":"2001-03-03","JENIS_KELAMIN":"P","ALAMAT":"Kisaran, sentang jalan langsat","EMAIL":"anggitrisihombing@gmail.com","TELP":"082370252763","EXPIRED":null},{"NIM":"181402129","PRODI":"1011","TGL_REGISTRASI":"2018-08-07","KATEGORI":"S-1","NAMA":"THEO IFANKA SEBAYANG","TGL_LAHIR":"2000-01-24","JENIS_KELAMIN":"L","ALAMAT":"Jln.Jamin Ginting \nGg.Persada Indah","EMAIL":"teoipanka@gmail.com","TELP":"081377350718","EXPIRED":null},{"NIM":"181402130","PRODI":"1011","TGL_REGISTRASI":"2018-08-07","KATEGORI":"S-1","NAMA":"LUKAS ARMANDO SIANTURI","TGL_LAHIR":"2001-07-30","JENIS_KELAMIN":"L","ALAMAT":"Jl.sisingamangaraja,kecamatan siantar sitalasari,kelurahan bukit sofa,RT\/RW 001","EMAIL":"sianturlukasar@gmail.com","TELP":"082165590351","EXPIRED":null},{"NIM":"181402131","PRODI":"1011","TGL_REGISTRASI":"2018-08-07","KATEGORI":"S-1","NAMA":"JESSICA WONG","TGL_LAHIR":"2000-06-13","JENIS_KELAMIN":"P","ALAMAT":"Jalan Merdeka Nomor 185, Pasar, Tapaktuan","EMAIL":"wongjessica124@gmail.com","TELP":"085260887777","EXPIRED":null},{"NIM":"181402132","PRODI":"1011","TGL_REGISTRASI":"2018-08-07","KATEGORI":"S-1","NAMA":"ALFARO BINOTOTAMA TAMBUNAN","TGL_LAHIR":"2000-02-29","JENIS_KELAMIN":"L","ALAMAT":"Jl.Air bersih ujung no.241B","EMAIL":"Alfaro12Tama@gmail.com","TELP":"081362889356","EXPIRED":null},{"NIM":"181402133","PRODI":"1011","TGL_REGISTRASI":"2018-08-07","KATEGORI":"S-1","NAMA":"JESSICA ELIZABETH REKSORAHARJO","TGL_LAHIR":"2000-09-15","JENIS_KELAMIN":"P","ALAMAT":"Jl. Air Bersih Gg. Tenggiri No. 06 Dumai","EMAIL":"jessicaelizabeth545@yahoo.com","TELP":"082173136667","EXPIRED":null},{"NIM":"181402134","PRODI":"1011","TGL_REGISTRASI":"2018-08-07","KATEGORI":"S-1","NAMA":"MUHAMMAD ALIEF RIZKI AKBAR NUARI","TGL_LAHIR":"2000-12-14","JENIS_KELAMIN":"L","ALAMAT":"Dusun 14 lorong Abioso Desa Saentis kec percut sei tuan","EMAIL":"supermanitukuat@gmail.com","TELP":"081269747195","EXPIRED":null},{"NIM":"181402135","PRODI":"1011","TGL_REGISTRASI":"2018-08-07","KATEGORI":"S-1","NAMA":"KRISTINA RONALITA NAINGGOLAN","TGL_LAHIR":"2000-11-05","JENIS_KELAMIN":"P","ALAMAT":"TANDANG BUHIT","EMAIL":"kristinanainggolan2000@gmail.com","TELP":"082161291258","EXPIRED":null},{"NIM":"181402136","PRODI":"1011","TGL_REGISTRASI":"2018-08-07","KATEGORI":"S-1","NAMA":"RAYMOND SARAGIH","TGL_LAHIR":"2000-05-11","JENIS_KELAMIN":"L","ALAMAT":"JL.BUNGA MAWAR XIII NO.3F,PASAR 5 PADANG BULAN, MEDAN","EMAIL":"raymondsaragih560@gmail.com","TELP":"081262929762","EXPIRED":null},{"NIM":"181402137","PRODI":"1011","TGL_REGISTRASI":"2018-08-07","KATEGORI":"S-1","NAMA":"EKA PRIMA GINTING","TGL_LAHIR":"2000-09-09","JENIS_KELAMIN":"L","ALAMAT":"Jln. Sudirman No.32 Kabanjahe Kab.Karo","EMAIL":"primaginting00@gmail.com","TELP":"082166570561","EXPIRED":null},{"NIM":"181402138","PRODI":"1011","TGL_REGISTRASI":"2018-08-08","KATEGORI":"S-1","NAMA":"TENGKU ZALFA QADRIYYA MUNADHILA","TGL_LAHIR":"2000-09-29","JENIS_KELAMIN":"P","ALAMAT":"Jalan Suka Ramai No.11","EMAIL":"tengkudhila11@gmail.com","TELP":"0818945995","EXPIRED":null},{"NIM":"181402139","PRODI":"1011","TGL_REGISTRASI":"2018-08-08","KATEGORI":"S-1","NAMA":"AGNES TIURMA MANURUNG","TGL_LAHIR":"2000-08-24","JENIS_KELAMIN":"P","ALAMAT":"Jl.Mistar Gg.Gitar no.5","EMAIL":"agnestmanurung@gmail.com","TELP":"0","EXPIRED":null},{"NIM":"181402140","PRODI":"1011","TGL_REGISTRASI":"2018-08-08","KATEGORI":"S-1","NAMA":"PATRISIA TAMBUNAN","TGL_LAHIR":"2000-06-28","JENIS_KELAMIN":"P","ALAMAT":"Siboras Dusun II, Kecamatan Silima Punggapungga ","EMAIL":"patrisiatambunan28@gmail.com","TELP":"082165034063","EXPIRED":null},{"NIM":"181402141","PRODI":"1011","TGL_REGISTRASI":"2018-08-08","KATEGORI":"S-1","NAMA":"RIZKI AKBAR GULO","TGL_LAHIR":"2000-07-21","JENIS_KELAMIN":"L","ALAMAT":"JL.TIRTA NO 16, KAB.NIAS, KOTA GUNUNGSITOLI","EMAIL":"risky210620@gmail.com","TELP":"082169246236","EXPIRED":null},{"NIM":"181402142","PRODI":"1011","TGL_REGISTRASI":"2018-08-08","KATEGORI":"S-1","NAMA":"NABILA RIZKA","TGL_LAHIR":"2000-01-22","JENIS_KELAMIN":"P","ALAMAT":"Jl.Rel Kereta Api Dusun A Batuphat Timur Muara Satu Lhokseumawe","EMAIL":"nabilarizka_22@yahoo.com","TELP":"081262763475","EXPIRED":null},{"NIM":"181402143","PRODI":"1011","TGL_REGISTRASI":"2018-08-08","KATEGORI":"S-1","NAMA":"AMELYA BATUBARA","TGL_LAHIR":"2000-05-31","JENIS_KELAMIN":"P","ALAMAT":"Jl. Melati Pamatang Simalungun","EMAIL":"ameliabatubara2016@gmail.com","TELP":"085262499969","EXPIRED":null},{"NIM":"181402144","PRODI":"1011","TGL_REGISTRASI":"2018-08-08","KATEGORI":"S-1","NAMA":"ARJUNAN IMMANUEL SINAMO","TGL_LAHIR":"1999-10-30","JENIS_KELAMIN":"L","ALAMAT":"Barisan Salak, Desa Salak II, Kec. Salak, Kab. Pakpak Bharat, Sumatera Utara","EMAIL":"arjunan.sii77@gmail.com","TELP":"082367793315","EXPIRED":null},{"NIM":"181402145","PRODI":"1011","TGL_REGISTRASI":"2018-08-08","KATEGORI":"S-1","NAMA":"CHRISTANTA ARDANA GINTING","TGL_LAHIR":"2000-12-22","JENIS_KELAMIN":"L","ALAMAT":"Jln.Pintu Air IV gg.Ternak No.04 Simalingkar , Kwala Bekala, Medan Johor","EMAIL":"ardanaginting123@gmail.com","TELP":"082277591779","EXPIRED":null}]